SearchID,CityID,CategoryID,PriorityTier,Location,Category,SearchQuery,State,Country
MH-01-01-0001,1,1,1,Ahilyanagar,Agricultural Machinery Exporters List,Agricultural Machinery Exporters List in Ahilyanagar Maharashtra India,Maharashtra,India
MH-01-02-0002,1,2,1,Ahilyanagar,Agricultural Equipment Manufacturers List,Agricultural Equipment Manufacturers List in Ahilyanagar Maharashtra India,Maharashtra,India
MH-01-03-0003,1,3,2,Ahilyanagar,Farm Equipment Dealers Directory,Farm Equipment Dealers Directory in Ahilyanagar Maharashtra India,Maharashtra,India
MH-01-04-0004,1,4,1,Ahilyanagar,Agricultural Machinery Importer Database,Agricultural Machinery Importer Database in Ahilyanagar Maharashtra India,Maharashtra,India
MH-01-05-0005,1,5,1,Ahilyanagar,Agricultural Equipment Buyer List,Agricultural Equipment Buyer List in Ahilyanagar Maharashtra India,Maharashtra,India
MH-01-06-0006,1,6,2,Ahilyanagar,Authorized Tractor Dealer,Authorized Tractor Dealer in Ahilyanagar Maharashtra India,Maharashtra,India
MH-01-07-0007,1,7,1,Ahilyanagar,Farm Machinery Exporter India,Farm Machinery Exporter India in Ahilyanagar Maharashtra India,Maharashtra,India
MH-01-08-0008,1,8,1,Ahilyanagar,Agricultural Machinery Import Export Company,Agricultural Machinery Import Export Company in Ahilyanagar Maharashtra India,Maharashtra,India
MH-01-09-0009,1,9,2,Ahilyanagar,Agricultural Equipment Tender Supplier,Agricultural Equipment Tender Supplier in Ahilyanagar Maharashtra India,Maharashtra,India
MH-01-10-0010,1,10,1,Ahilyanagar,Oem Agricultural Machinery Manufacturer,Oem Agricultural Machinery Manufacturer in Ahilyanagar Maharashtra India,Maharashtra,India
MH-01-11-0011,1,11,2,Ahilyanagar,Agricultural Machinery Distributor Near Me,Agricultural Machinery Distributor Near Me in Ahilyanagar Maharashtra India,Maharashtra,India
MH-01-12-0012,1,12,2,Ahilyanagar,Agricultural Equipment Wholesale Distributor,Agricultural Equipment Wholesale Distributor in Ahilyanagar Maharashtra India,Maharashtra,India
MH-01-13-0013,1,13,2,Ahilyanagar,Bulk Agricultural Machinery Supplier,Bulk Agricultural Machinery Supplier in Ahilyanagar Maharashtra India,Maharashtra,India
MH-01-14-0014,1,14,3,Ahilyanagar,Agricultural Machinery Marketplace,Agricultural Machinery Marketplace in Ahilyanagar Maharashtra India,Maharashtra,India
MH-01-15-0015,1,15,1,Ahilyanagar,Agricultural Machinery Procurement Company,Agricultural Machinery Procurement Company in Ahilyanagar Maharashtra India,Maharashtra,India
MH-01-16-0016,1,16,1,Ahilyanagar,Agricultural Equipment Sourcing Company,Agricultural Equipment Sourcing Company in Ahilyanagar Maharashtra India,Maharashtra,India
MH-01-17-0017,1,17,2,Ahilyanagar,Farm Machinery Wholesalers,Farm Machinery Wholesalers in Ahilyanagar Maharashtra India,Maharashtra,India
MH-01-18-0018,1,18,2,Ahilyanagar,Agricultural Machinery Supplier,Agricultural Machinery Supplier in Ahilyanagar Maharashtra India,Maharashtra,India
MH-01-19-0019,1,19,2,Ahilyanagar,Agricultural Machinery Distributor,Agricultural Machinery Distributor in Ahilyanagar Maharashtra India,Maharashtra,India
MH-01-20-0020,1,20,2,Ahilyanagar,Agricultural Machinery Dealer,Agricultural Machinery Dealer in Ahilyanagar Maharashtra India,Maharashtra,India
MH-01-21-0021,1,21,1,Ahilyanagar,Agricultural Equipment Exporter,Agricultural Equipment Exporter in Ahilyanagar Maharashtra India,Maharashtra,India
MH-01-22-0022,1,22,2,Ahilyanagar,Agricultural Machinery Wholesaler,Agricultural Machinery Wholesaler in Ahilyanagar Maharashtra India,Maharashtra,India
MH-01-23-0023,1,23,2,Ahilyanagar,Agricultural Machinery Trader,Agricultural Machinery Trader in Ahilyanagar Maharashtra India,Maharashtra,India
MH-01-24-0024,1,24,1,Ahilyanagar,Agricultural Machinery Manufacturer,Agricultural Machinery Manufacturer in Ahilyanagar Maharashtra India,Maharashtra,India
MH-01-25-0025,1,25,1,Ahilyanagar,Agricultural Equipment Procurement,Agricultural Equipment Procurement in Ahilyanagar Maharashtra India,Maharashtra,India
MH-01-26-0026,1,26,1,Ahilyanagar,Agricultural Machinery Importers,Agricultural Machinery Importers in Ahilyanagar Maharashtra India,Maharashtra,India
MH-02-01-0027,2,1,1,Shirdi,Agricultural Machinery Exporters List,Agricultural Machinery Exporters List in Shirdi Maharashtra India,Maharashtra,India
MH-02-02-0028,2,2,1,Shirdi,Agricultural Equipment Manufacturers List,Agricultural Equipment Manufacturers List in Shirdi Maharashtra India,Maharashtra,India
MH-02-03-0029,2,3,2,Shirdi,Farm Equipment Dealers Directory,Farm Equipment Dealers Directory in Shirdi Maharashtra India,Maharashtra,India
MH-02-04-0030,2,4,1,Shirdi,Agricultural Machinery Importer Database,Agricultural Machinery Importer Database in Shirdi Maharashtra India,Maharashtra,India
MH-02-05-0031,2,5,1,Shirdi,Agricultural Equipment Buyer List,Agricultural Equipment Buyer List in Shirdi Maharashtra India,Maharashtra,India
MH-02-06-0032,2,6,2,Shirdi,Authorized Tractor Dealer,Authorized Tractor Dealer in Shirdi Maharashtra India,Maharashtra,India
MH-02-07-0033,2,7,1,Shirdi,Farm Machinery Exporter India,Farm Machinery Exporter India in Shirdi Maharashtra India,Maharashtra,India
MH-02-08-0034,2,8,1,Shirdi,Agricultural Machinery Import Export Company,Agricultural Machinery Import Export Company in Shirdi Maharashtra India,Maharashtra,India
MH-02-09-0035,2,9,2,Shirdi,Agricultural Equipment Tender Supplier,Agricultural Equipment Tender Supplier in Shirdi Maharashtra India,Maharashtra,India
MH-02-10-0036,2,10,1,Shirdi,Oem Agricultural Machinery Manufacturer,Oem Agricultural Machinery Manufacturer in Shirdi Maharashtra India,Maharashtra,India
MH-02-11-0037,2,11,2,Shirdi,Agricultural Machinery Distributor Near Me,Agricultural Machinery Distributor Near Me in Shirdi Maharashtra India,Maharashtra,India
MH-02-12-0038,2,12,2,Shirdi,Agricultural Equipment Wholesale Distributor,Agricultural Equipment Wholesale Distributor in Shirdi Maharashtra India,Maharashtra,India
MH-02-13-0039,2,13,2,Shirdi,Bulk Agricultural Machinery Supplier,Bulk Agricultural Machinery Supplier in Shirdi Maharashtra India,Maharashtra,India
MH-02-14-0040,2,14,3,Shirdi,Agricultural Machinery Marketplace,Agricultural Machinery Marketplace in Shirdi Maharashtra India,Maharashtra,India
MH-02-15-0041,2,15,1,Shirdi,Agricultural Machinery Procurement Company,Agricultural Machinery Procurement Company in Shirdi Maharashtra India,Maharashtra,India
MH-02-16-0042,2,16,1,Shirdi,Agricultural Equipment Sourcing Company,Agricultural Equipment Sourcing Company in Shirdi Maharashtra India,Maharashtra,India
MH-02-17-0043,2,17,2,Shirdi,Farm Machinery Wholesalers,Farm Machinery Wholesalers in Shirdi Maharashtra India,Maharashtra,India
MH-02-18-0044,2,18,2,Shirdi,Agricultural Machinery Supplier,Agricultural Machinery Supplier in Shirdi Maharashtra India,Maharashtra,India
MH-02-19-0045,2,19,2,Shirdi,Agricultural Machinery Distributor,Agricultural Machinery Distributor in Shirdi Maharashtra India,Maharashtra,India
MH-02-20-0046,2,20,2,Shirdi,Agricultural Machinery Dealer,Agricultural Machinery Dealer in Shirdi Maharashtra India,Maharashtra,India
MH-02-21-0047,2,21,1,Shirdi,Agricultural Equipment Exporter,Agricultural Equipment Exporter in Shirdi Maharashtra India,Maharashtra,India
MH-02-22-0048,2,22,2,Shirdi,Agricultural Machinery Wholesaler,Agricultural Machinery Wholesaler in Shirdi Maharashtra India,Maharashtra,India
MH-02-23-0049,2,23,2,Shirdi,Agricultural Machinery Trader,Agricultural Machinery Trader in Shirdi Maharashtra India,Maharashtra,India
MH-02-24-0050,2,24,1,Shirdi,Agricultural Machinery Manufacturer,Agricultural Machinery Manufacturer in Shirdi Maharashtra India,Maharashtra,India
MH-02-25-0051,2,25,1,Shirdi,Agricultural Equipment Procurement,Agricultural Equipment Procurement in Shirdi Maharashtra India,Maharashtra,India
MH-02-26-0052,2,26,1,Shirdi,Agricultural Machinery Importers,Agricultural Machinery Importers in Shirdi Maharashtra India,Maharashtra,India
MH-03-01-0053,3,1,1,Sangamner,Agricultural Machinery Exporters List,Agricultural Machinery Exporters List in Sangamner Maharashtra India,Maharashtra,India
MH-03-02-0054,3,2,1,Sangamner,Agricultural Equipment Manufacturers List,Agricultural Equipment Manufacturers List in Sangamner Maharashtra India,Maharashtra,India
MH-03-03-0055,3,3,2,Sangamner,Farm Equipment Dealers Directory,Farm Equipment Dealers Directory in Sangamner Maharashtra India,Maharashtra,India
MH-03-04-0056,3,4,1,Sangamner,Agricultural Machinery Importer Database,Agricultural Machinery Importer Database in Sangamner Maharashtra India,Maharashtra,India
MH-03-05-0057,3,5,1,Sangamner,Agricultural Equipment Buyer List,Agricultural Equipment Buyer List in Sangamner Maharashtra India,Maharashtra,India
MH-03-06-0058,3,6,2,Sangamner,Authorized Tractor Dealer,Authorized Tractor Dealer in Sangamner Maharashtra India,Maharashtra,India
MH-03-07-0059,3,7,1,Sangamner,Farm Machinery Exporter India,Farm Machinery Exporter India in Sangamner Maharashtra India,Maharashtra,India
MH-03-08-0060,3,8,1,Sangamner,Agricultural Machinery Import Export Company,Agricultural Machinery Import Export Company in Sangamner Maharashtra India,Maharashtra,India
MH-03-09-0061,3,9,2,Sangamner,Agricultural Equipment Tender Supplier,Agricultural Equipment Tender Supplier in Sangamner Maharashtra India,Maharashtra,India
MH-03-10-0062,3,10,1,Sangamner,Oem Agricultural Machinery Manufacturer,Oem Agricultural Machinery Manufacturer in Sangamner Maharashtra India,Maharashtra,India
MH-03-11-0063,3,11,2,Sangamner,Agricultural Machinery Distributor Near Me,Agricultural Machinery Distributor Near Me in Sangamner Maharashtra India,Maharashtra,India
MH-03-12-0064,3,12,2,Sangamner,Agricultural Equipment Wholesale Distributor,Agricultural Equipment Wholesale Distributor in Sangamner Maharashtra India,Maharashtra,India
MH-03-13-0065,3,13,2,Sangamner,Bulk Agricultural Machinery Supplier,Bulk Agricultural Machinery Supplier in Sangamner Maharashtra India,Maharashtra,India
MH-03-14-0066,3,14,3,Sangamner,Agricultural Machinery Marketplace,Agricultural Machinery Marketplace in Sangamner Maharashtra India,Maharashtra,India
MH-03-15-0067,3,15,1,Sangamner,Agricultural Machinery Procurement Company,Agricultural Machinery Procurement Company in Sangamner Maharashtra India,Maharashtra,India
MH-03-16-0068,3,16,1,Sangamner,Agricultural Equipment Sourcing Company,Agricultural Equipment Sourcing Company in Sangamner Maharashtra India,Maharashtra,India
MH-03-17-0069,3,17,2,Sangamner,Farm Machinery Wholesalers,Farm Machinery Wholesalers in Sangamner Maharashtra India,Maharashtra,India
MH-03-18-0070,3,18,2,Sangamner,Agricultural Machinery Supplier,Agricultural Machinery Supplier in Sangamner Maharashtra India,Maharashtra,India
MH-03-19-0071,3,19,2,Sangamner,Agricultural Machinery Distributor,Agricultural Machinery Distributor in Sangamner Maharashtra India,Maharashtra,India
MH-03-20-0072,3,20,2,Sangamner,Agricultural Machinery Dealer,Agricultural Machinery Dealer in Sangamner Maharashtra India,Maharashtra,India
MH-03-21-0073,3,21,1,Sangamner,Agricultural Equipment Exporter,Agricultural Equipment Exporter in Sangamner Maharashtra India,Maharashtra,India
MH-03-22-0074,3,22,2,Sangamner,Agricultural Machinery Wholesaler,Agricultural Machinery Wholesaler in Sangamner Maharashtra India,Maharashtra,India
MH-03-23-0075,3,23,2,Sangamner,Agricultural Machinery Trader,Agricultural Machinery Trader in Sangamner Maharashtra India,Maharashtra,India
MH-03-24-0076,3,24,1,Sangamner,Agricultural Machinery Manufacturer,Agricultural Machinery Manufacturer in Sangamner Maharashtra India,Maharashtra,India
MH-03-25-0077,3,25,1,Sangamner,Agricultural Equipment Procurement,Agricultural Equipment Procurement in Sangamner Maharashtra India,Maharashtra,India
MH-03-26-0078,3,26,1,Sangamner,Agricultural Machinery Importers,Agricultural Machinery Importers in Sangamner Maharashtra India,Maharashtra,India
MH-04-01-0079,4,1,1,Shrigonda,Agricultural Machinery Exporters List,Agricultural Machinery Exporters List in Shrigonda Maharashtra India,Maharashtra,India
MH-04-02-0080,4,2,1,Shrigonda,Agricultural Equipment Manufacturers List,Agricultural Equipment Manufacturers List in Shrigonda Maharashtra India,Maharashtra,India
MH-04-03-0081,4,3,2,Shrigonda,Farm Equipment Dealers Directory,Farm Equipment Dealers Directory in Shrigonda Maharashtra India,Maharashtra,India
MH-04-04-0082,4,4,1,Shrigonda,Agricultural Machinery Importer Database,Agricultural Machinery Importer Database in Shrigonda Maharashtra India,Maharashtra,India
MH-04-05-0083,4,5,1,Shrigonda,Agricultural Equipment Buyer List,Agricultural Equipment Buyer List in Shrigonda Maharashtra India,Maharashtra,India
MH-04-06-0084,4,6,2,Shrigonda,Authorized Tractor Dealer,Authorized Tractor Dealer in Shrigonda Maharashtra India,Maharashtra,India
MH-04-07-0085,4,7,1,Shrigonda,Farm Machinery Exporter India,Farm Machinery Exporter India in Shrigonda Maharashtra India,Maharashtra,India
MH-04-08-0086,4,8,1,Shrigonda,Agricultural Machinery Import Export Company,Agricultural Machinery Import Export Company in Shrigonda Maharashtra India,Maharashtra,India
MH-04-09-0087,4,9,2,Shrigonda,Agricultural Equipment Tender Supplier,Agricultural Equipment Tender Supplier in Shrigonda Maharashtra India,Maharashtra,India
MH-04-10-0088,4,10,1,Shrigonda,Oem Agricultural Machinery Manufacturer,Oem Agricultural Machinery Manufacturer in Shrigonda Maharashtra India,Maharashtra,India
MH-04-11-0089,4,11,2,Shrigonda,Agricultural Machinery Distributor Near Me,Agricultural Machinery Distributor Near Me in Shrigonda Maharashtra India,Maharashtra,India
MH-04-12-0090,4,12,2,Shrigonda,Agricultural Equipment Wholesale Distributor,Agricultural Equipment Wholesale Distributor in Shrigonda Maharashtra India,Maharashtra,India
MH-04-13-0091,4,13,2,Shrigonda,Bulk Agricultural Machinery Supplier,Bulk Agricultural Machinery Supplier in Shrigonda Maharashtra India,Maharashtra,India
MH-04-14-0092,4,14,3,Shrigonda,Agricultural Machinery Marketplace,Agricultural Machinery Marketplace in Shrigonda Maharashtra India,Maharashtra,India
MH-04-15-0093,4,15,1,Shrigonda,Agricultural Machinery Procurement Company,Agricultural Machinery Procurement Company in Shrigonda Maharashtra India,Maharashtra,India
MH-04-16-0094,4,16,1,Shrigonda,Agricultural Equipment Sourcing Company,Agricultural Equipment Sourcing Company in Shrigonda Maharashtra India,Maharashtra,India
MH-04-17-0095,4,17,2,Shrigonda,Farm Machinery Wholesalers,Farm Machinery Wholesalers in Shrigonda Maharashtra India,Maharashtra,India
MH-04-18-0096,4,18,2,Shrigonda,Agricultural Machinery Supplier,Agricultural Machinery Supplier in Shrigonda Maharashtra India,Maharashtra,India
MH-04-19-0097,4,19,2,Shrigonda,Agricultural Machinery Distributor,Agricultural Machinery Distributor in Shrigonda Maharashtra India,Maharashtra,India
MH-04-20-0098,4,20,2,Shrigonda,Agricultural Machinery Dealer,Agricultural Machinery Dealer in Shrigonda Maharashtra India,Maharashtra,India
MH-04-21-0099,4,21,1,Shrigonda,Agricultural Equipment Exporter,Agricultural Equipment Exporter in Shrigonda Maharashtra India,Maharashtra,India
MH-04-22-0100,4,22,2,Shrigonda,Agricultural Machinery Wholesaler,Agricultural Machinery Wholesaler in Shrigonda Maharashtra India,Maharashtra,India
MH-04-23-0101,4,23,2,Shrigonda,Agricultural Machinery Trader,Agricultural Machinery Trader in Shrigonda Maharashtra India,Maharashtra,India
MH-04-24-0102,4,24,1,Shrigonda,Agricultural Machinery Manufacturer,Agricultural Machinery Manufacturer in Shrigonda Maharashtra India,Maharashtra,India
MH-04-25-0103,4,25,1,Shrigonda,Agricultural Equipment Procurement,Agricultural Equipment Procurement in Shrigonda Maharashtra India,Maharashtra,India
MH-04-26-0104,4,26,1,Shrigonda,Agricultural Machinery Importers,Agricultural Machinery Importers in Shrigonda Maharashtra India,Maharashtra,India
MH-05-01-0105,5,1,1,Dhule,Agricultural Machinery Exporters List,Agricultural Machinery Exporters List in Dhule Maharashtra India,Maharashtra,India
MH-05-02-0106,5,2,1,Dhule,Agricultural Equipment Manufacturers List,Agricultural Equipment Manufacturers List in Dhule Maharashtra India,Maharashtra,India
MH-05-03-0107,5,3,2,Dhule,Farm Equipment Dealers Directory,Farm Equipment Dealers Directory in Dhule Maharashtra India,Maharashtra,India
MH-05-04-0108,5,4,1,Dhule,Agricultural Machinery Importer Database,Agricultural Machinery Importer Database in Dhule Maharashtra India,Maharashtra,India
MH-05-05-0109,5,5,1,Dhule,Agricultural Equipment Buyer List,Agricultural Equipment Buyer List in Dhule Maharashtra India,Maharashtra,India
MH-05-06-0110,5,6,2,Dhule,Authorized Tractor Dealer,Authorized Tractor Dealer in Dhule Maharashtra India,Maharashtra,India
MH-05-07-0111,5,7,1,Dhule,Farm Machinery Exporter India,Farm Machinery Exporter India in Dhule Maharashtra India,Maharashtra,India
MH-05-08-0112,5,8,1,Dhule,Agricultural Machinery Import Export Company,Agricultural Machinery Import Export Company in Dhule Maharashtra India,Maharashtra,India
MH-05-09-0113,5,9,2,Dhule,Agricultural Equipment Tender Supplier,Agricultural Equipment Tender Supplier in Dhule Maharashtra India,Maharashtra,India
MH-05-10-0114,5,10,1,Dhule,Oem Agricultural Machinery Manufacturer,Oem Agricultural Machinery Manufacturer in Dhule Maharashtra India,Maharashtra,India
MH-05-11-0115,5,11,2,Dhule,Agricultural Machinery Distributor Near Me,Agricultural Machinery Distributor Near Me in Dhule Maharashtra India,Maharashtra,India
MH-05-12-0116,5,12,2,Dhule,Agricultural Equipment Wholesale Distributor,Agricultural Equipment Wholesale Distributor in Dhule Maharashtra India,Maharashtra,India
MH-05-13-0117,5,13,2,Dhule,Bulk Agricultural Machinery Supplier,Bulk Agricultural Machinery Supplier in Dhule Maharashtra India,Maharashtra,India
MH-05-14-0118,5,14,3,Dhule,Agricultural Machinery Marketplace,Agricultural Machinery Marketplace in Dhule Maharashtra India,Maharashtra,India
MH-05-15-0119,5,15,1,Dhule,Agricultural Machinery Procurement Company,Agricultural Machinery Procurement Company in Dhule Maharashtra India,Maharashtra,India
MH-05-16-0120,5,16,1,Dhule,Agricultural Equipment Sourcing Company,Agricultural Equipment Sourcing Company in Dhule Maharashtra India,Maharashtra,India
MH-05-17-0121,5,17,2,Dhule,Farm Machinery Wholesalers,Farm Machinery Wholesalers in Dhule Maharashtra India,Maharashtra,India
MH-05-18-0122,5,18,2,Dhule,Agricultural Machinery Supplier,Agricultural Machinery Supplier in Dhule Maharashtra India,Maharashtra,India
MH-05-19-0123,5,19,2,Dhule,Agricultural Machinery Distributor,Agricultural Machinery Distributor in Dhule Maharashtra India,Maharashtra,India
MH-05-20-0124,5,20,2,Dhule,Agricultural Machinery Dealer,Agricultural Machinery Dealer in Dhule Maharashtra India,Maharashtra,India
MH-05-21-0125,5,21,1,Dhule,Agricultural Equipment Exporter,Agricultural Equipment Exporter in Dhule Maharashtra India,Maharashtra,India
MH-05-22-0126,5,22,2,Dhule,Agricultural Machinery Wholesaler,Agricultural Machinery Wholesaler in Dhule Maharashtra India,Maharashtra,India
MH-05-23-0127,5,23,2,Dhule,Agricultural Machinery Trader,Agricultural Machinery Trader in Dhule Maharashtra India,Maharashtra,India
MH-05-24-0128,5,24,1,Dhule,Agricultural Machinery Manufacturer,Agricultural Machinery Manufacturer in Dhule Maharashtra India,Maharashtra,India
MH-05-25-0129,5,25,1,Dhule,Agricultural Equipment Procurement,Agricultural Equipment Procurement in Dhule Maharashtra India,Maharashtra,India
MH-05-26-0130,5,26,1,Dhule,Agricultural Machinery Importers,Agricultural Machinery Importers in Dhule Maharashtra India,Maharashtra,India
MH-06-01-0131,6,1,1,Shirpur,Agricultural Machinery Exporters List,Agricultural Machinery Exporters List in Shirpur Maharashtra India,Maharashtra,India
MH-06-02-0132,6,2,1,Shirpur,Agricultural Equipment Manufacturers List,Agricultural Equipment Manufacturers List in Shirpur Maharashtra India,Maharashtra,India
MH-06-03-0133,6,3,2,Shirpur,Farm Equipment Dealers Directory,Farm Equipment Dealers Directory in Shirpur Maharashtra India,Maharashtra,India
MH-06-04-0134,6,4,1,Shirpur,Agricultural Machinery Importer Database,Agricultural Machinery Importer Database in Shirpur Maharashtra India,Maharashtra,India
MH-06-05-0135,6,5,1,Shirpur,Agricultural Equipment Buyer List,Agricultural Equipment Buyer List in Shirpur Maharashtra India,Maharashtra,India
MH-06-06-0136,6,6,2,Shirpur,Authorized Tractor Dealer,Authorized Tractor Dealer in Shirpur Maharashtra India,Maharashtra,India
MH-06-07-0137,6,7,1,Shirpur,Farm Machinery Exporter India,Farm Machinery Exporter India in Shirpur Maharashtra India,Maharashtra,India
MH-06-08-0138,6,8,1,Shirpur,Agricultural Machinery Import Export Company,Agricultural Machinery Import Export Company in Shirpur Maharashtra India,Maharashtra,India
MH-06-09-0139,6,9,2,Shirpur,Agricultural Equipment Tender Supplier,Agricultural Equipment Tender Supplier in Shirpur Maharashtra India,Maharashtra,India
MH-06-10-0140,6,10,1,Shirpur,Oem Agricultural Machinery Manufacturer,Oem Agricultural Machinery Manufacturer in Shirpur Maharashtra India,Maharashtra,India
MH-06-11-0141,6,11,2,Shirpur,Agricultural Machinery Distributor Near Me,Agricultural Machinery Distributor Near Me in Shirpur Maharashtra India,Maharashtra,India
MH-06-12-0142,6,12,2,Shirpur,Agricultural Equipment Wholesale Distributor,Agricultural Equipment Wholesale Distributor in Shirpur Maharashtra India,Maharashtra,India
MH-06-13-0143,6,13,2,Shirpur,Bulk Agricultural Machinery Supplier,Bulk Agricultural Machinery Supplier in Shirpur Maharashtra India,Maharashtra,India
MH-06-14-0144,6,14,3,Shirpur,Agricultural Machinery Marketplace,Agricultural Machinery Marketplace in Shirpur Maharashtra India,Maharashtra,India
MH-06-15-0145,6,15,1,Shirpur,Agricultural Machinery Procurement Company,Agricultural Machinery Procurement Company in Shirpur Maharashtra India,Maharashtra,India
MH-06-16-0146,6,16,1,Shirpur,Agricultural Equipment Sourcing Company,Agricultural Equipment Sourcing Company in Shirpur Maharashtra India,Maharashtra,India
MH-06-17-0147,6,17,2,Shirpur,Farm Machinery Wholesalers,Farm Machinery Wholesalers in Shirpur Maharashtra India,Maharashtra,India
MH-06-18-0148,6,18,2,Shirpur,Agricultural Machinery Supplier,Agricultural Machinery Supplier in Shirpur Maharashtra India,Maharashtra,India
MH-06-19-0149,6,19,2,Shirpur,Agricultural Machinery Distributor,Agricultural Machinery Distributor in Shirpur Maharashtra India,Maharashtra,India
MH-06-20-0150,6,20,2,Shirpur,Agricultural Machinery Dealer,Agricultural Machinery Dealer in Shirpur Maharashtra India,Maharashtra,India
MH-06-21-0151,6,21,1,Shirpur,Agricultural Equipment Exporter,Agricultural Equipment Exporter in Shirpur Maharashtra India,Maharashtra,India
MH-06-22-0152,6,22,2,Shirpur,Agricultural Machinery Wholesaler,Agricultural Machinery Wholesaler in Shirpur Maharashtra India,Maharashtra,India
MH-06-23-0153,6,23,2,Shirpur,Agricultural Machinery Trader,Agricultural Machinery Trader in Shirpur Maharashtra India,Maharashtra,India
MH-06-24-0154,6,24,1,Shirpur,Agricultural Machinery Manufacturer,Agricultural Machinery Manufacturer in Shirpur Maharashtra India,Maharashtra,India
MH-06-25-0155,6,25,1,Shirpur,Agricultural Equipment Procurement,Agricultural Equipment Procurement in Shirpur Maharashtra India,Maharashtra,India
MH-06-26-0156,6,26,1,Shirpur,Agricultural Machinery Importers,Agricultural Machinery Importers in Shirpur Maharashtra India,Maharashtra,India
MH-07-01-0157,7,1,1,Sakri,Agricultural Machinery Exporters List,Agricultural Machinery Exporters List in Sakri Maharashtra India,Maharashtra,India
MH-07-02-0158,7,2,1,Sakri,Agricultural Equipment Manufacturers List,Agricultural Equipment Manufacturers List in Sakri Maharashtra India,Maharashtra,India
MH-07-03-0159,7,3,2,Sakri,Farm Equipment Dealers Directory,Farm Equipment Dealers Directory in Sakri Maharashtra India,Maharashtra,India
MH-07-04-0160,7,4,1,Sakri,Agricultural Machinery Importer Database,Agricultural Machinery Importer Database in Sakri Maharashtra India,Maharashtra,India
MH-07-05-0161,7,5,1,Sakri,Agricultural Equipment Buyer List,Agricultural Equipment Buyer List in Sakri Maharashtra India,Maharashtra,India
MH-07-06-0162,7,6,2,Sakri,Authorized Tractor Dealer,Authorized Tractor Dealer in Sakri Maharashtra India,Maharashtra,India
MH-07-07-0163,7,7,1,Sakri,Farm Machinery Exporter India,Farm Machinery Exporter India in Sakri Maharashtra India,Maharashtra,India
MH-07-08-0164,7,8,1,Sakri,Agricultural Machinery Import Export Company,Agricultural Machinery Import Export Company in Sakri Maharashtra India,Maharashtra,India
MH-07-09-0165,7,9,2,Sakri,Agricultural Equipment Tender Supplier,Agricultural Equipment Tender Supplier in Sakri Maharashtra India,Maharashtra,India
MH-07-10-0166,7,10,1,Sakri,Oem Agricultural Machinery Manufacturer,Oem Agricultural Machinery Manufacturer in Sakri Maharashtra India,Maharashtra,India
MH-07-11-0167,7,11,2,Sakri,Agricultural Machinery Distributor Near Me,Agricultural Machinery Distributor Near Me in Sakri Maharashtra India,Maharashtra,India
MH-07-12-0168,7,12,2,Sakri,Agricultural Equipment Wholesale Distributor,Agricultural Equipment Wholesale Distributor in Sakri Maharashtra India,Maharashtra,India
MH-07-13-0169,7,13,2,Sakri,Bulk Agricultural Machinery Supplier,Bulk Agricultural Machinery Supplier in Sakri Maharashtra India,Maharashtra,India
MH-07-14-0170,7,14,3,Sakri,Agricultural Machinery Marketplace,Agricultural Machinery Marketplace in Sakri Maharashtra India,Maharashtra,India
MH-07-15-0171,7,15,1,Sakri,Agricultural Machinery Procurement Company,Agricultural Machinery Procurement Company in Sakri Maharashtra India,Maharashtra,India
MH-07-16-0172,7,16,1,Sakri,Agricultural Equipment Sourcing Company,Agricultural Equipment Sourcing Company in Sakri Maharashtra India,Maharashtra,India
MH-07-17-0173,7,17,2,Sakri,Farm Machinery Wholesalers,Farm Machinery Wholesalers in Sakri Maharashtra India,Maharashtra,India
MH-07-18-0174,7,18,2,Sakri,Agricultural Machinery Supplier,Agricultural Machinery Supplier in Sakri Maharashtra India,Maharashtra,India
MH-07-19-0175,7,19,2,Sakri,Agricultural Machinery Distributor,Agricultural Machinery Distributor in Sakri Maharashtra India,Maharashtra,India
MH-07-20-0176,7,20,2,Sakri,Agricultural Machinery Dealer,Agricultural Machinery Dealer in Sakri Maharashtra India,Maharashtra,India
MH-07-21-0177,7,21,1,Sakri,Agricultural Equipment Exporter,Agricultural Equipment Exporter in Sakri Maharashtra India,Maharashtra,India
MH-07-22-0178,7,22,2,Sakri,Agricultural Machinery Wholesaler,Agricultural Machinery Wholesaler in Sakri Maharashtra India,Maharashtra,India
MH-07-23-0179,7,23,2,Sakri,Agricultural Machinery Trader,Agricultural Machinery Trader in Sakri Maharashtra India,Maharashtra,India
MH-07-24-0180,7,24,1,Sakri,Agricultural Machinery Manufacturer,Agricultural Machinery Manufacturer in Sakri Maharashtra India,Maharashtra,India
MH-07-25-0181,7,25,1,Sakri,Agricultural Equipment Procurement,Agricultural Equipment Procurement in Sakri Maharashtra India,Maharashtra,India
MH-07-26-0182,7,26,1,Sakri,Agricultural Machinery Importers,Agricultural Machinery Importers in Sakri Maharashtra India,Maharashtra,India
MH-08-01-0183,8,1,1,Sindkheda,Agricultural Machinery Exporters List,Agricultural Machinery Exporters List in Sindkheda Maharashtra India,Maharashtra,India
MH-08-02-0184,8,2,1,Sindkheda,Agricultural Equipment Manufacturers List,Agricultural Equipment Manufacturers List in Sindkheda Maharashtra India,Maharashtra,India
MH-08-03-0185,8,3,2,Sindkheda,Farm Equipment Dealers Directory,Farm Equipment Dealers Directory in Sindkheda Maharashtra India,Maharashtra,India
MH-08-04-0186,8,4,1,Sindkheda,Agricultural Machinery Importer Database,Agricultural Machinery Importer Database in Sindkheda Maharashtra India,Maharashtra,India
MH-08-05-0187,8,5,1,Sindkheda,Agricultural Equipment Buyer List,Agricultural Equipment Buyer List in Sindkheda Maharashtra India,Maharashtra,India
MH-08-06-0188,8,6,2,Sindkheda,Authorized Tractor Dealer,Authorized Tractor Dealer in Sindkheda Maharashtra India,Maharashtra,India
MH-08-07-0189,8,7,1,Sindkheda,Farm Machinery Exporter India,Farm Machinery Exporter India in Sindkheda Maharashtra India,Maharashtra,India
MH-08-08-0190,8,8,1,Sindkheda,Agricultural Machinery Import Export Company,Agricultural Machinery Import Export Company in Sindkheda Maharashtra India,Maharashtra,India
MH-08-09-0191,8,9,2,Sindkheda,Agricultural Equipment Tender Supplier,Agricultural Equipment Tender Supplier in Sindkheda Maharashtra India,Maharashtra,India
MH-08-10-0192,8,10,1,Sindkheda,Oem Agricultural Machinery Manufacturer,Oem Agricultural Machinery Manufacturer in Sindkheda Maharashtra India,Maharashtra,India
MH-08-11-0193,8,11,2,Sindkheda,Agricultural Machinery Distributor Near Me,Agricultural Machinery Distributor Near Me in Sindkheda Maharashtra India,Maharashtra,India
MH-08-12-0194,8,12,2,Sindkheda,Agricultural Equipment Wholesale Distributor,Agricultural Equipment Wholesale Distributor in Sindkheda Maharashtra India,Maharashtra,India
MH-08-13-0195,8,13,2,Sindkheda,Bulk Agricultural Machinery Supplier,Bulk Agricultural Machinery Supplier in Sindkheda Maharashtra India,Maharashtra,India
MH-08-14-0196,8,14,3,Sindkheda,Agricultural Machinery Marketplace,Agricultural Machinery Marketplace in Sindkheda Maharashtra India,Maharashtra,India
MH-08-15-0197,8,15,1,Sindkheda,Agricultural Machinery Procurement Company,Agricultural Machinery Procurement Company in Sindkheda Maharashtra India,Maharashtra,India
MH-08-16-0198,8,16,1,Sindkheda,Agricultural Equipment Sourcing Company,Agricultural Equipment Sourcing Company in Sindkheda Maharashtra India,Maharashtra,India
MH-08-17-0199,8,17,2,Sindkheda,Farm Machinery Wholesalers,Farm Machinery Wholesalers in Sindkheda Maharashtra India,Maharashtra,India
MH-08-18-0200,8,18,2,Sindkheda,Agricultural Machinery Supplier,Agricultural Machinery Supplier in Sindkheda Maharashtra India,Maharashtra,India
MH-08-19-0201,8,19,2,Sindkheda,Agricultural Machinery Distributor,Agricultural Machinery Distributor in Sindkheda Maharashtra India,Maharashtra,India
MH-08-20-0202,8,20,2,Sindkheda,Agricultural Machinery Dealer,Agricultural Machinery Dealer in Sindkheda Maharashtra India,Maharashtra,India
MH-08-21-0203,8,21,1,Sindkheda,Agricultural Equipment Exporter,Agricultural Equipment Exporter in Sindkheda Maharashtra India,Maharashtra,India
MH-08-22-0204,8,22,2,Sindkheda,Agricultural Machinery Wholesaler,Agricultural Machinery Wholesaler in Sindkheda Maharashtra India,Maharashtra,India
MH-08-23-0205,8,23,2,Sindkheda,Agricultural Machinery Trader,Agricultural Machinery Trader in Sindkheda Maharashtra India,Maharashtra,India
MH-08-24-0206,8,24,1,Sindkheda,Agricultural Machinery Manufacturer,Agricultural Machinery Manufacturer in Sindkheda Maharashtra India,Maharashtra,India
MH-08-25-0207,8,25,1,Sindkheda,Agricultural Equipment Procurement,Agricultural Equipment Procurement in Sindkheda Maharashtra India,Maharashtra,India
MH-08-26-0208,8,26,1,Sindkheda,Agricultural Machinery Importers,Agricultural Machinery Importers in Sindkheda Maharashtra India,Maharashtra,India
MH-09-01-0209,9,1,1,Jalgaon,Agricultural Machinery Exporters List,Agricultural Machinery Exporters List in Jalgaon Maharashtra India,Maharashtra,India
MH-09-02-0210,9,2,1,Jalgaon,Agricultural Equipment Manufacturers List,Agricultural Equipment Manufacturers List in Jalgaon Maharashtra India,Maharashtra,India
MH-09-03-0211,9,3,2,Jalgaon,Farm Equipment Dealers Directory,Farm Equipment Dealers Directory in Jalgaon Maharashtra India,Maharashtra,India
MH-09-04-0212,9,4,1,Jalgaon,Agricultural Machinery Importer Database,Agricultural Machinery Importer Database in Jalgaon Maharashtra India,Maharashtra,India
MH-09-05-0213,9,5,1,Jalgaon,Agricultural Equipment Buyer List,Agricultural Equipment Buyer List in Jalgaon Maharashtra India,Maharashtra,India
MH-09-06-0214,9,6,2,Jalgaon,Authorized Tractor Dealer,Authorized Tractor Dealer in Jalgaon Maharashtra India,Maharashtra,India
MH-09-07-0215,9,7,1,Jalgaon,Farm Machinery Exporter India,Farm Machinery Exporter India in Jalgaon Maharashtra India,Maharashtra,India
MH-09-08-0216,9,8,1,Jalgaon,Agricultural Machinery Import Export Company,Agricultural Machinery Import Export Company in Jalgaon Maharashtra India,Maharashtra,India
MH-09-09-0217,9,9,2,Jalgaon,Agricultural Equipment Tender Supplier,Agricultural Equipment Tender Supplier in Jalgaon Maharashtra India,Maharashtra,India
MH-09-10-0218,9,10,1,Jalgaon,Oem Agricultural Machinery Manufacturer,Oem Agricultural Machinery Manufacturer in Jalgaon Maharashtra India,Maharashtra,India
MH-09-11-0219,9,11,2,Jalgaon,Agricultural Machinery Distributor Near Me,Agricultural Machinery Distributor Near Me in Jalgaon Maharashtra India,Maharashtra,India
MH-09-12-0220,9,12,2,Jalgaon,Agricultural Equipment Wholesale Distributor,Agricultural Equipment Wholesale Distributor in Jalgaon Maharashtra India,Maharashtra,India
MH-09-13-0221,9,13,2,Jalgaon,Bulk Agricultural Machinery Supplier,Bulk Agricultural Machinery Supplier in Jalgaon Maharashtra India,Maharashtra,India
MH-09-14-0222,9,14,3,Jalgaon,Agricultural Machinery Marketplace,Agricultural Machinery Marketplace in Jalgaon Maharashtra India,Maharashtra,India
MH-09-15-0223,9,15,1,Jalgaon,Agricultural Machinery Procurement Company,Agricultural Machinery Procurement Company in Jalgaon Maharashtra India,Maharashtra,India
MH-09-16-0224,9,16,1,Jalgaon,Agricultural Equipment Sourcing Company,Agricultural Equipment Sourcing Company in Jalgaon Maharashtra India,Maharashtra,India
MH-09-17-0225,9,17,2,Jalgaon,Farm Machinery Wholesalers,Farm Machinery Wholesalers in Jalgaon Maharashtra India,Maharashtra,India
MH-09-18-0226,9,18,2,Jalgaon,Agricultural Machinery Supplier,Agricultural Machinery Supplier in Jalgaon Maharashtra India,Maharashtra,India
MH-09-19-0227,9,19,2,Jalgaon,Agricultural Machinery Distributor,Agricultural Machinery Distributor in Jalgaon Maharashtra India,Maharashtra,India
MH-09-20-0228,9,20,2,Jalgaon,Agricultural Machinery Dealer,Agricultural Machinery Dealer in Jalgaon Maharashtra India,Maharashtra,India
MH-09-21-0229,9,21,1,Jalgaon,Agricultural Equipment Exporter,Agricultural Equipment Exporter in Jalgaon Maharashtra India,Maharashtra,India
MH-09-22-0230,9,22,2,Jalgaon,Agricultural Machinery Wholesaler,Agricultural Machinery Wholesaler in Jalgaon Maharashtra India,Maharashtra,India
MH-09-23-0231,9,23,2,Jalgaon,Agricultural Machinery Trader,Agricultural Machinery Trader in Jalgaon Maharashtra India,Maharashtra,India
MH-09-24-0232,9,24,1,Jalgaon,Agricultural Machinery Manufacturer,Agricultural Machinery Manufacturer in Jalgaon Maharashtra India,Maharashtra,India
MH-09-25-0233,9,25,1,Jalgaon,Agricultural Equipment Procurement,Agricultural Equipment Procurement in Jalgaon Maharashtra India,Maharashtra,India
MH-09-26-0234,9,26,1,Jalgaon,Agricultural Machinery Importers,Agricultural Machinery Importers in Jalgaon Maharashtra India,Maharashtra,India
MH-10-01-0235,10,1,1,Bhusawal,Agricultural Machinery Exporters List,Agricultural Machinery Exporters List in Bhusawal Maharashtra India,Maharashtra,India
MH-10-02-0236,10,2,1,Bhusawal,Agricultural Equipment Manufacturers List,Agricultural Equipment Manufacturers List in Bhusawal Maharashtra India,Maharashtra,India
MH-10-03-0237,10,3,2,Bhusawal,Farm Equipment Dealers Directory,Farm Equipment Dealers Directory in Bhusawal Maharashtra India,Maharashtra,India
MH-10-04-0238,10,4,1,Bhusawal,Agricultural Machinery Importer Database,Agricultural Machinery Importer Database in Bhusawal Maharashtra India,Maharashtra,India
MH-10-05-0239,10,5,1,Bhusawal,Agricultural Equipment Buyer List,Agricultural Equipment Buyer List in Bhusawal Maharashtra India,Maharashtra,India
MH-10-06-0240,10,6,2,Bhusawal,Authorized Tractor Dealer,Authorized Tractor Dealer in Bhusawal Maharashtra India,Maharashtra,India
MH-10-07-0241,10,7,1,Bhusawal,Farm Machinery Exporter India,Farm Machinery Exporter India in Bhusawal Maharashtra India,Maharashtra,India
MH-10-08-0242,10,8,1,Bhusawal,Agricultural Machinery Import Export Company,Agricultural Machinery Import Export Company in Bhusawal Maharashtra India,Maharashtra,India
MH-10-09-0243,10,9,2,Bhusawal,Agricultural Equipment Tender Supplier,Agricultural Equipment Tender Supplier in Bhusawal Maharashtra India,Maharashtra,India
MH-10-10-0244,10,10,1,Bhusawal,Oem Agricultural Machinery Manufacturer,Oem Agricultural Machinery Manufacturer in Bhusawal Maharashtra India,Maharashtra,India
MH-10-11-0245,10,11,2,Bhusawal,Agricultural Machinery Distributor Near Me,Agricultural Machinery Distributor Near Me in Bhusawal Maharashtra India,Maharashtra,India
MH-10-12-0246,10,12,2,Bhusawal,Agricultural Equipment Wholesale Distributor,Agricultural Equipment Wholesale Distributor in Bhusawal Maharashtra India,Maharashtra,India
MH-10-13-0247,10,13,2,Bhusawal,Bulk Agricultural Machinery Supplier,Bulk Agricultural Machinery Supplier in Bhusawal Maharashtra India,Maharashtra,India
MH-10-14-0248,10,14,3,Bhusawal,Agricultural Machinery Marketplace,Agricultural Machinery Marketplace in Bhusawal Maharashtra India,Maharashtra,India
MH-10-15-0249,10,15,1,Bhusawal,Agricultural Machinery Procurement Company,Agricultural Machinery Procurement Company in Bhusawal Maharashtra India,Maharashtra,India
MH-10-16-0250,10,16,1,Bhusawal,Agricultural Equipment Sourcing Company,Agricultural Equipment Sourcing Company in Bhusawal Maharashtra India,Maharashtra,India
MH-10-17-0251,10,17,2,Bhusawal,Farm Machinery Wholesalers,Farm Machinery Wholesalers in Bhusawal Maharashtra India,Maharashtra,India
MH-10-18-0252,10,18,2,Bhusawal,Agricultural Machinery Supplier,Agricultural Machinery Supplier in Bhusawal Maharashtra India,Maharashtra,India
MH-10-19-0253,10,19,2,Bhusawal,Agricultural Machinery Distributor,Agricultural Machinery Distributor in Bhusawal Maharashtra India,Maharashtra,India
MH-10-20-0254,10,20,2,Bhusawal,Agricultural Machinery Dealer,Agricultural Machinery Dealer in Bhusawal Maharashtra India,Maharashtra,India
MH-10-21-0255,10,21,1,Bhusawal,Agricultural Equipment Exporter,Agricultural Equipment Exporter in Bhusawal Maharashtra India,Maharashtra,India
MH-10-22-0256,10,22,2,Bhusawal,Agricultural Machinery Wholesaler,Agricultural Machinery Wholesaler in Bhusawal Maharashtra India,Maharashtra,India
MH-10-23-0257,10,23,2,Bhusawal,Agricultural Machinery Trader,Agricultural Machinery Trader in Bhusawal Maharashtra India,Maharashtra,India
MH-10-24-0258,10,24,1,Bhusawal,Agricultural Machinery Manufacturer,Agricultural Machinery Manufacturer in Bhusawal Maharashtra India,Maharashtra,India
MH-10-25-0259,10,25,1,Bhusawal,Agricultural Equipment Procurement,Agricultural Equipment Procurement in Bhusawal Maharashtra India,Maharashtra,India
MH-10-26-0260,10,26,1,Bhusawal,Agricultural Machinery Importers,Agricultural Machinery Importers in Bhusawal Maharashtra India,Maharashtra,India
MH-11-01-0261,11,1,1,Chalisgaon,Agricultural Machinery Exporters List,Agricultural Machinery Exporters List in Chalisgaon Maharashtra India,Maharashtra,India
MH-11-02-0262,11,2,1,Chalisgaon,Agricultural Equipment Manufacturers List,Agricultural Equipment Manufacturers List in Chalisgaon Maharashtra India,Maharashtra,India
MH-11-03-0263,11,3,2,Chalisgaon,Farm Equipment Dealers Directory,Farm Equipment Dealers Directory in Chalisgaon Maharashtra India,Maharashtra,India
MH-11-04-0264,11,4,1,Chalisgaon,Agricultural Machinery Importer Database,Agricultural Machinery Importer Database in Chalisgaon Maharashtra India,Maharashtra,India
MH-11-05-0265,11,5,1,Chalisgaon,Agricultural Equipment Buyer List,Agricultural Equipment Buyer List in Chalisgaon Maharashtra India,Maharashtra,India
MH-11-06-0266,11,6,2,Chalisgaon,Authorized Tractor Dealer,Authorized Tractor Dealer in Chalisgaon Maharashtra India,Maharashtra,India
MH-11-07-0267,11,7,1,Chalisgaon,Farm Machinery Exporter India,Farm Machinery Exporter India in Chalisgaon Maharashtra India,Maharashtra,India
MH-11-08-0268,11,8,1,Chalisgaon,Agricultural Machinery Import Export Company,Agricultural Machinery Import Export Company in Chalisgaon Maharashtra India,Maharashtra,India
MH-11-09-0269,11,9,2,Chalisgaon,Agricultural Equipment Tender Supplier,Agricultural Equipment Tender Supplier in Chalisgaon Maharashtra India,Maharashtra,India
MH-11-10-0270,11,10,1,Chalisgaon,Oem Agricultural Machinery Manufacturer,Oem Agricultural Machinery Manufacturer in Chalisgaon Maharashtra India,Maharashtra,India
MH-11-11-0271,11,11,2,Chalisgaon,Agricultural Machinery Distributor Near Me,Agricultural Machinery Distributor Near Me in Chalisgaon Maharashtra India,Maharashtra,India
MH-11-12-0272,11,12,2,Chalisgaon,Agricultural Equipment Wholesale Distributor,Agricultural Equipment Wholesale Distributor in Chalisgaon Maharashtra India,Maharashtra,India
MH-11-13-0273,11,13,2,Chalisgaon,Bulk Agricultural Machinery Supplier,Bulk Agricultural Machinery Supplier in Chalisgaon Maharashtra India,Maharashtra,India
MH-11-14-0274,11,14,3,Chalisgaon,Agricultural Machinery Marketplace,Agricultural Machinery Marketplace in Chalisgaon Maharashtra India,Maharashtra,India
MH-11-15-0275,11,15,1,Chalisgaon,Agricultural Machinery Procurement Company,Agricultural Machinery Procurement Company in Chalisgaon Maharashtra India,Maharashtra,India
MH-11-16-0276,11,16,1,Chalisgaon,Agricultural Equipment Sourcing Company,Agricultural Equipment Sourcing Company in Chalisgaon Maharashtra India,Maharashtra,India
MH-11-17-0277,11,17,2,Chalisgaon,Farm Machinery Wholesalers,Farm Machinery Wholesalers in Chalisgaon Maharashtra India,Maharashtra,India
MH-11-18-0278,11,18,2,Chalisgaon,Agricultural Machinery Supplier,Agricultural Machinery Supplier in Chalisgaon Maharashtra India,Maharashtra,India
MH-11-19-0279,11,19,2,Chalisgaon,Agricultural Machinery Distributor,Agricultural Machinery Distributor in Chalisgaon Maharashtra India,Maharashtra,India
MH-11-20-0280,11,20,2,Chalisgaon,Agricultural Machinery Dealer,Agricultural Machinery Dealer in Chalisgaon Maharashtra India,Maharashtra,India
MH-11-21-0281,11,21,1,Chalisgaon,Agricultural Equipment Exporter,Agricultural Equipment Exporter in Chalisgaon Maharashtra India,Maharashtra,India
MH-11-22-0282,11,22,2,Chalisgaon,Agricultural Machinery Wholesaler,Agricultural Machinery Wholesaler in Chalisgaon Maharashtra India,Maharashtra,India
MH-11-23-0283,11,23,2,Chalisgaon,Agricultural Machinery Trader,Agricultural Machinery Trader in Chalisgaon Maharashtra India,Maharashtra,India
MH-11-24-0284,11,24,1,Chalisgaon,Agricultural Machinery Manufacturer,Agricultural Machinery Manufacturer in Chalisgaon Maharashtra India,Maharashtra,India
MH-11-25-0285,11,25,1,Chalisgaon,Agricultural Equipment Procurement,Agricultural Equipment Procurement in Chalisgaon Maharashtra India,Maharashtra,India
MH-11-26-0286,11,26,1,Chalisgaon,Agricultural Machinery Importers,Agricultural Machinery Importers in Chalisgaon Maharashtra India,Maharashtra,India
MH-12-01-0287,12,1,1,Amalner,Agricultural Machinery Exporters List,Agricultural Machinery Exporters List in Amalner Maharashtra India,Maharashtra,India
MH-12-02-0288,12,2,1,Amalner,Agricultural Equipment Manufacturers List,Agricultural Equipment Manufacturers List in Amalner Maharashtra India,Maharashtra,India
MH-12-03-0289,12,3,2,Amalner,Farm Equipment Dealers Directory,Farm Equipment Dealers Directory in Amalner Maharashtra India,Maharashtra,India
MH-12-04-0290,12,4,1,Amalner,Agricultural Machinery Importer Database,Agricultural Machinery Importer Database in Amalner Maharashtra India,Maharashtra,India
MH-12-05-0291,12,5,1,Amalner,Agricultural Equipment Buyer List,Agricultural Equipment Buyer List in Amalner Maharashtra India,Maharashtra,India
MH-12-06-0292,12,6,2,Amalner,Authorized Tractor Dealer,Authorized Tractor Dealer in Amalner Maharashtra India,Maharashtra,India
MH-12-07-0293,12,7,1,Amalner,Farm Machinery Exporter India,Farm Machinery Exporter India in Amalner Maharashtra India,Maharashtra,India
MH-12-08-0294,12,8,1,Amalner,Agricultural Machinery Import Export Company,Agricultural Machinery Import Export Company in Amalner Maharashtra India,Maharashtra,India
MH-12-09-0295,12,9,2,Amalner,Agricultural Equipment Tender Supplier,Agricultural Equipment Tender Supplier in Amalner Maharashtra India,Maharashtra,India
MH-12-10-0296,12,10,1,Amalner,Oem Agricultural Machinery Manufacturer,Oem Agricultural Machinery Manufacturer in Amalner Maharashtra India,Maharashtra,India
MH-12-11-0297,12,11,2,Amalner,Agricultural Machinery Distributor Near Me,Agricultural Machinery Distributor Near Me in Amalner Maharashtra India,Maharashtra,India
MH-12-12-0298,12,12,2,Amalner,Agricultural Equipment Wholesale Distributor,Agricultural Equipment Wholesale Distributor in Amalner Maharashtra India,Maharashtra,India
MH-12-13-0299,12,13,2,Amalner,Bulk Agricultural Machinery Supplier,Bulk Agricultural Machinery Supplier in Amalner Maharashtra India,Maharashtra,India
MH-12-14-0300,12,14,3,Amalner,Agricultural Machinery Marketplace,Agricultural Machinery Marketplace in Amalner Maharashtra India,Maharashtra,India
MH-12-15-0301,12,15,1,Amalner,Agricultural Machinery Procurement Company,Agricultural Machinery Procurement Company in Amalner Maharashtra India,Maharashtra,India
MH-12-16-0302,12,16,1,Amalner,Agricultural Equipment Sourcing Company,Agricultural Equipment Sourcing Company in Amalner Maharashtra India,Maharashtra,India
MH-12-17-0303,12,17,2,Amalner,Farm Machinery Wholesalers,Farm Machinery Wholesalers in Amalner Maharashtra India,Maharashtra,India
MH-12-18-0304,12,18,2,Amalner,Agricultural Machinery Supplier,Agricultural Machinery Supplier in Amalner Maharashtra India,Maharashtra,India
MH-12-19-0305,12,19,2,Amalner,Agricultural Machinery Distributor,Agricultural Machinery Distributor in Amalner Maharashtra India,Maharashtra,India
MH-12-20-0306,12,20,2,Amalner,Agricultural Machinery Dealer,Agricultural Machinery Dealer in Amalner Maharashtra India,Maharashtra,India
MH-12-21-0307,12,21,1,Amalner,Agricultural Equipment Exporter,Agricultural Equipment Exporter in Amalner Maharashtra India,Maharashtra,India
MH-12-22-0308,12,22,2,Amalner,Agricultural Machinery Wholesaler,Agricultural Machinery Wholesaler in Amalner Maharashtra India,Maharashtra,India
MH-12-23-0309,12,23,2,Amalner,Agricultural Machinery Trader,Agricultural Machinery Trader in Amalner Maharashtra India,Maharashtra,India
MH-12-24-0310,12,24,1,Amalner,Agricultural Machinery Manufacturer,Agricultural Machinery Manufacturer in Amalner Maharashtra India,Maharashtra,India
MH-12-25-0311,12,25,1,Amalner,Agricultural Equipment Procurement,Agricultural Equipment Procurement in Amalner Maharashtra India,Maharashtra,India
MH-12-26-0312,12,26,1,Amalner,Agricultural Machinery Importers,Agricultural Machinery Importers in Amalner Maharashtra India,Maharashtra,India
MH-13-01-0313,13,1,1,Nandurbar,Agricultural Machinery Exporters List,Agricultural Machinery Exporters List in Nandurbar Maharashtra India,Maharashtra,India
MH-13-02-0314,13,2,1,Nandurbar,Agricultural Equipment Manufacturers List,Agricultural Equipment Manufacturers List in Nandurbar Maharashtra India,Maharashtra,India
MH-13-03-0315,13,3,2,Nandurbar,Farm Equipment Dealers Directory,Farm Equipment Dealers Directory in Nandurbar Maharashtra India,Maharashtra,India
MH-13-04-0316,13,4,1,Nandurbar,Agricultural Machinery Importer Database,Agricultural Machinery Importer Database in Nandurbar Maharashtra India,Maharashtra,India
MH-13-05-0317,13,5,1,Nandurbar,Agricultural Equipment Buyer List,Agricultural Equipment Buyer List in Nandurbar Maharashtra India,Maharashtra,India
MH-13-06-0318,13,6,2,Nandurbar,Authorized Tractor Dealer,Authorized Tractor Dealer in Nandurbar Maharashtra India,Maharashtra,India
MH-13-07-0319,13,7,1,Nandurbar,Farm Machinery Exporter India,Farm Machinery Exporter India in Nandurbar Maharashtra India,Maharashtra,India
MH-13-08-0320,13,8,1,Nandurbar,Agricultural Machinery Import Export Company,Agricultural Machinery Import Export Company in Nandurbar Maharashtra India,Maharashtra,India
MH-13-09-0321,13,9,2,Nandurbar,Agricultural Equipment Tender Supplier,Agricultural Equipment Tender Supplier in Nandurbar Maharashtra India,Maharashtra,India
MH-13-10-0322,13,10,1,Nandurbar,Oem Agricultural Machinery Manufacturer,Oem Agricultural Machinery Manufacturer in Nandurbar Maharashtra India,Maharashtra,India
MH-13-11-0323,13,11,2,Nandurbar,Agricultural Machinery Distributor Near Me,Agricultural Machinery Distributor Near Me in Nandurbar Maharashtra India,Maharashtra,India
MH-13-12-0324,13,12,2,Nandurbar,Agricultural Equipment Wholesale Distributor,Agricultural Equipment Wholesale Distributor in Nandurbar Maharashtra India,Maharashtra,India
MH-13-13-0325,13,13,2,Nandurbar,Bulk Agricultural Machinery Supplier,Bulk Agricultural Machinery Supplier in Nandurbar Maharashtra India,Maharashtra,India
MH-13-14-0326,13,14,3,Nandurbar,Agricultural Machinery Marketplace,Agricultural Machinery Marketplace in Nandurbar Maharashtra India,Maharashtra,India
MH-13-15-0327,13,15,1,Nandurbar,Agricultural Machinery Procurement Company,Agricultural Machinery Procurement Company in Nandurbar Maharashtra India,Maharashtra,India
MH-13-16-0328,13,16,1,Nandurbar,Agricultural Equipment Sourcing Company,Agricultural Equipment Sourcing Company in Nandurbar Maharashtra India,Maharashtra,India
MH-13-17-0329,13,17,2,Nandurbar,Farm Machinery Wholesalers,Farm Machinery Wholesalers in Nandurbar Maharashtra India,Maharashtra,India
MH-13-18-0330,13,18,2,Nandurbar,Agricultural Machinery Supplier,Agricultural Machinery Supplier in Nandurbar Maharashtra India,Maharashtra,India
MH-13-19-0331,13,19,2,Nandurbar,Agricultural Machinery Distributor,Agricultural Machinery Distributor in Nandurbar Maharashtra India,Maharashtra,India
MH-13-20-0332,13,20,2,Nandurbar,Agricultural Machinery Dealer,Agricultural Machinery Dealer in Nandurbar Maharashtra India,Maharashtra,India
MH-13-21-0333,13,21,1,Nandurbar,Agricultural Equipment Exporter,Agricultural Equipment Exporter in Nandurbar Maharashtra India,Maharashtra,India
MH-13-22-0334,13,22,2,Nandurbar,Agricultural Machinery Wholesaler,Agricultural Machinery Wholesaler in Nandurbar Maharashtra India,Maharashtra,India
MH-13-23-0335,13,23,2,Nandurbar,Agricultural Machinery Trader,Agricultural Machinery Trader in Nandurbar Maharashtra India,Maharashtra,India
MH-13-24-0336,13,24,1,Nandurbar,Agricultural Machinery Manufacturer,Agricultural Machinery Manufacturer in Nandurbar Maharashtra India,Maharashtra,India
MH-13-25-0337,13,25,1,Nandurbar,Agricultural Equipment Procurement,Agricultural Equipment Procurement in Nandurbar Maharashtra India,Maharashtra,India
MH-13-26-0338,13,26,1,Nandurbar,Agricultural Machinery Importers,Agricultural Machinery Importers in Nandurbar Maharashtra India,Maharashtra,India
MH-14-01-0339,14,1,1,Shahada,Agricultural Machinery Exporters List,Agricultural Machinery Exporters List in Shahada Maharashtra India,Maharashtra,India
MH-14-02-0340,14,2,1,Shahada,Agricultural Equipment Manufacturers List,Agricultural Equipment Manufacturers List in Shahada Maharashtra India,Maharashtra,India
MH-14-03-0341,14,3,2,Shahada,Farm Equipment Dealers Directory,Farm Equipment Dealers Directory in Shahada Maharashtra India,Maharashtra,India
MH-14-04-0342,14,4,1,Shahada,Agricultural Machinery Importer Database,Agricultural Machinery Importer Database in Shahada Maharashtra India,Maharashtra,India
MH-14-05-0343,14,5,1,Shahada,Agricultural Equipment Buyer List,Agricultural Equipment Buyer List in Shahada Maharashtra India,Maharashtra,India
MH-14-06-0344,14,6,2,Shahada,Authorized Tractor Dealer,Authorized Tractor Dealer in Shahada Maharashtra India,Maharashtra,India
MH-14-07-0345,14,7,1,Shahada,Farm Machinery Exporter India,Farm Machinery Exporter India in Shahada Maharashtra India,Maharashtra,India
MH-14-08-0346,14,8,1,Shahada,Agricultural Machinery Import Export Company,Agricultural Machinery Import Export Company in Shahada Maharashtra India,Maharashtra,India
MH-14-09-0347,14,9,2,Shahada,Agricultural Equipment Tender Supplier,Agricultural Equipment Tender Supplier in Shahada Maharashtra India,Maharashtra,India
MH-14-10-0348,14,10,1,Shahada,Oem Agricultural Machinery Manufacturer,Oem Agricultural Machinery Manufacturer in Shahada Maharashtra India,Maharashtra,India
MH-14-11-0349,14,11,2,Shahada,Agricultural Machinery Distributor Near Me,Agricultural Machinery Distributor Near Me in Shahada Maharashtra India,Maharashtra,India
MH-14-12-0350,14,12,2,Shahada,Agricultural Equipment Wholesale Distributor,Agricultural Equipment Wholesale Distributor in Shahada Maharashtra India,Maharashtra,India
MH-14-13-0351,14,13,2,Shahada,Bulk Agricultural Machinery Supplier,Bulk Agricultural Machinery Supplier in Shahada Maharashtra India,Maharashtra,India
MH-14-14-0352,14,14,3,Shahada,Agricultural Machinery Marketplace,Agricultural Machinery Marketplace in Shahada Maharashtra India,Maharashtra,India
MH-14-15-0353,14,15,1,Shahada,Agricultural Machinery Procurement Company,Agricultural Machinery Procurement Company in Shahada Maharashtra India,Maharashtra,India
MH-14-16-0354,14,16,1,Shahada,Agricultural Equipment Sourcing Company,Agricultural Equipment Sourcing Company in Shahada Maharashtra India,Maharashtra,India
MH-14-17-0355,14,17,2,Shahada,Farm Machinery Wholesalers,Farm Machinery Wholesalers in Shahada Maharashtra India,Maharashtra,India
MH-14-18-0356,14,18,2,Shahada,Agricultural Machinery Supplier,Agricultural Machinery Supplier in Shahada Maharashtra India,Maharashtra,India
MH-14-19-0357,14,19,2,Shahada,Agricultural Machinery Distributor,Agricultural Machinery Distributor in Shahada Maharashtra India,Maharashtra,India
MH-14-20-0358,14,20,2,Shahada,Agricultural Machinery Dealer,Agricultural Machinery Dealer in Shahada Maharashtra India,Maharashtra,India
MH-14-21-0359,14,21,1,Shahada,Agricultural Equipment Exporter,Agricultural Equipment Exporter in Shahada Maharashtra India,Maharashtra,India
MH-14-22-0360,14,22,2,Shahada,Agricultural Machinery Wholesaler,Agricultural Machinery Wholesaler in Shahada Maharashtra India,Maharashtra,India
MH-14-23-0361,14,23,2,Shahada,Agricultural Machinery Trader,Agricultural Machinery Trader in Shahada Maharashtra India,Maharashtra,India
MH-14-24-0362,14,24,1,Shahada,Agricultural Machinery Manufacturer,Agricultural Machinery Manufacturer in Shahada Maharashtra India,Maharashtra,India
MH-14-25-0363,14,25,1,Shahada,Agricultural Equipment Procurement,Agricultural Equipment Procurement in Shahada Maharashtra India,Maharashtra,India
MH-14-26-0364,14,26,1,Shahada,Agricultural Machinery Importers,Agricultural Machinery Importers in Shahada Maharashtra India,Maharashtra,India
MH-15-01-0365,15,1,1,Taloda,Agricultural Machinery Exporters List,Agricultural Machinery Exporters List in Taloda Maharashtra India,Maharashtra,India
MH-15-02-0366,15,2,1,Taloda,Agricultural Equipment Manufacturers List,Agricultural Equipment Manufacturers List in Taloda Maharashtra India,Maharashtra,India
MH-15-03-0367,15,3,2,Taloda,Farm Equipment Dealers Directory,Farm Equipment Dealers Directory in Taloda Maharashtra India,Maharashtra,India
MH-15-04-0368,15,4,1,Taloda,Agricultural Machinery Importer Database,Agricultural Machinery Importer Database in Taloda Maharashtra India,Maharashtra,India
MH-15-05-0369,15,5,1,Taloda,Agricultural Equipment Buyer List,Agricultural Equipment Buyer List in Taloda Maharashtra India,Maharashtra,India
MH-15-06-0370,15,6,2,Taloda,Authorized Tractor Dealer,Authorized Tractor Dealer in Taloda Maharashtra India,Maharashtra,India
MH-15-07-0371,15,7,1,Taloda,Farm Machinery Exporter India,Farm Machinery Exporter India in Taloda Maharashtra India,Maharashtra,India
MH-15-08-0372,15,8,1,Taloda,Agricultural Machinery Import Export Company,Agricultural Machinery Import Export Company in Taloda Maharashtra India,Maharashtra,India
MH-15-09-0373,15,9,2,Taloda,Agricultural Equipment Tender Supplier,Agricultural Equipment Tender Supplier in Taloda Maharashtra India,Maharashtra,India
MH-15-10-0374,15,10,1,Taloda,Oem Agricultural Machinery Manufacturer,Oem Agricultural Machinery Manufacturer in Taloda Maharashtra India,Maharashtra,India
MH-15-11-0375,15,11,2,Taloda,Agricultural Machinery Distributor Near Me,Agricultural Machinery Distributor Near Me in Taloda Maharashtra India,Maharashtra,India
MH-15-12-0376,15,12,2,Taloda,Agricultural Equipment Wholesale Distributor,Agricultural Equipment Wholesale Distributor in Taloda Maharashtra India,Maharashtra,India
MH-15-13-0377,15,13,2,Taloda,Bulk Agricultural Machinery Supplier,Bulk Agricultural Machinery Supplier in Taloda Maharashtra India,Maharashtra,India
MH-15-14-0378,15,14,3,Taloda,Agricultural Machinery Marketplace,Agricultural Machinery Marketplace in Taloda Maharashtra India,Maharashtra,India
MH-15-15-0379,15,15,1,Taloda,Agricultural Machinery Procurement Company,Agricultural Machinery Procurement Company in Taloda Maharashtra India,Maharashtra,India
MH-15-16-0380,15,16,1,Taloda,Agricultural Equipment Sourcing Company,Agricultural Equipment Sourcing Company in Taloda Maharashtra India,Maharashtra,India
MH-15-17-0381,15,17,2,Taloda,Farm Machinery Wholesalers,Farm Machinery Wholesalers in Taloda Maharashtra India,Maharashtra,India
MH-15-18-0382,15,18,2,Taloda,Agricultural Machinery Supplier,Agricultural Machinery Supplier in Taloda Maharashtra India,Maharashtra,India
MH-15-19-0383,15,19,2,Taloda,Agricultural Machinery Distributor,Agricultural Machinery Distributor in Taloda Maharashtra India,Maharashtra,India
MH-15-20-0384,15,20,2,Taloda,Agricultural Machinery Dealer,Agricultural Machinery Dealer in Taloda Maharashtra India,Maharashtra,India
MH-15-21-0385,15,21,1,Taloda,Agricultural Equipment Exporter,Agricultural Equipment Exporter in Taloda Maharashtra India,Maharashtra,India
MH-15-22-0386,15,22,2,Taloda,Agricultural Machinery Wholesaler,Agricultural Machinery Wholesaler in Taloda Maharashtra India,Maharashtra,India
MH-15-23-0387,15,23,2,Taloda,Agricultural Machinery Trader,Agricultural Machinery Trader in Taloda Maharashtra India,Maharashtra,India
MH-15-24-0388,15,24,1,Taloda,Agricultural Machinery Manufacturer,Agricultural Machinery Manufacturer in Taloda Maharashtra India,Maharashtra,India
MH-15-25-0389,15,25,1,Taloda,Agricultural Equipment Procurement,Agricultural Equipment Procurement in Taloda Maharashtra India,Maharashtra,India
MH-15-26-0390,15,26,1,Taloda,Agricultural Machinery Importers,Agricultural Machinery Importers in Taloda Maharashtra India,Maharashtra,India
MH-16-01-0391,16,1,1,Navapur,Agricultural Machinery Exporters List,Agricultural Machinery Exporters List in Navapur Maharashtra India,Maharashtra,India
MH-16-02-0392,16,2,1,Navapur,Agricultural Equipment Manufacturers List,Agricultural Equipment Manufacturers List in Navapur Maharashtra India,Maharashtra,India
MH-16-03-0393,16,3,2,Navapur,Farm Equipment Dealers Directory,Farm Equipment Dealers Directory in Navapur Maharashtra India,Maharashtra,India
MH-16-04-0394,16,4,1,Navapur,Agricultural Machinery Importer Database,Agricultural Machinery Importer Database in Navapur Maharashtra India,Maharashtra,India
MH-16-05-0395,16,5,1,Navapur,Agricultural Equipment Buyer List,Agricultural Equipment Buyer List in Navapur Maharashtra India,Maharashtra,India
MH-16-06-0396,16,6,2,Navapur,Authorized Tractor Dealer,Authorized Tractor Dealer in Navapur Maharashtra India,Maharashtra,India
MH-16-07-0397,16,7,1,Navapur,Farm Machinery Exporter India,Farm Machinery Exporter India in Navapur Maharashtra India,Maharashtra,India
MH-16-08-0398,16,8,1,Navapur,Agricultural Machinery Import Export Company,Agricultural Machinery Import Export Company in Navapur Maharashtra India,Maharashtra,India
MH-16-09-0399,16,9,2,Navapur,Agricultural Equipment Tender Supplier,Agricultural Equipment Tender Supplier in Navapur Maharashtra India,Maharashtra,India
MH-16-10-0400,16,10,1,Navapur,Oem Agricultural Machinery Manufacturer,Oem Agricultural Machinery Manufacturer in Navapur Maharashtra India,Maharashtra,India
MH-16-11-0401,16,11,2,Navapur,Agricultural Machinery Distributor Near Me,Agricultural Machinery Distributor Near Me in Navapur Maharashtra India,Maharashtra,India
MH-16-12-0402,16,12,2,Navapur,Agricultural Equipment Wholesale Distributor,Agricultural Equipment Wholesale Distributor in Navapur Maharashtra India,Maharashtra,India
MH-16-13-0403,16,13,2,Navapur,Bulk Agricultural Machinery Supplier,Bulk Agricultural Machinery Supplier in Navapur Maharashtra India,Maharashtra,India
MH-16-14-0404,16,14,3,Navapur,Agricultural Machinery Marketplace,Agricultural Machinery Marketplace in Navapur Maharashtra India,Maharashtra,India
MH-16-15-0405,16,15,1,Navapur,Agricultural Machinery Procurement Company,Agricultural Machinery Procurement Company in Navapur Maharashtra India,Maharashtra,India
MH-16-16-0406,16,16,1,Navapur,Agricultural Equipment Sourcing Company,Agricultural Equipment Sourcing Company in Navapur Maharashtra India,Maharashtra,India
MH-16-17-0407,16,17,2,Navapur,Farm Machinery Wholesalers,Farm Machinery Wholesalers in Navapur Maharashtra India,Maharashtra,India
MH-16-18-0408,16,18,2,Navapur,Agricultural Machinery Supplier,Agricultural Machinery Supplier in Navapur Maharashtra India,Maharashtra,India
MH-16-19-0409,16,19,2,Navapur,Agricultural Machinery Distributor,Agricultural Machinery Distributor in Navapur Maharashtra India,Maharashtra,India
MH-16-20-0410,16,20,2,Navapur,Agricultural Machinery Dealer,Agricultural Machinery Dealer in Navapur Maharashtra India,Maharashtra,India
MH-16-21-0411,16,21,1,Navapur,Agricultural Equipment Exporter,Agricultural Equipment Exporter in Navapur Maharashtra India,Maharashtra,India
MH-16-22-0412,16,22,2,Navapur,Agricultural Machinery Wholesaler,Agricultural Machinery Wholesaler in Navapur Maharashtra India,Maharashtra,India
MH-16-23-0413,16,23,2,Navapur,Agricultural Machinery Trader,Agricultural Machinery Trader in Navapur Maharashtra India,Maharashtra,India
MH-16-24-0414,16,24,1,Navapur,Agricultural Machinery Manufacturer,Agricultural Machinery Manufacturer in Navapur Maharashtra India,Maharashtra,India
MH-16-25-0415,16,25,1,Navapur,Agricultural Equipment Procurement,Agricultural Equipment Procurement in Navapur Maharashtra India,Maharashtra,India
MH-16-26-0416,16,26,1,Navapur,Agricultural Machinery Importers,Agricultural Machinery Importers in Navapur Maharashtra India,Maharashtra,India
MH-17-01-0417,17,1,1,Nashik,Agricultural Machinery Exporters List,Agricultural Machinery Exporters List in Nashik Maharashtra India,Maharashtra,India
MH-17-02-0418,17,2,1,Nashik,Agricultural Equipment Manufacturers List,Agricultural Equipment Manufacturers List in Nashik Maharashtra India,Maharashtra,India
MH-17-03-0419,17,3,2,Nashik,Farm Equipment Dealers Directory,Farm Equipment Dealers Directory in Nashik Maharashtra India,Maharashtra,India
MH-17-04-0420,17,4,1,Nashik,Agricultural Machinery Importer Database,Agricultural Machinery Importer Database in Nashik Maharashtra India,Maharashtra,India
MH-17-05-0421,17,5,1,Nashik,Agricultural Equipment Buyer List,Agricultural Equipment Buyer List in Nashik Maharashtra India,Maharashtra,India
MH-17-06-0422,17,6,2,Nashik,Authorized Tractor Dealer,Authorized Tractor Dealer in Nashik Maharashtra India,Maharashtra,India
MH-17-07-0423,17,7,1,Nashik,Farm Machinery Exporter India,Farm Machinery Exporter India in Nashik Maharashtra India,Maharashtra,India
MH-17-08-0424,17,8,1,Nashik,Agricultural Machinery Import Export Company,Agricultural Machinery Import Export Company in Nashik Maharashtra India,Maharashtra,India
MH-17-09-0425,17,9,2,Nashik,Agricultural Equipment Tender Supplier,Agricultural Equipment Tender Supplier in Nashik Maharashtra India,Maharashtra,India
MH-17-10-0426,17,10,1,Nashik,Oem Agricultural Machinery Manufacturer,Oem Agricultural Machinery Manufacturer in Nashik Maharashtra India,Maharashtra,India
MH-17-11-0427,17,11,2,Nashik,Agricultural Machinery Distributor Near Me,Agricultural Machinery Distributor Near Me in Nashik Maharashtra India,Maharashtra,India
MH-17-12-0428,17,12,2,Nashik,Agricultural Equipment Wholesale Distributor,Agricultural Equipment Wholesale Distributor in Nashik Maharashtra India,Maharashtra,India
MH-17-13-0429,17,13,2,Nashik,Bulk Agricultural Machinery Supplier,Bulk Agricultural Machinery Supplier in Nashik Maharashtra India,Maharashtra,India
MH-17-14-0430,17,14,3,Nashik,Agricultural Machinery Marketplace,Agricultural Machinery Marketplace in Nashik Maharashtra India,Maharashtra,India
MH-17-15-0431,17,15,1,Nashik,Agricultural Machinery Procurement Company,Agricultural Machinery Procurement Company in Nashik Maharashtra India,Maharashtra,India
MH-17-16-0432,17,16,1,Nashik,Agricultural Equipment Sourcing Company,Agricultural Equipment Sourcing Company in Nashik Maharashtra India,Maharashtra,India
MH-17-17-0433,17,17,2,Nashik,Farm Machinery Wholesalers,Farm Machinery Wholesalers in Nashik Maharashtra India,Maharashtra,India
MH-17-18-0434,17,18,2,Nashik,Agricultural Machinery Supplier,Agricultural Machinery Supplier in Nashik Maharashtra India,Maharashtra,India
MH-17-19-0435,17,19,2,Nashik,Agricultural Machinery Distributor,Agricultural Machinery Distributor in Nashik Maharashtra India,Maharashtra,India
MH-17-20-0436,17,20,2,Nashik,Agricultural Machinery Dealer,Agricultural Machinery Dealer in Nashik Maharashtra India,Maharashtra,India
MH-17-21-0437,17,21,1,Nashik,Agricultural Equipment Exporter,Agricultural Equipment Exporter in Nashik Maharashtra India,Maharashtra,India
MH-17-22-0438,17,22,2,Nashik,Agricultural Machinery Wholesaler,Agricultural Machinery Wholesaler in Nashik Maharashtra India,Maharashtra,India
MH-17-23-0439,17,23,2,Nashik,Agricultural Machinery Trader,Agricultural Machinery Trader in Nashik Maharashtra India,Maharashtra,India
MH-17-24-0440,17,24,1,Nashik,Agricultural Machinery Manufacturer,Agricultural Machinery Manufacturer in Nashik Maharashtra India,Maharashtra,India
MH-17-25-0441,17,25,1,Nashik,Agricultural Equipment Procurement,Agricultural Equipment Procurement in Nashik Maharashtra India,Maharashtra,India
MH-17-26-0442,17,26,1,Nashik,Agricultural Machinery Importers,Agricultural Machinery Importers in Nashik Maharashtra India,Maharashtra,India
MH-18-01-0443,18,1,1,Malegaon,Agricultural Machinery Exporters List,Agricultural Machinery Exporters List in Malegaon Maharashtra India,Maharashtra,India
MH-18-02-0444,18,2,1,Malegaon,Agricultural Equipment Manufacturers List,Agricultural Equipment Manufacturers List in Malegaon Maharashtra India,Maharashtra,India
MH-18-03-0445,18,3,2,Malegaon,Farm Equipment Dealers Directory,Farm Equipment Dealers Directory in Malegaon Maharashtra India,Maharashtra,India
MH-18-04-0446,18,4,1,Malegaon,Agricultural Machinery Importer Database,Agricultural Machinery Importer Database in Malegaon Maharashtra India,Maharashtra,India
MH-18-05-0447,18,5,1,Malegaon,Agricultural Equipment Buyer List,Agricultural Equipment Buyer List in Malegaon Maharashtra India,Maharashtra,India
MH-18-06-0448,18,6,2,Malegaon,Authorized Tractor Dealer,Authorized Tractor Dealer in Malegaon Maharashtra India,Maharashtra,India
MH-18-07-0449,18,7,1,Malegaon,Farm Machinery Exporter India,Farm Machinery Exporter India in Malegaon Maharashtra India,Maharashtra,India
MH-18-08-0450,18,8,1,Malegaon,Agricultural Machinery Import Export Company,Agricultural Machinery Import Export Company in Malegaon Maharashtra India,Maharashtra,India
MH-18-09-0451,18,9,2,Malegaon,Agricultural Equipment Tender Supplier,Agricultural Equipment Tender Supplier in Malegaon Maharashtra India,Maharashtra,India
MH-18-10-0452,18,10,1,Malegaon,Oem Agricultural Machinery Manufacturer,Oem Agricultural Machinery Manufacturer in Malegaon Maharashtra India,Maharashtra,India
MH-18-11-0453,18,11,2,Malegaon,Agricultural Machinery Distributor Near Me,Agricultural Machinery Distributor Near Me in Malegaon Maharashtra India,Maharashtra,India
MH-18-12-0454,18,12,2,Malegaon,Agricultural Equipment Wholesale Distributor,Agricultural Equipment Wholesale Distributor in Malegaon Maharashtra India,Maharashtra,India
MH-18-13-0455,18,13,2,Malegaon,Bulk Agricultural Machinery Supplier,Bulk Agricultural Machinery Supplier in Malegaon Maharashtra India,Maharashtra,India
MH-18-14-0456,18,14,3,Malegaon,Agricultural Machinery Marketplace,Agricultural Machinery Marketplace in Malegaon Maharashtra India,Maharashtra,India
MH-18-15-0457,18,15,1,Malegaon,Agricultural Machinery Procurement Company,Agricultural Machinery Procurement Company in Malegaon Maharashtra India,Maharashtra,India
MH-18-16-0458,18,16,1,Malegaon,Agricultural Equipment Sourcing Company,Agricultural Equipment Sourcing Company in Malegaon Maharashtra India,Maharashtra,India
MH-18-17-0459,18,17,2,Malegaon,Farm Machinery Wholesalers,Farm Machinery Wholesalers in Malegaon Maharashtra India,Maharashtra,India
MH-18-18-0460,18,18,2,Malegaon,Agricultural Machinery Supplier,Agricultural Machinery Supplier in Malegaon Maharashtra India,Maharashtra,India
MH-18-19-0461,18,19,2,Malegaon,Agricultural Machinery Distributor,Agricultural Machinery Distributor in Malegaon Maharashtra India,Maharashtra,India
MH-18-20-0462,18,20,2,Malegaon,Agricultural Machinery Dealer,Agricultural Machinery Dealer in Malegaon Maharashtra India,Maharashtra,India
MH-18-21-0463,18,21,1,Malegaon,Agricultural Equipment Exporter,Agricultural Equipment Exporter in Malegaon Maharashtra India,Maharashtra,India
MH-18-22-0464,18,22,2,Malegaon,Agricultural Machinery Wholesaler,Agricultural Machinery Wholesaler in Malegaon Maharashtra India,Maharashtra,India
MH-18-23-0465,18,23,2,Malegaon,Agricultural Machinery Trader,Agricultural Machinery Trader in Malegaon Maharashtra India,Maharashtra,India
MH-18-24-0466,18,24,1,Malegaon,Agricultural Machinery Manufacturer,Agricultural Machinery Manufacturer in Malegaon Maharashtra India,Maharashtra,India
MH-18-25-0467,18,25,1,Malegaon,Agricultural Equipment Procurement,Agricultural Equipment Procurement in Malegaon Maharashtra India,Maharashtra,India
MH-18-26-0468,18,26,1,Malegaon,Agricultural Machinery Importers,Agricultural Machinery Importers in Malegaon Maharashtra India,Maharashtra,India
MH-19-01-0469,19,1,1,Sinnar,Agricultural Machinery Exporters List,Agricultural Machinery Exporters List in Sinnar Maharashtra India,Maharashtra,India
MH-19-02-0470,19,2,1,Sinnar,Agricultural Equipment Manufacturers List,Agricultural Equipment Manufacturers List in Sinnar Maharashtra India,Maharashtra,India
MH-19-03-0471,19,3,2,Sinnar,Farm Equipment Dealers Directory,Farm Equipment Dealers Directory in Sinnar Maharashtra India,Maharashtra,India
MH-19-04-0472,19,4,1,Sinnar,Agricultural Machinery Importer Database,Agricultural Machinery Importer Database in Sinnar Maharashtra India,Maharashtra,India
MH-19-05-0473,19,5,1,Sinnar,Agricultural Equipment Buyer List,Agricultural Equipment Buyer List in Sinnar Maharashtra India,Maharashtra,India
MH-19-06-0474,19,6,2,Sinnar,Authorized Tractor Dealer,Authorized Tractor Dealer in Sinnar Maharashtra India,Maharashtra,India
MH-19-07-0475,19,7,1,Sinnar,Farm Machinery Exporter India,Farm Machinery Exporter India in Sinnar Maharashtra India,Maharashtra,India
MH-19-08-0476,19,8,1,Sinnar,Agricultural Machinery Import Export Company,Agricultural Machinery Import Export Company in Sinnar Maharashtra India,Maharashtra,India
MH-19-09-0477,19,9,2,Sinnar,Agricultural Equipment Tender Supplier,Agricultural Equipment Tender Supplier in Sinnar Maharashtra India,Maharashtra,India
MH-19-10-0478,19,10,1,Sinnar,Oem Agricultural Machinery Manufacturer,Oem Agricultural Machinery Manufacturer in Sinnar Maharashtra India,Maharashtra,India
MH-19-11-0479,19,11,2,Sinnar,Agricultural Machinery Distributor Near Me,Agricultural Machinery Distributor Near Me in Sinnar Maharashtra India,Maharashtra,India
MH-19-12-0480,19,12,2,Sinnar,Agricultural Equipment Wholesale Distributor,Agricultural Equipment Wholesale Distributor in Sinnar Maharashtra India,Maharashtra,India
MH-19-13-0481,19,13,2,Sinnar,Bulk Agricultural Machinery Supplier,Bulk Agricultural Machinery Supplier in Sinnar Maharashtra India,Maharashtra,India
MH-19-14-0482,19,14,3,Sinnar,Agricultural Machinery Marketplace,Agricultural Machinery Marketplace in Sinnar Maharashtra India,Maharashtra,India
MH-19-15-0483,19,15,1,Sinnar,Agricultural Machinery Procurement Company,Agricultural Machinery Procurement Company in Sinnar Maharashtra India,Maharashtra,India
MH-19-16-0484,19,16,1,Sinnar,Agricultural Equipment Sourcing Company,Agricultural Equipment Sourcing Company in Sinnar Maharashtra India,Maharashtra,India
MH-19-17-0485,19,17,2,Sinnar,Farm Machinery Wholesalers,Farm Machinery Wholesalers in Sinnar Maharashtra India,Maharashtra,India
MH-19-18-0486,19,18,2,Sinnar,Agricultural Machinery Supplier,Agricultural Machinery Supplier in Sinnar Maharashtra India,Maharashtra,India
MH-19-19-0487,19,19,2,Sinnar,Agricultural Machinery Distributor,Agricultural Machinery Distributor in Sinnar Maharashtra India,Maharashtra,India
MH-19-20-0488,19,20,2,Sinnar,Agricultural Machinery Dealer,Agricultural Machinery Dealer in Sinnar Maharashtra India,Maharashtra,India
MH-19-21-0489,19,21,1,Sinnar,Agricultural Equipment Exporter,Agricultural Equipment Exporter in Sinnar Maharashtra India,Maharashtra,India
MH-19-22-0490,19,22,2,Sinnar,Agricultural Machinery Wholesaler,Agricultural Machinery Wholesaler in Sinnar Maharashtra India,Maharashtra,India
MH-19-23-0491,19,23,2,Sinnar,Agricultural Machinery Trader,Agricultural Machinery Trader in Sinnar Maharashtra India,Maharashtra,India
MH-19-24-0492,19,24,1,Sinnar,Agricultural Machinery Manufacturer,Agricultural Machinery Manufacturer in Sinnar Maharashtra India,Maharashtra,India
MH-19-25-0493,19,25,1,Sinnar,Agricultural Equipment Procurement,Agricultural Equipment Procurement in Sinnar Maharashtra India,Maharashtra,India
MH-19-26-0494,19,26,1,Sinnar,Agricultural Machinery Importers,Agricultural Machinery Importers in Sinnar Maharashtra India,Maharashtra,India
MH-20-01-0495,20,1,1,Igatpuri,Agricultural Machinery Exporters List,Agricultural Machinery Exporters List in Igatpuri Maharashtra India,Maharashtra,India
MH-20-02-0496,20,2,1,Igatpuri,Agricultural Equipment Manufacturers List,Agricultural Equipment Manufacturers List in Igatpuri Maharashtra India,Maharashtra,India
MH-20-03-0497,20,3,2,Igatpuri,Farm Equipment Dealers Directory,Farm Equipment Dealers Directory in Igatpuri Maharashtra India,Maharashtra,India
MH-20-04-0498,20,4,1,Igatpuri,Agricultural Machinery Importer Database,Agricultural Machinery Importer Database in Igatpuri Maharashtra India,Maharashtra,India
MH-20-05-0499,20,5,1,Igatpuri,Agricultural Equipment Buyer List,Agricultural Equipment Buyer List in Igatpuri Maharashtra India,Maharashtra,India
MH-20-06-0500,20,6,2,Igatpuri,Authorized Tractor Dealer,Authorized Tractor Dealer in Igatpuri Maharashtra India,Maharashtra,India
MH-20-07-0501,20,7,1,Igatpuri,Farm Machinery Exporter India,Farm Machinery Exporter India in Igatpuri Maharashtra India,Maharashtra,India
MH-20-08-0502,20,8,1,Igatpuri,Agricultural Machinery Import Export Company,Agricultural Machinery Import Export Company in Igatpuri Maharashtra India,Maharashtra,India
MH-20-09-0503,20,9,2,Igatpuri,Agricultural Equipment Tender Supplier,Agricultural Equipment Tender Supplier in Igatpuri Maharashtra India,Maharashtra,India
MH-20-10-0504,20,10,1,Igatpuri,Oem Agricultural Machinery Manufacturer,Oem Agricultural Machinery Manufacturer in Igatpuri Maharashtra India,Maharashtra,India
MH-20-11-0505,20,11,2,Igatpuri,Agricultural Machinery Distributor Near Me,Agricultural Machinery Distributor Near Me in Igatpuri Maharashtra India,Maharashtra,India
MH-20-12-0506,20,12,2,Igatpuri,Agricultural Equipment Wholesale Distributor,Agricultural Equipment Wholesale Distributor in Igatpuri Maharashtra India,Maharashtra,India
MH-20-13-0507,20,13,2,Igatpuri,Bulk Agricultural Machinery Supplier,Bulk Agricultural Machinery Supplier in Igatpuri Maharashtra India,Maharashtra,India
MH-20-14-0508,20,14,3,Igatpuri,Agricultural Machinery Marketplace,Agricultural Machinery Marketplace in Igatpuri Maharashtra India,Maharashtra,India
MH-20-15-0509,20,15,1,Igatpuri,Agricultural Machinery Procurement Company,Agricultural Machinery Procurement Company in Igatpuri Maharashtra India,Maharashtra,India
MH-20-16-0510,20,16,1,Igatpuri,Agricultural Equipment Sourcing Company,Agricultural Equipment Sourcing Company in Igatpuri Maharashtra India,Maharashtra,India
MH-20-17-0511,20,17,2,Igatpuri,Farm Machinery Wholesalers,Farm Machinery Wholesalers in Igatpuri Maharashtra India,Maharashtra,India
MH-20-18-0512,20,18,2,Igatpuri,Agricultural Machinery Supplier,Agricultural Machinery Supplier in Igatpuri Maharashtra India,Maharashtra,India
MH-20-19-0513,20,19,2,Igatpuri,Agricultural Machinery Distributor,Agricultural Machinery Distributor in Igatpuri Maharashtra India,Maharashtra,India
MH-20-20-0514,20,20,2,Igatpuri,Agricultural Machinery Dealer,Agricultural Machinery Dealer in Igatpuri Maharashtra India,Maharashtra,India
MH-20-21-0515,20,21,1,Igatpuri,Agricultural Equipment Exporter,Agricultural Equipment Exporter in Igatpuri Maharashtra India,Maharashtra,India
MH-20-22-0516,20,22,2,Igatpuri,Agricultural Machinery Wholesaler,Agricultural Machinery Wholesaler in Igatpuri Maharashtra India,Maharashtra,India
MH-20-23-0517,20,23,2,Igatpuri,Agricultural Machinery Trader,Agricultural Machinery Trader in Igatpuri Maharashtra India,Maharashtra,India
MH-20-24-0518,20,24,1,Igatpuri,Agricultural Machinery Manufacturer,Agricultural Machinery Manufacturer in Igatpuri Maharashtra India,Maharashtra,India
MH-20-25-0519,20,25,1,Igatpuri,Agricultural Equipment Procurement,Agricultural Equipment Procurement in Igatpuri Maharashtra India,Maharashtra,India
MH-20-26-0520,20,26,1,Igatpuri,Agricultural Machinery Importers,Agricultural Machinery Importers in Igatpuri Maharashtra India,Maharashtra,India
MH-21-01-0521,21,1,1,Akola,Agricultural Machinery Exporters List,Agricultural Machinery Exporters List in Akola Maharashtra India,Maharashtra,India
MH-21-02-0522,21,2,1,Akola,Agricultural Equipment Manufacturers List,Agricultural Equipment Manufacturers List in Akola Maharashtra India,Maharashtra,India
MH-21-03-0523,21,3,2,Akola,Farm Equipment Dealers Directory,Farm Equipment Dealers Directory in Akola Maharashtra India,Maharashtra,India
MH-21-04-0524,21,4,1,Akola,Agricultural Machinery Importer Database,Agricultural Machinery Importer Database in Akola Maharashtra India,Maharashtra,India
MH-21-05-0525,21,5,1,Akola,Agricultural Equipment Buyer List,Agricultural Equipment Buyer List in Akola Maharashtra India,Maharashtra,India
MH-21-06-0526,21,6,2,Akola,Authorized Tractor Dealer,Authorized Tractor Dealer in Akola Maharashtra India,Maharashtra,India
MH-21-07-0527,21,7,1,Akola,Farm Machinery Exporter India,Farm Machinery Exporter India in Akola Maharashtra India,Maharashtra,India
MH-21-08-0528,21,8,1,Akola,Agricultural Machinery Import Export Company,Agricultural Machinery Import Export Company in Akola Maharashtra India,Maharashtra,India
MH-21-09-0529,21,9,2,Akola,Agricultural Equipment Tender Supplier,Agricultural Equipment Tender Supplier in Akola Maharashtra India,Maharashtra,India
MH-21-10-0530,21,10,1,Akola,Oem Agricultural Machinery Manufacturer,Oem Agricultural Machinery Manufacturer in Akola Maharashtra India,Maharashtra,India
MH-21-11-0531,21,11,2,Akola,Agricultural Machinery Distributor Near Me,Agricultural Machinery Distributor Near Me in Akola Maharashtra India,Maharashtra,India
MH-21-12-0532,21,12,2,Akola,Agricultural Equipment Wholesale Distributor,Agricultural Equipment Wholesale Distributor in Akola Maharashtra India,Maharashtra,India
MH-21-13-0533,21,13,2,Akola,Bulk Agricultural Machinery Supplier,Bulk Agricultural Machinery Supplier in Akola Maharashtra India,Maharashtra,India
MH-21-14-0534,21,14,3,Akola,Agricultural Machinery Marketplace,Agricultural Machinery Marketplace in Akola Maharashtra India,Maharashtra,India
MH-21-15-0535,21,15,1,Akola,Agricultural Machinery Procurement Company,Agricultural Machinery Procurement Company in Akola Maharashtra India,Maharashtra,India
MH-21-16-0536,21,16,1,Akola,Agricultural Equipment Sourcing Company,Agricultural Equipment Sourcing Company in Akola Maharashtra India,Maharashtra,India
MH-21-17-0537,21,17,2,Akola,Farm Machinery Wholesalers,Farm Machinery Wholesalers in Akola Maharashtra India,Maharashtra,India
MH-21-18-0538,21,18,2,Akola,Agricultural Machinery Supplier,Agricultural Machinery Supplier in Akola Maharashtra India,Maharashtra,India
MH-21-19-0539,21,19,2,Akola,Agricultural Machinery Distributor,Agricultural Machinery Distributor in Akola Maharashtra India,Maharashtra,India
MH-21-20-0540,21,20,2,Akola,Agricultural Machinery Dealer,Agricultural Machinery Dealer in Akola Maharashtra India,Maharashtra,India
MH-21-21-0541,21,21,1,Akola,Agricultural Equipment Exporter,Agricultural Equipment Exporter in Akola Maharashtra India,Maharashtra,India
MH-21-22-0542,21,22,2,Akola,Agricultural Machinery Wholesaler,Agricultural Machinery Wholesaler in Akola Maharashtra India,Maharashtra,India
MH-21-23-0543,21,23,2,Akola,Agricultural Machinery Trader,Agricultural Machinery Trader in Akola Maharashtra India,Maharashtra,India
MH-21-24-0544,21,24,1,Akola,Agricultural Machinery Manufacturer,Agricultural Machinery Manufacturer in Akola Maharashtra India,Maharashtra,India
MH-21-25-0545,21,25,1,Akola,Agricultural Equipment Procurement,Agricultural Equipment Procurement in Akola Maharashtra India,Maharashtra,India
MH-21-26-0546,21,26,1,Akola,Agricultural Machinery Importers,Agricultural Machinery Importers in Akola Maharashtra India,Maharashtra,India
MH-22-01-0547,22,1,1,Akot,Agricultural Machinery Exporters List,Agricultural Machinery Exporters List in Akot Maharashtra India,Maharashtra,India
MH-22-02-0548,22,2,1,Akot,Agricultural Equipment Manufacturers List,Agricultural Equipment Manufacturers List in Akot Maharashtra India,Maharashtra,India
MH-22-03-0549,22,3,2,Akot,Farm Equipment Dealers Directory,Farm Equipment Dealers Directory in Akot Maharashtra India,Maharashtra,India
MH-22-04-0550,22,4,1,Akot,Agricultural Machinery Importer Database,Agricultural Machinery Importer Database in Akot Maharashtra India,Maharashtra,India
MH-22-05-0551,22,5,1,Akot,Agricultural Equipment Buyer List,Agricultural Equipment Buyer List in Akot Maharashtra India,Maharashtra,India
MH-22-06-0552,22,6,2,Akot,Authorized Tractor Dealer,Authorized Tractor Dealer in Akot Maharashtra India,Maharashtra,India
MH-22-07-0553,22,7,1,Akot,Farm Machinery Exporter India,Farm Machinery Exporter India in Akot Maharashtra India,Maharashtra,India
MH-22-08-0554,22,8,1,Akot,Agricultural Machinery Import Export Company,Agricultural Machinery Import Export Company in Akot Maharashtra India,Maharashtra,India
MH-22-09-0555,22,9,2,Akot,Agricultural Equipment Tender Supplier,Agricultural Equipment Tender Supplier in Akot Maharashtra India,Maharashtra,India
MH-22-10-0556,22,10,1,Akot,Oem Agricultural Machinery Manufacturer,Oem Agricultural Machinery Manufacturer in Akot Maharashtra India,Maharashtra,India
MH-22-11-0557,22,11,2,Akot,Agricultural Machinery Distributor Near Me,Agricultural Machinery Distributor Near Me in Akot Maharashtra India,Maharashtra,India
MH-22-12-0558,22,12,2,Akot,Agricultural Equipment Wholesale Distributor,Agricultural Equipment Wholesale Distributor in Akot Maharashtra India,Maharashtra,India
MH-22-13-0559,22,13,2,Akot,Bulk Agricultural Machinery Supplier,Bulk Agricultural Machinery Supplier in Akot Maharashtra India,Maharashtra,India
MH-22-14-0560,22,14,3,Akot,Agricultural Machinery Marketplace,Agricultural Machinery Marketplace in Akot Maharashtra India,Maharashtra,India
MH-22-15-0561,22,15,1,Akot,Agricultural Machinery Procurement Company,Agricultural Machinery Procurement Company in Akot Maharashtra India,Maharashtra,India
MH-22-16-0562,22,16,1,Akot,Agricultural Equipment Sourcing Company,Agricultural Equipment Sourcing Company in Akot Maharashtra India,Maharashtra,India
MH-22-17-0563,22,17,2,Akot,Farm Machinery Wholesalers,Farm Machinery Wholesalers in Akot Maharashtra India,Maharashtra,India
MH-22-18-0564,22,18,2,Akot,Agricultural Machinery Supplier,Agricultural Machinery Supplier in Akot Maharashtra India,Maharashtra,India
MH-22-19-0565,22,19,2,Akot,Agricultural Machinery Distributor,Agricultural Machinery Distributor in Akot Maharashtra India,Maharashtra,India
MH-22-20-0566,22,20,2,Akot,Agricultural Machinery Dealer,Agricultural Machinery Dealer in Akot Maharashtra India,Maharashtra,India
MH-22-21-0567,22,21,1,Akot,Agricultural Equipment Exporter,Agricultural Equipment Exporter in Akot Maharashtra India,Maharashtra,India
MH-22-22-0568,22,22,2,Akot,Agricultural Machinery Wholesaler,Agricultural Machinery Wholesaler in Akot Maharashtra India,Maharashtra,India
MH-22-23-0569,22,23,2,Akot,Agricultural Machinery Trader,Agricultural Machinery Trader in Akot Maharashtra India,Maharashtra,India
MH-22-24-0570,22,24,1,Akot,Agricultural Machinery Manufacturer,Agricultural Machinery Manufacturer in Akot Maharashtra India,Maharashtra,India
MH-22-25-0571,22,25,1,Akot,Agricultural Equipment Procurement,Agricultural Equipment Procurement in Akot Maharashtra India,Maharashtra,India
MH-22-26-0572,22,26,1,Akot,Agricultural Machinery Importers,Agricultural Machinery Importers in Akot Maharashtra India,Maharashtra,India
MH-23-01-0573,23,1,1,Murtijapur,Agricultural Machinery Exporters List,Agricultural Machinery Exporters List in Murtijapur Maharashtra India,Maharashtra,India
MH-23-02-0574,23,2,1,Murtijapur,Agricultural Equipment Manufacturers List,Agricultural Equipment Manufacturers List in Murtijapur Maharashtra India,Maharashtra,India
MH-23-03-0575,23,3,2,Murtijapur,Farm Equipment Dealers Directory,Farm Equipment Dealers Directory in Murtijapur Maharashtra India,Maharashtra,India
MH-23-04-0576,23,4,1,Murtijapur,Agricultural Machinery Importer Database,Agricultural Machinery Importer Database in Murtijapur Maharashtra India,Maharashtra,India
MH-23-05-0577,23,5,1,Murtijapur,Agricultural Equipment Buyer List,Agricultural Equipment Buyer List in Murtijapur Maharashtra India,Maharashtra,India
MH-23-06-0578,23,6,2,Murtijapur,Authorized Tractor Dealer,Authorized Tractor Dealer in Murtijapur Maharashtra India,Maharashtra,India
MH-23-07-0579,23,7,1,Murtijapur,Farm Machinery Exporter India,Farm Machinery Exporter India in Murtijapur Maharashtra India,Maharashtra,India
MH-23-08-0580,23,8,1,Murtijapur,Agricultural Machinery Import Export Company,Agricultural Machinery Import Export Company in Murtijapur Maharashtra India,Maharashtra,India
MH-23-09-0581,23,9,2,Murtijapur,Agricultural Equipment Tender Supplier,Agricultural Equipment Tender Supplier in Murtijapur Maharashtra India,Maharashtra,India
MH-23-10-0582,23,10,1,Murtijapur,Oem Agricultural Machinery Manufacturer,Oem Agricultural Machinery Manufacturer in Murtijapur Maharashtra India,Maharashtra,India
MH-23-11-0583,23,11,2,Murtijapur,Agricultural Machinery Distributor Near Me,Agricultural Machinery Distributor Near Me in Murtijapur Maharashtra India,Maharashtra,India
MH-23-12-0584,23,12,2,Murtijapur,Agricultural Equipment Wholesale Distributor,Agricultural Equipment Wholesale Distributor in Murtijapur Maharashtra India,Maharashtra,India
MH-23-13-0585,23,13,2,Murtijapur,Bulk Agricultural Machinery Supplier,Bulk Agricultural Machinery Supplier in Murtijapur Maharashtra India,Maharashtra,India
MH-23-14-0586,23,14,3,Murtijapur,Agricultural Machinery Marketplace,Agricultural Machinery Marketplace in Murtijapur Maharashtra India,Maharashtra,India
MH-23-15-0587,23,15,1,Murtijapur,Agricultural Machinery Procurement Company,Agricultural Machinery Procurement Company in Murtijapur Maharashtra India,Maharashtra,India
MH-23-16-0588,23,16,1,Murtijapur,Agricultural Equipment Sourcing Company,Agricultural Equipment Sourcing Company in Murtijapur Maharashtra India,Maharashtra,India
MH-23-17-0589,23,17,2,Murtijapur,Farm Machinery Wholesalers,Farm Machinery Wholesalers in Murtijapur Maharashtra India,Maharashtra,India
MH-23-18-0590,23,18,2,Murtijapur,Agricultural Machinery Supplier,Agricultural Machinery Supplier in Murtijapur Maharashtra India,Maharashtra,India
MH-23-19-0591,23,19,2,Murtijapur,Agricultural Machinery Distributor,Agricultural Machinery Distributor in Murtijapur Maharashtra India,Maharashtra,India
MH-23-20-0592,23,20,2,Murtijapur,Agricultural Machinery Dealer,Agricultural Machinery Dealer in Murtijapur Maharashtra India,Maharashtra,India
MH-23-21-0593,23,21,1,Murtijapur,Agricultural Equipment Exporter,Agricultural Equipment Exporter in Murtijapur Maharashtra India,Maharashtra,India
MH-23-22-0594,23,22,2,Murtijapur,Agricultural Machinery Wholesaler,Agricultural Machinery Wholesaler in Murtijapur Maharashtra India,Maharashtra,India
MH-23-23-0595,23,23,2,Murtijapur,Agricultural Machinery Trader,Agricultural Machinery Trader in Murtijapur Maharashtra India,Maharashtra,India
MH-23-24-0596,23,24,1,Murtijapur,Agricultural Machinery Manufacturer,Agricultural Machinery Manufacturer in Murtijapur Maharashtra India,Maharashtra,India
MH-23-25-0597,23,25,1,Murtijapur,Agricultural Equipment Procurement,Agricultural Equipment Procurement in Murtijapur Maharashtra India,Maharashtra,India
MH-23-26-0598,23,26,1,Murtijapur,Agricultural Machinery Importers,Agricultural Machinery Importers in Murtijapur Maharashtra India,Maharashtra,India
MH-24-01-0599,24,1,1,Balapur,Agricultural Machinery Exporters List,Agricultural Machinery Exporters List in Balapur Maharashtra India,Maharashtra,India
MH-24-02-0600,24,2,1,Balapur,Agricultural Equipment Manufacturers List,Agricultural Equipment Manufacturers List in Balapur Maharashtra India,Maharashtra,India
MH-24-03-0601,24,3,2,Balapur,Farm Equipment Dealers Directory,Farm Equipment Dealers Directory in Balapur Maharashtra India,Maharashtra,India
MH-24-04-0602,24,4,1,Balapur,Agricultural Machinery Importer Database,Agricultural Machinery Importer Database in Balapur Maharashtra India,Maharashtra,India
MH-24-05-0603,24,5,1,Balapur,Agricultural Equipment Buyer List,Agricultural Equipment Buyer List in Balapur Maharashtra India,Maharashtra,India
MH-24-06-0604,24,6,2,Balapur,Authorized Tractor Dealer,Authorized Tractor Dealer in Balapur Maharashtra India,Maharashtra,India
MH-24-07-0605,24,7,1,Balapur,Farm Machinery Exporter India,Farm Machinery Exporter India in Balapur Maharashtra India,Maharashtra,India
MH-24-08-0606,24,8,1,Balapur,Agricultural Machinery Import Export Company,Agricultural Machinery Import Export Company in Balapur Maharashtra India,Maharashtra,India
MH-24-09-0607,24,9,2,Balapur,Agricultural Equipment Tender Supplier,Agricultural Equipment Tender Supplier in Balapur Maharashtra India,Maharashtra,India
MH-24-10-0608,24,10,1,Balapur,Oem Agricultural Machinery Manufacturer,Oem Agricultural Machinery Manufacturer in Balapur Maharashtra India,Maharashtra,India
MH-24-11-0609,24,11,2,Balapur,Agricultural Machinery Distributor Near Me,Agricultural Machinery Distributor Near Me in Balapur Maharashtra India,Maharashtra,India
MH-24-12-0610,24,12,2,Balapur,Agricultural Equipment Wholesale Distributor,Agricultural Equipment Wholesale Distributor in Balapur Maharashtra India,Maharashtra,India
MH-24-13-0611,24,13,2,Balapur,Bulk Agricultural Machinery Supplier,Bulk Agricultural Machinery Supplier in Balapur Maharashtra India,Maharashtra,India
MH-24-14-0612,24,14,3,Balapur,Agricultural Machinery Marketplace,Agricultural Machinery Marketplace in Balapur Maharashtra India,Maharashtra,India
MH-24-15-0613,24,15,1,Balapur,Agricultural Machinery Procurement Company,Agricultural Machinery Procurement Company in Balapur Maharashtra India,Maharashtra,India
MH-24-16-0614,24,16,1,Balapur,Agricultural Equipment Sourcing Company,Agricultural Equipment Sourcing Company in Balapur Maharashtra India,Maharashtra,India
MH-24-17-0615,24,17,2,Balapur,Farm Machinery Wholesalers,Farm Machinery Wholesalers in Balapur Maharashtra India,Maharashtra,India
MH-24-18-0616,24,18,2,Balapur,Agricultural Machinery Supplier,Agricultural Machinery Supplier in Balapur Maharashtra India,Maharashtra,India
MH-24-19-0617,24,19,2,Balapur,Agricultural Machinery Distributor,Agricultural Machinery Distributor in Balapur Maharashtra India,Maharashtra,India
MH-24-20-0618,24,20,2,Balapur,Agricultural Machinery Dealer,Agricultural Machinery Dealer in Balapur Maharashtra India,Maharashtra,India
MH-24-21-0619,24,21,1,Balapur,Agricultural Equipment Exporter,Agricultural Equipment Exporter in Balapur Maharashtra India,Maharashtra,India
MH-24-22-0620,24,22,2,Balapur,Agricultural Machinery Wholesaler,Agricultural Machinery Wholesaler in Balapur Maharashtra India,Maharashtra,India
MH-24-23-0621,24,23,2,Balapur,Agricultural Machinery Trader,Agricultural Machinery Trader in Balapur Maharashtra India,Maharashtra,India
MH-24-24-0622,24,24,1,Balapur,Agricultural Machinery Manufacturer,Agricultural Machinery Manufacturer in Balapur Maharashtra India,Maharashtra,India
MH-24-25-0623,24,25,1,Balapur,Agricultural Equipment Procurement,Agricultural Equipment Procurement in Balapur Maharashtra India,Maharashtra,India
MH-24-26-0624,24,26,1,Balapur,Agricultural Machinery Importers,Agricultural Machinery Importers in Balapur Maharashtra India,Maharashtra,India
MH-25-01-0625,25,1,1,Amravati,Agricultural Machinery Exporters List,Agricultural Machinery Exporters List in Amravati Maharashtra India,Maharashtra,India
MH-25-02-0626,25,2,1,Amravati,Agricultural Equipment Manufacturers List,Agricultural Equipment Manufacturers List in Amravati Maharashtra India,Maharashtra,India
MH-25-03-0627,25,3,2,Amravati,Farm Equipment Dealers Directory,Farm Equipment Dealers Directory in Amravati Maharashtra India,Maharashtra,India
MH-25-04-0628,25,4,1,Amravati,Agricultural Machinery Importer Database,Agricultural Machinery Importer Database in Amravati Maharashtra India,Maharashtra,India
MH-25-05-0629,25,5,1,Amravati,Agricultural Equipment Buyer List,Agricultural Equipment Buyer List in Amravati Maharashtra India,Maharashtra,India
MH-25-06-0630,25,6,2,Amravati,Authorized Tractor Dealer,Authorized Tractor Dealer in Amravati Maharashtra India,Maharashtra,India
MH-25-07-0631,25,7,1,Amravati,Farm Machinery Exporter India,Farm Machinery Exporter India in Amravati Maharashtra India,Maharashtra,India
MH-25-08-0632,25,8,1,Amravati,Agricultural Machinery Import Export Company,Agricultural Machinery Import Export Company in Amravati Maharashtra India,Maharashtra,India
MH-25-09-0633,25,9,2,Amravati,Agricultural Equipment Tender Supplier,Agricultural Equipment Tender Supplier in Amravati Maharashtra India,Maharashtra,India
MH-25-10-0634,25,10,1,Amravati,Oem Agricultural Machinery Manufacturer,Oem Agricultural Machinery Manufacturer in Amravati Maharashtra India,Maharashtra,India
MH-25-11-0635,25,11,2,Amravati,Agricultural Machinery Distributor Near Me,Agricultural Machinery Distributor Near Me in Amravati Maharashtra India,Maharashtra,India
MH-25-12-0636,25,12,2,Amravati,Agricultural Equipment Wholesale Distributor,Agricultural Equipment Wholesale Distributor in Amravati Maharashtra India,Maharashtra,India
MH-25-13-0637,25,13,2,Amravati,Bulk Agricultural Machinery Supplier,Bulk Agricultural Machinery Supplier in Amravati Maharashtra India,Maharashtra,India
MH-25-14-0638,25,14,3,Amravati,Agricultural Machinery Marketplace,Agricultural Machinery Marketplace in Amravati Maharashtra India,Maharashtra,India
MH-25-15-0639,25,15,1,Amravati,Agricultural Machinery Procurement Company,Agricultural Machinery Procurement Company in Amravati Maharashtra India,Maharashtra,India
MH-25-16-0640,25,16,1,Amravati,Agricultural Equipment Sourcing Company,Agricultural Equipment Sourcing Company in Amravati Maharashtra India,Maharashtra,India
MH-25-17-0641,25,17,2,Amravati,Farm Machinery Wholesalers,Farm Machinery Wholesalers in Amravati Maharashtra India,Maharashtra,India
MH-25-18-0642,25,18,2,Amravati,Agricultural Machinery Supplier,Agricultural Machinery Supplier in Amravati Maharashtra India,Maharashtra,India
MH-25-19-0643,25,19,2,Amravati,Agricultural Machinery Distributor,Agricultural Machinery Distributor in Amravati Maharashtra India,Maharashtra,India
MH-25-20-0644,25,20,2,Amravati,Agricultural Machinery Dealer,Agricultural Machinery Dealer in Amravati Maharashtra India,Maharashtra,India
MH-25-21-0645,25,21,1,Amravati,Agricultural Equipment Exporter,Agricultural Equipment Exporter in Amravati Maharashtra India,Maharashtra,India
MH-25-22-0646,25,22,2,Amravati,Agricultural Machinery Wholesaler,Agricultural Machinery Wholesaler in Amravati Maharashtra India,Maharashtra,India
MH-25-23-0647,25,23,2,Amravati,Agricultural Machinery Trader,Agricultural Machinery Trader in Amravati Maharashtra India,Maharashtra,India
MH-25-24-0648,25,24,1,Amravati,Agricultural Machinery Manufacturer,Agricultural Machinery Manufacturer in Amravati Maharashtra India,Maharashtra,India
MH-25-25-0649,25,25,1,Amravati,Agricultural Equipment Procurement,Agricultural Equipment Procurement in Amravati Maharashtra India,Maharashtra,India
MH-25-26-0650,25,26,1,Amravati,Agricultural Machinery Importers,Agricultural Machinery Importers in Amravati Maharashtra India,Maharashtra,India
MH-26-01-0651,26,1,1,Achalpur,Agricultural Machinery Exporters List,Agricultural Machinery Exporters List in Achalpur Maharashtra India,Maharashtra,India
MH-26-02-0652,26,2,1,Achalpur,Agricultural Equipment Manufacturers List,Agricultural Equipment Manufacturers List in Achalpur Maharashtra India,Maharashtra,India
MH-26-03-0653,26,3,2,Achalpur,Farm Equipment Dealers Directory,Farm Equipment Dealers Directory in Achalpur Maharashtra India,Maharashtra,India
MH-26-04-0654,26,4,1,Achalpur,Agricultural Machinery Importer Database,Agricultural Machinery Importer Database in Achalpur Maharashtra India,Maharashtra,India
MH-26-05-0655,26,5,1,Achalpur,Agricultural Equipment Buyer List,Agricultural Equipment Buyer List in Achalpur Maharashtra India,Maharashtra,India
MH-26-06-0656,26,6,2,Achalpur,Authorized Tractor Dealer,Authorized Tractor Dealer in Achalpur Maharashtra India,Maharashtra,India
MH-26-07-0657,26,7,1,Achalpur,Farm Machinery Exporter India,Farm Machinery Exporter India in Achalpur Maharashtra India,Maharashtra,India
MH-26-08-0658,26,8,1,Achalpur,Agricultural Machinery Import Export Company,Agricultural Machinery Import Export Company in Achalpur Maharashtra India,Maharashtra,India
MH-26-09-0659,26,9,2,Achalpur,Agricultural Equipment Tender Supplier,Agricultural Equipment Tender Supplier in Achalpur Maharashtra India,Maharashtra,India
MH-26-10-0660,26,10,1,Achalpur,Oem Agricultural Machinery Manufacturer,Oem Agricultural Machinery Manufacturer in Achalpur Maharashtra India,Maharashtra,India
MH-26-11-0661,26,11,2,Achalpur,Agricultural Machinery Distributor Near Me,Agricultural Machinery Distributor Near Me in Achalpur Maharashtra India,Maharashtra,India
MH-26-12-0662,26,12,2,Achalpur,Agricultural Equipment Wholesale Distributor,Agricultural Equipment Wholesale Distributor in Achalpur Maharashtra India,Maharashtra,India
MH-26-13-0663,26,13,2,Achalpur,Bulk Agricultural Machinery Supplier,Bulk Agricultural Machinery Supplier in Achalpur Maharashtra India,Maharashtra,India
MH-26-14-0664,26,14,3,Achalpur,Agricultural Machinery Marketplace,Agricultural Machinery Marketplace in Achalpur Maharashtra India,Maharashtra,India
MH-26-15-0665,26,15,1,Achalpur,Agricultural Machinery Procurement Company,Agricultural Machinery Procurement Company in Achalpur Maharashtra India,Maharashtra,India
MH-26-16-0666,26,16,1,Achalpur,Agricultural Equipment Sourcing Company,Agricultural Equipment Sourcing Company in Achalpur Maharashtra India,Maharashtra,India
MH-26-17-0667,26,17,2,Achalpur,Farm Machinery Wholesalers,Farm Machinery Wholesalers in Achalpur Maharashtra India,Maharashtra,India
MH-26-18-0668,26,18,2,Achalpur,Agricultural Machinery Supplier,Agricultural Machinery Supplier in Achalpur Maharashtra India,Maharashtra,India
MH-26-19-0669,26,19,2,Achalpur,Agricultural Machinery Distributor,Agricultural Machinery Distributor in Achalpur Maharashtra India,Maharashtra,India
MH-26-20-0670,26,20,2,Achalpur,Agricultural Machinery Dealer,Agricultural Machinery Dealer in Achalpur Maharashtra India,Maharashtra,India
MH-26-21-0671,26,21,1,Achalpur,Agricultural Equipment Exporter,Agricultural Equipment Exporter in Achalpur Maharashtra India,Maharashtra,India
MH-26-22-0672,26,22,2,Achalpur,Agricultural Machinery Wholesaler,Agricultural Machinery Wholesaler in Achalpur Maharashtra India,Maharashtra,India
MH-26-23-0673,26,23,2,Achalpur,Agricultural Machinery Trader,Agricultural Machinery Trader in Achalpur Maharashtra India,Maharashtra,India
MH-26-24-0674,26,24,1,Achalpur,Agricultural Machinery Manufacturer,Agricultural Machinery Manufacturer in Achalpur Maharashtra India,Maharashtra,India
MH-26-25-0675,26,25,1,Achalpur,Agricultural Equipment Procurement,Agricultural Equipment Procurement in Achalpur Maharashtra India,Maharashtra,India
MH-26-26-0676,26,26,1,Achalpur,Agricultural Machinery Importers,Agricultural Machinery Importers in Achalpur Maharashtra India,Maharashtra,India
MH-27-01-0677,27,1,1,Daryapur,Agricultural Machinery Exporters List,Agricultural Machinery Exporters List in Daryapur Maharashtra India,Maharashtra,India
MH-27-02-0678,27,2,1,Daryapur,Agricultural Equipment Manufacturers List,Agricultural Equipment Manufacturers List in Daryapur Maharashtra India,Maharashtra,India
MH-27-03-0679,27,3,2,Daryapur,Farm Equipment Dealers Directory,Farm Equipment Dealers Directory in Daryapur Maharashtra India,Maharashtra,India
MH-27-04-0680,27,4,1,Daryapur,Agricultural Machinery Importer Database,Agricultural Machinery Importer Database in Daryapur Maharashtra India,Maharashtra,India
MH-27-05-0681,27,5,1,Daryapur,Agricultural Equipment Buyer List,Agricultural Equipment Buyer List in Daryapur Maharashtra India,Maharashtra,India
MH-27-06-0682,27,6,2,Daryapur,Authorized Tractor Dealer,Authorized Tractor Dealer in Daryapur Maharashtra India,Maharashtra,India
MH-27-07-0683,27,7,1,Daryapur,Farm Machinery Exporter India,Farm Machinery Exporter India in Daryapur Maharashtra India,Maharashtra,India
MH-27-08-0684,27,8,1,Daryapur,Agricultural Machinery Import Export Company,Agricultural Machinery Import Export Company in Daryapur Maharashtra India,Maharashtra,India
MH-27-09-0685,27,9,2,Daryapur,Agricultural Equipment Tender Supplier,Agricultural Equipment Tender Supplier in Daryapur Maharashtra India,Maharashtra,India
MH-27-10-0686,27,10,1,Daryapur,Oem Agricultural Machinery Manufacturer,Oem Agricultural Machinery Manufacturer in Daryapur Maharashtra India,Maharashtra,India
MH-27-11-0687,27,11,2,Daryapur,Agricultural Machinery Distributor Near Me,Agricultural Machinery Distributor Near Me in Daryapur Maharashtra India,Maharashtra,India
MH-27-12-0688,27,12,2,Daryapur,Agricultural Equipment Wholesale Distributor,Agricultural Equipment Wholesale Distributor in Daryapur Maharashtra India,Maharashtra,India
MH-27-13-0689,27,13,2,Daryapur,Bulk Agricultural Machinery Supplier,Bulk Agricultural Machinery Supplier in Daryapur Maharashtra India,Maharashtra,India
MH-27-14-0690,27,14,3,Daryapur,Agricultural Machinery Marketplace,Agricultural Machinery Marketplace in Daryapur Maharashtra India,Maharashtra,India
MH-27-15-0691,27,15,1,Daryapur,Agricultural Machinery Procurement Company,Agricultural Machinery Procurement Company in Daryapur Maharashtra India,Maharashtra,India
MH-27-16-0692,27,16,1,Daryapur,Agricultural Equipment Sourcing Company,Agricultural Equipment Sourcing Company in Daryapur Maharashtra India,Maharashtra,India
MH-27-17-0693,27,17,2,Daryapur,Farm Machinery Wholesalers,Farm Machinery Wholesalers in Daryapur Maharashtra India,Maharashtra,India
MH-27-18-0694,27,18,2,Daryapur,Agricultural Machinery Supplier,Agricultural Machinery Supplier in Daryapur Maharashtra India,Maharashtra,India
MH-27-19-0695,27,19,2,Daryapur,Agricultural Machinery Distributor,Agricultural Machinery Distributor in Daryapur Maharashtra India,Maharashtra,India
MH-27-20-0696,27,20,2,Daryapur,Agricultural Machinery Dealer,Agricultural Machinery Dealer in Daryapur Maharashtra India,Maharashtra,India
MH-27-21-0697,27,21,1,Daryapur,Agricultural Equipment Exporter,Agricultural Equipment Exporter in Daryapur Maharashtra India,Maharashtra,India
MH-27-22-0698,27,22,2,Daryapur,Agricultural Machinery Wholesaler,Agricultural Machinery Wholesaler in Daryapur Maharashtra India,Maharashtra,India
MH-27-23-0699,27,23,2,Daryapur,Agricultural Machinery Trader,Agricultural Machinery Trader in Daryapur Maharashtra India,Maharashtra,India
MH-27-24-0700,27,24,1,Daryapur,Agricultural Machinery Manufacturer,Agricultural Machinery Manufacturer in Daryapur Maharashtra India,Maharashtra,India
MH-27-25-0701,27,25,1,Daryapur,Agricultural Equipment Procurement,Agricultural Equipment Procurement in Daryapur Maharashtra India,Maharashtra,India
MH-27-26-0702,27,26,1,Daryapur,Agricultural Machinery Importers,Agricultural Machinery Importers in Daryapur Maharashtra India,Maharashtra,India
MH-28-01-0703,28,1,1,Anjangaon Surji,Agricultural Machinery Exporters List,Agricultural Machinery Exporters List in Anjangaon Surji Maharashtra India,Maharashtra,India
MH-28-02-0704,28,2,1,Anjangaon Surji,Agricultural Equipment Manufacturers List,Agricultural Equipment Manufacturers List in Anjangaon Surji Maharashtra India,Maharashtra,India
MH-28-03-0705,28,3,2,Anjangaon Surji,Farm Equipment Dealers Directory,Farm Equipment Dealers Directory in Anjangaon Surji Maharashtra India,Maharashtra,India
MH-28-04-0706,28,4,1,Anjangaon Surji,Agricultural Machinery Importer Database,Agricultural Machinery Importer Database in Anjangaon Surji Maharashtra India,Maharashtra,India
MH-28-05-0707,28,5,1,Anjangaon Surji,Agricultural Equipment Buyer List,Agricultural Equipment Buyer List in Anjangaon Surji Maharashtra India,Maharashtra,India
MH-28-06-0708,28,6,2,Anjangaon Surji,Authorized Tractor Dealer,Authorized Tractor Dealer in Anjangaon Surji Maharashtra India,Maharashtra,India
MH-28-07-0709,28,7,1,Anjangaon Surji,Farm Machinery Exporter India,Farm Machinery Exporter India in Anjangaon Surji Maharashtra India,Maharashtra,India
MH-28-08-0710,28,8,1,Anjangaon Surji,Agricultural Machinery Import Export Company,Agricultural Machinery Import Export Company in Anjangaon Surji Maharashtra India,Maharashtra,India
MH-28-09-0711,28,9,2,Anjangaon Surji,Agricultural Equipment Tender Supplier,Agricultural Equipment Tender Supplier in Anjangaon Surji Maharashtra India,Maharashtra,India
MH-28-10-0712,28,10,1,Anjangaon Surji,Oem Agricultural Machinery Manufacturer,Oem Agricultural Machinery Manufacturer in Anjangaon Surji Maharashtra India,Maharashtra,India
MH-28-11-0713,28,11,2,Anjangaon Surji,Agricultural Machinery Distributor Near Me,Agricultural Machinery Distributor Near Me in Anjangaon Surji Maharashtra India,Maharashtra,India
MH-28-12-0714,28,12,2,Anjangaon Surji,Agricultural Equipment Wholesale Distributor,Agricultural Equipment Wholesale Distributor in Anjangaon Surji Maharashtra India,Maharashtra,India
MH-28-13-0715,28,13,2,Anjangaon Surji,Bulk Agricultural Machinery Supplier,Bulk Agricultural Machinery Supplier in Anjangaon Surji Maharashtra India,Maharashtra,India
MH-28-14-0716,28,14,3,Anjangaon Surji,Agricultural Machinery Marketplace,Agricultural Machinery Marketplace in Anjangaon Surji Maharashtra India,Maharashtra,India
MH-28-15-0717,28,15,1,Anjangaon Surji,Agricultural Machinery Procurement Company,Agricultural Machinery Procurement Company in Anjangaon Surji Maharashtra India,Maharashtra,India
MH-28-16-0718,28,16,1,Anjangaon Surji,Agricultural Equipment Sourcing Company,Agricultural Equipment Sourcing Company in Anjangaon Surji Maharashtra India,Maharashtra,India
MH-28-17-0719,28,17,2,Anjangaon Surji,Farm Machinery Wholesalers,Farm Machinery Wholesalers in Anjangaon Surji Maharashtra India,Maharashtra,India
MH-28-18-0720,28,18,2,Anjangaon Surji,Agricultural Machinery Supplier,Agricultural Machinery Supplier in Anjangaon Surji Maharashtra India,Maharashtra,India
MH-28-19-0721,28,19,2,Anjangaon Surji,Agricultural Machinery Distributor,Agricultural Machinery Distributor in Anjangaon Surji Maharashtra India,Maharashtra,India
MH-28-20-0722,28,20,2,Anjangaon Surji,Agricultural Machinery Dealer,Agricultural Machinery Dealer in Anjangaon Surji Maharashtra India,Maharashtra,India
MH-28-21-0723,28,21,1,Anjangaon Surji,Agricultural Equipment Exporter,Agricultural Equipment Exporter in Anjangaon Surji Maharashtra India,Maharashtra,India
MH-28-22-0724,28,22,2,Anjangaon Surji,Agricultural Machinery Wholesaler,Agricultural Machinery Wholesaler in Anjangaon Surji Maharashtra India,Maharashtra,India
MH-28-23-0725,28,23,2,Anjangaon Surji,Agricultural Machinery Trader,Agricultural Machinery Trader in Anjangaon Surji Maharashtra India,Maharashtra,India
MH-28-24-0726,28,24,1,Anjangaon Surji,Agricultural Machinery Manufacturer,Agricultural Machinery Manufacturer in Anjangaon Surji Maharashtra India,Maharashtra,India
MH-28-25-0727,28,25,1,Anjangaon Surji,Agricultural Equipment Procurement,Agricultural Equipment Procurement in Anjangaon Surji Maharashtra India,Maharashtra,India
MH-28-26-0728,28,26,1,Anjangaon Surji,Agricultural Machinery Importers,Agricultural Machinery Importers in Anjangaon Surji Maharashtra India,Maharashtra,India
MH-29-01-0729,29,1,1,Beed,Agricultural Machinery Exporters List,Agricultural Machinery Exporters List in Beed Maharashtra India,Maharashtra,India
MH-29-02-0730,29,2,1,Beed,Agricultural Equipment Manufacturers List,Agricultural Equipment Manufacturers List in Beed Maharashtra India,Maharashtra,India
MH-29-03-0731,29,3,2,Beed,Farm Equipment Dealers Directory,Farm Equipment Dealers Directory in Beed Maharashtra India,Maharashtra,India
MH-29-04-0732,29,4,1,Beed,Agricultural Machinery Importer Database,Agricultural Machinery Importer Database in Beed Maharashtra India,Maharashtra,India
MH-29-05-0733,29,5,1,Beed,Agricultural Equipment Buyer List,Agricultural Equipment Buyer List in Beed Maharashtra India,Maharashtra,India
MH-29-06-0734,29,6,2,Beed,Authorized Tractor Dealer,Authorized Tractor Dealer in Beed Maharashtra India,Maharashtra,India
MH-29-07-0735,29,7,1,Beed,Farm Machinery Exporter India,Farm Machinery Exporter India in Beed Maharashtra India,Maharashtra,India
MH-29-08-0736,29,8,1,Beed,Agricultural Machinery Import Export Company,Agricultural Machinery Import Export Company in Beed Maharashtra India,Maharashtra,India
MH-29-09-0737,29,9,2,Beed,Agricultural Equipment Tender Supplier,Agricultural Equipment Tender Supplier in Beed Maharashtra India,Maharashtra,India
MH-29-10-0738,29,10,1,Beed,Oem Agricultural Machinery Manufacturer,Oem Agricultural Machinery Manufacturer in Beed Maharashtra India,Maharashtra,India
MH-29-11-0739,29,11,2,Beed,Agricultural Machinery Distributor Near Me,Agricultural Machinery Distributor Near Me in Beed Maharashtra India,Maharashtra,India
MH-29-12-0740,29,12,2,Beed,Agricultural Equipment Wholesale Distributor,Agricultural Equipment Wholesale Distributor in Beed Maharashtra India,Maharashtra,India
MH-29-13-0741,29,13,2,Beed,Bulk Agricultural Machinery Supplier,Bulk Agricultural Machinery Supplier in Beed Maharashtra India,Maharashtra,India
MH-29-14-0742,29,14,3,Beed,Agricultural Machinery Marketplace,Agricultural Machinery Marketplace in Beed Maharashtra India,Maharashtra,India
MH-29-15-0743,29,15,1,Beed,Agricultural Machinery Procurement Company,Agricultural Machinery Procurement Company in Beed Maharashtra India,Maharashtra,India
MH-29-16-0744,29,16,1,Beed,Agricultural Equipment Sourcing Company,Agricultural Equipment Sourcing Company in Beed Maharashtra India,Maharashtra,India
MH-29-17-0745,29,17,2,Beed,Farm Machinery Wholesalers,Farm Machinery Wholesalers in Beed Maharashtra India,Maharashtra,India
MH-29-18-0746,29,18,2,Beed,Agricultural Machinery Supplier,Agricultural Machinery Supplier in Beed Maharashtra India,Maharashtra,India
MH-29-19-0747,29,19,2,Beed,Agricultural Machinery Distributor,Agricultural Machinery Distributor in Beed Maharashtra India,Maharashtra,India
MH-29-20-0748,29,20,2,Beed,Agricultural Machinery Dealer,Agricultural Machinery Dealer in Beed Maharashtra India,Maharashtra,India
MH-29-21-0749,29,21,1,Beed,Agricultural Equipment Exporter,Agricultural Equipment Exporter in Beed Maharashtra India,Maharashtra,India
MH-29-22-0750,29,22,2,Beed,Agricultural Machinery Wholesaler,Agricultural Machinery Wholesaler in Beed Maharashtra India,Maharashtra,India
MH-29-23-0751,29,23,2,Beed,Agricultural Machinery Trader,Agricultural Machinery Trader in Beed Maharashtra India,Maharashtra,India
MH-29-24-0752,29,24,1,Beed,Agricultural Machinery Manufacturer,Agricultural Machinery Manufacturer in Beed Maharashtra India,Maharashtra,India
MH-29-25-0753,29,25,1,Beed,Agricultural Equipment Procurement,Agricultural Equipment Procurement in Beed Maharashtra India,Maharashtra,India
MH-29-26-0754,29,26,1,Beed,Agricultural Machinery Importers,Agricultural Machinery Importers in Beed Maharashtra India,Maharashtra,India
MH-30-01-0755,30,1,1,Parli Vaijnath,Agricultural Machinery Exporters List,Agricultural Machinery Exporters List in Parli Vaijnath Maharashtra India,Maharashtra,India
MH-30-02-0756,30,2,1,Parli Vaijnath,Agricultural Equipment Manufacturers List,Agricultural Equipment Manufacturers List in Parli Vaijnath Maharashtra India,Maharashtra,India
MH-30-03-0757,30,3,2,Parli Vaijnath,Farm Equipment Dealers Directory,Farm Equipment Dealers Directory in Parli Vaijnath Maharashtra India,Maharashtra,India
MH-30-04-0758,30,4,1,Parli Vaijnath,Agricultural Machinery Importer Database,Agricultural Machinery Importer Database in Parli Vaijnath Maharashtra India,Maharashtra,India
MH-30-05-0759,30,5,1,Parli Vaijnath,Agricultural Equipment Buyer List,Agricultural Equipment Buyer List in Parli Vaijnath Maharashtra India,Maharashtra,India
MH-30-06-0760,30,6,2,Parli Vaijnath,Authorized Tractor Dealer,Authorized Tractor Dealer in Parli Vaijnath Maharashtra India,Maharashtra,India
MH-30-07-0761,30,7,1,Parli Vaijnath,Farm Machinery Exporter India,Farm Machinery Exporter India in Parli Vaijnath Maharashtra India,Maharashtra,India
MH-30-08-0762,30,8,1,Parli Vaijnath,Agricultural Machinery Import Export Company,Agricultural Machinery Import Export Company in Parli Vaijnath Maharashtra India,Maharashtra,India
MH-30-09-0763,30,9,2,Parli Vaijnath,Agricultural Equipment Tender Supplier,Agricultural Equipment Tender Supplier in Parli Vaijnath Maharashtra India,Maharashtra,India
MH-30-10-0764,30,10,1,Parli Vaijnath,Oem Agricultural Machinery Manufacturer,Oem Agricultural Machinery Manufacturer in Parli Vaijnath Maharashtra India,Maharashtra,India
MH-30-11-0765,30,11,2,Parli Vaijnath,Agricultural Machinery Distributor Near Me,Agricultural Machinery Distributor Near Me in Parli Vaijnath Maharashtra India,Maharashtra,India
MH-30-12-0766,30,12,2,Parli Vaijnath,Agricultural Equipment Wholesale Distributor,Agricultural Equipment Wholesale Distributor in Parli Vaijnath Maharashtra India,Maharashtra,India
MH-30-13-0767,30,13,2,Parli Vaijnath,Bulk Agricultural Machinery Supplier,Bulk Agricultural Machinery Supplier in Parli Vaijnath Maharashtra India,Maharashtra,India
MH-30-14-0768,30,14,3,Parli Vaijnath,Agricultural Machinery Marketplace,Agricultural Machinery Marketplace in Parli Vaijnath Maharashtra India,Maharashtra,India
MH-30-15-0769,30,15,1,Parli Vaijnath,Agricultural Machinery Procurement Company,Agricultural Machinery Procurement Company in Parli Vaijnath Maharashtra India,Maharashtra,India
MH-30-16-0770,30,16,1,Parli Vaijnath,Agricultural Equipment Sourcing Company,Agricultural Equipment Sourcing Company in Parli Vaijnath Maharashtra India,Maharashtra,India
MH-30-17-0771,30,17,2,Parli Vaijnath,Farm Machinery Wholesalers,Farm Machinery Wholesalers in Parli Vaijnath Maharashtra India,Maharashtra,India
MH-30-18-0772,30,18,2,Parli Vaijnath,Agricultural Machinery Supplier,Agricultural Machinery Supplier in Parli Vaijnath Maharashtra India,Maharashtra,India
MH-30-19-0773,30,19,2,Parli Vaijnath,Agricultural Machinery Distributor,Agricultural Machinery Distributor in Parli Vaijnath Maharashtra India,Maharashtra,India
MH-30-20-0774,30,20,2,Parli Vaijnath,Agricultural Machinery Dealer,Agricultural Machinery Dealer in Parli Vaijnath Maharashtra India,Maharashtra,India
MH-30-21-0775,30,21,1,Parli Vaijnath,Agricultural Equipment Exporter,Agricultural Equipment Exporter in Parli Vaijnath Maharashtra India,Maharashtra,India
MH-30-22-0776,30,22,2,Parli Vaijnath,Agricultural Machinery Wholesaler,Agricultural Machinery Wholesaler in Parli Vaijnath Maharashtra India,Maharashtra,India
MH-30-23-0777,30,23,2,Parli Vaijnath,Agricultural Machinery Trader,Agricultural Machinery Trader in Parli Vaijnath Maharashtra India,Maharashtra,India
MH-30-24-0778,30,24,1,Parli Vaijnath,Agricultural Machinery Manufacturer,Agricultural Machinery Manufacturer in Parli Vaijnath Maharashtra India,Maharashtra,India
MH-30-25-0779,30,25,1,Parli Vaijnath,Agricultural Equipment Procurement,Agricultural Equipment Procurement in Parli Vaijnath Maharashtra India,Maharashtra,India
MH-30-26-0780,30,26,1,Parli Vaijnath,Agricultural Machinery Importers,Agricultural Machinery Importers in Parli Vaijnath Maharashtra India,Maharashtra,India
MH-31-01-0781,31,1,1,Ambajogai,Agricultural Machinery Exporters List,Agricultural Machinery Exporters List in Ambajogai Maharashtra India,Maharashtra,India
MH-31-02-0782,31,2,1,Ambajogai,Agricultural Equipment Manufacturers List,Agricultural Equipment Manufacturers List in Ambajogai Maharashtra India,Maharashtra,India
MH-31-03-0783,31,3,2,Ambajogai,Farm Equipment Dealers Directory,Farm Equipment Dealers Directory in Ambajogai Maharashtra India,Maharashtra,India
MH-31-04-0784,31,4,1,Ambajogai,Agricultural Machinery Importer Database,Agricultural Machinery Importer Database in Ambajogai Maharashtra India,Maharashtra,India
MH-31-05-0785,31,5,1,Ambajogai,Agricultural Equipment Buyer List,Agricultural Equipment Buyer List in Ambajogai Maharashtra India,Maharashtra,India
MH-31-06-0786,31,6,2,Ambajogai,Authorized Tractor Dealer,Authorized Tractor Dealer in Ambajogai Maharashtra India,Maharashtra,India
MH-31-07-0787,31,7,1,Ambajogai,Farm Machinery Exporter India,Farm Machinery Exporter India in Ambajogai Maharashtra India,Maharashtra,India
MH-31-08-0788,31,8,1,Ambajogai,Agricultural Machinery Import Export Company,Agricultural Machinery Import Export Company in Ambajogai Maharashtra India,Maharashtra,India
MH-31-09-0789,31,9,2,Ambajogai,Agricultural Equipment Tender Supplier,Agricultural Equipment Tender Supplier in Ambajogai Maharashtra India,Maharashtra,India
MH-31-10-0790,31,10,1,Ambajogai,Oem Agricultural Machinery Manufacturer,Oem Agricultural Machinery Manufacturer in Ambajogai Maharashtra India,Maharashtra,India
MH-31-11-0791,31,11,2,Ambajogai,Agricultural Machinery Distributor Near Me,Agricultural Machinery Distributor Near Me in Ambajogai Maharashtra India,Maharashtra,India
MH-31-12-0792,31,12,2,Ambajogai,Agricultural Equipment Wholesale Distributor,Agricultural Equipment Wholesale Distributor in Ambajogai Maharashtra India,Maharashtra,India
MH-31-13-0793,31,13,2,Ambajogai,Bulk Agricultural Machinery Supplier,Bulk Agricultural Machinery Supplier in Ambajogai Maharashtra India,Maharashtra,India
MH-31-14-0794,31,14,3,Ambajogai,Agricultural Machinery Marketplace,Agricultural Machinery Marketplace in Ambajogai Maharashtra India,Maharashtra,India
MH-31-15-0795,31,15,1,Ambajogai,Agricultural Machinery Procurement Company,Agricultural Machinery Procurement Company in Ambajogai Maharashtra India,Maharashtra,India
MH-31-16-0796,31,16,1,Ambajogai,Agricultural Equipment Sourcing Company,Agricultural Equipment Sourcing Company in Ambajogai Maharashtra India,Maharashtra,India
MH-31-17-0797,31,17,2,Ambajogai,Farm Machinery Wholesalers,Farm Machinery Wholesalers in Ambajogai Maharashtra India,Maharashtra,India
MH-31-18-0798,31,18,2,Ambajogai,Agricultural Machinery Supplier,Agricultural Machinery Supplier in Ambajogai Maharashtra India,Maharashtra,India
MH-31-19-0799,31,19,2,Ambajogai,Agricultural Machinery Distributor,Agricultural Machinery Distributor in Ambajogai Maharashtra India,Maharashtra,India
MH-31-20-0800,31,20,2,Ambajogai,Agricultural Machinery Dealer,Agricultural Machinery Dealer in Ambajogai Maharashtra India,Maharashtra,India
MH-31-21-0801,31,21,1,Ambajogai,Agricultural Equipment Exporter,Agricultural Equipment Exporter in Ambajogai Maharashtra India,Maharashtra,India
MH-31-22-0802,31,22,2,Ambajogai,Agricultural Machinery Wholesaler,Agricultural Machinery Wholesaler in Ambajogai Maharashtra India,Maharashtra,India
MH-31-23-0803,31,23,2,Ambajogai,Agricultural Machinery Trader,Agricultural Machinery Trader in Ambajogai Maharashtra India,Maharashtra,India
MH-31-24-0804,31,24,1,Ambajogai,Agricultural Machinery Manufacturer,Agricultural Machinery Manufacturer in Ambajogai Maharashtra India,Maharashtra,India
MH-31-25-0805,31,25,1,Ambajogai,Agricultural Equipment Procurement,Agricultural Equipment Procurement in Ambajogai Maharashtra India,Maharashtra,India
MH-31-26-0806,31,26,1,Ambajogai,Agricultural Machinery Importers,Agricultural Machinery Importers in Ambajogai Maharashtra India,Maharashtra,India
MH-32-01-0807,32,1,1,Majalgaon,Agricultural Machinery Exporters List,Agricultural Machinery Exporters List in Majalgaon Maharashtra India,Maharashtra,India
MH-32-02-0808,32,2,1,Majalgaon,Agricultural Equipment Manufacturers List,Agricultural Equipment Manufacturers List in Majalgaon Maharashtra India,Maharashtra,India
MH-32-03-0809,32,3,2,Majalgaon,Farm Equipment Dealers Directory,Farm Equipment Dealers Directory in Majalgaon Maharashtra India,Maharashtra,India
MH-32-04-0810,32,4,1,Majalgaon,Agricultural Machinery Importer Database,Agricultural Machinery Importer Database in Majalgaon Maharashtra India,Maharashtra,India
MH-32-05-0811,32,5,1,Majalgaon,Agricultural Equipment Buyer List,Agricultural Equipment Buyer List in Majalgaon Maharashtra India,Maharashtra,India
MH-32-06-0812,32,6,2,Majalgaon,Authorized Tractor Dealer,Authorized Tractor Dealer in Majalgaon Maharashtra India,Maharashtra,India
MH-32-07-0813,32,7,1,Majalgaon,Farm Machinery Exporter India,Farm Machinery Exporter India in Majalgaon Maharashtra India,Maharashtra,India
MH-32-08-0814,32,8,1,Majalgaon,Agricultural Machinery Import Export Company,Agricultural Machinery Import Export Company in Majalgaon Maharashtra India,Maharashtra,India
MH-32-09-0815,32,9,2,Majalgaon,Agricultural Equipment Tender Supplier,Agricultural Equipment Tender Supplier in Majalgaon Maharashtra India,Maharashtra,India
MH-32-10-0816,32,10,1,Majalgaon,Oem Agricultural Machinery Manufacturer,Oem Agricultural Machinery Manufacturer in Majalgaon Maharashtra India,Maharashtra,India
MH-32-11-0817,32,11,2,Majalgaon,Agricultural Machinery Distributor Near Me,Agricultural Machinery Distributor Near Me in Majalgaon Maharashtra India,Maharashtra,India
MH-32-12-0818,32,12,2,Majalgaon,Agricultural Equipment Wholesale Distributor,Agricultural Equipment Wholesale Distributor in Majalgaon Maharashtra India,Maharashtra,India
MH-32-13-0819,32,13,2,Majalgaon,Bulk Agricultural Machinery Supplier,Bulk Agricultural Machinery Supplier in Majalgaon Maharashtra India,Maharashtra,India
MH-32-14-0820,32,14,3,Majalgaon,Agricultural Machinery Marketplace,Agricultural Machinery Marketplace in Majalgaon Maharashtra India,Maharashtra,India
MH-32-15-0821,32,15,1,Majalgaon,Agricultural Machinery Procurement Company,Agricultural Machinery Procurement Company in Majalgaon Maharashtra India,Maharashtra,India
MH-32-16-0822,32,16,1,Majalgaon,Agricultural Equipment Sourcing Company,Agricultural Equipment Sourcing Company in Majalgaon Maharashtra India,Maharashtra,India
MH-32-17-0823,32,17,2,Majalgaon,Farm Machinery Wholesalers,Farm Machinery Wholesalers in Majalgaon Maharashtra India,Maharashtra,India
MH-32-18-0824,32,18,2,Majalgaon,Agricultural Machinery Supplier,Agricultural Machinery Supplier in Majalgaon Maharashtra India,Maharashtra,India
MH-32-19-0825,32,19,2,Majalgaon,Agricultural Machinery Distributor,Agricultural Machinery Distributor in Majalgaon Maharashtra India,Maharashtra,India
MH-32-20-0826,32,20,2,Majalgaon,Agricultural Machinery Dealer,Agricultural Machinery Dealer in Majalgaon Maharashtra India,Maharashtra,India
MH-32-21-0827,32,21,1,Majalgaon,Agricultural Equipment Exporter,Agricultural Equipment Exporter in Majalgaon Maharashtra India,Maharashtra,India
MH-32-22-0828,32,22,2,Majalgaon,Agricultural Machinery Wholesaler,Agricultural Machinery Wholesaler in Majalgaon Maharashtra India,Maharashtra,India
MH-32-23-0829,32,23,2,Majalgaon,Agricultural Machinery Trader,Agricultural Machinery Trader in Majalgaon Maharashtra India,Maharashtra,India
MH-32-24-0830,32,24,1,Majalgaon,Agricultural Machinery Manufacturer,Agricultural Machinery Manufacturer in Majalgaon Maharashtra India,Maharashtra,India
MH-32-25-0831,32,25,1,Majalgaon,Agricultural Equipment Procurement,Agricultural Equipment Procurement in Majalgaon Maharashtra India,Maharashtra,India
MH-32-26-0832,32,26,1,Majalgaon,Agricultural Machinery Importers,Agricultural Machinery Importers in Majalgaon Maharashtra India,Maharashtra,India
MH-33-01-0833,33,1,1,Bhandara,Agricultural Machinery Exporters List,Agricultural Machinery Exporters List in Bhandara Maharashtra India,Maharashtra,India
MH-33-02-0834,33,2,1,Bhandara,Agricultural Equipment Manufacturers List,Agricultural Equipment Manufacturers List in Bhandara Maharashtra India,Maharashtra,India
MH-33-03-0835,33,3,2,Bhandara,Farm Equipment Dealers Directory,Farm Equipment Dealers Directory in Bhandara Maharashtra India,Maharashtra,India
MH-33-04-0836,33,4,1,Bhandara,Agricultural Machinery Importer Database,Agricultural Machinery Importer Database in Bhandara Maharashtra India,Maharashtra,India
MH-33-05-0837,33,5,1,Bhandara,Agricultural Equipment Buyer List,Agricultural Equipment Buyer List in Bhandara Maharashtra India,Maharashtra,India
MH-33-06-0838,33,6,2,Bhandara,Authorized Tractor Dealer,Authorized Tractor Dealer in Bhandara Maharashtra India,Maharashtra,India
MH-33-07-0839,33,7,1,Bhandara,Farm Machinery Exporter India,Farm Machinery Exporter India in Bhandara Maharashtra India,Maharashtra,India
MH-33-08-0840,33,8,1,Bhandara,Agricultural Machinery Import Export Company,Agricultural Machinery Import Export Company in Bhandara Maharashtra India,Maharashtra,India
MH-33-09-0841,33,9,2,Bhandara,Agricultural Equipment Tender Supplier,Agricultural Equipment Tender Supplier in Bhandara Maharashtra India,Maharashtra,India
MH-33-10-0842,33,10,1,Bhandara,Oem Agricultural Machinery Manufacturer,Oem Agricultural Machinery Manufacturer in Bhandara Maharashtra India,Maharashtra,India
MH-33-11-0843,33,11,2,Bhandara,Agricultural Machinery Distributor Near Me,Agricultural Machinery Distributor Near Me in Bhandara Maharashtra India,Maharashtra,India
MH-33-12-0844,33,12,2,Bhandara,Agricultural Equipment Wholesale Distributor,Agricultural Equipment Wholesale Distributor in Bhandara Maharashtra India,Maharashtra,India
MH-33-13-0845,33,13,2,Bhandara,Bulk Agricultural Machinery Supplier,Bulk Agricultural Machinery Supplier in Bhandara Maharashtra India,Maharashtra,India
MH-33-14-0846,33,14,3,Bhandara,Agricultural Machinery Marketplace,Agricultural Machinery Marketplace in Bhandara Maharashtra India,Maharashtra,India
MH-33-15-0847,33,15,1,Bhandara,Agricultural Machinery Procurement Company,Agricultural Machinery Procurement Company in Bhandara Maharashtra India,Maharashtra,India
MH-33-16-0848,33,16,1,Bhandara,Agricultural Equipment Sourcing Company,Agricultural Equipment Sourcing Company in Bhandara Maharashtra India,Maharashtra,India
MH-33-17-0849,33,17,2,Bhandara,Farm Machinery Wholesalers,Farm Machinery Wholesalers in Bhandara Maharashtra India,Maharashtra,India
MH-33-18-0850,33,18,2,Bhandara,Agricultural Machinery Supplier,Agricultural Machinery Supplier in Bhandara Maharashtra India,Maharashtra,India
MH-33-19-0851,33,19,2,Bhandara,Agricultural Machinery Distributor,Agricultural Machinery Distributor in Bhandara Maharashtra India,Maharashtra,India
MH-33-20-0852,33,20,2,Bhandara,Agricultural Machinery Dealer,Agricultural Machinery Dealer in Bhandara Maharashtra India,Maharashtra,India
MH-33-21-0853,33,21,1,Bhandara,Agricultural Equipment Exporter,Agricultural Equipment Exporter in Bhandara Maharashtra India,Maharashtra,India
MH-33-22-0854,33,22,2,Bhandara,Agricultural Machinery Wholesaler,Agricultural Machinery Wholesaler in Bhandara Maharashtra India,Maharashtra,India
MH-33-23-0855,33,23,2,Bhandara,Agricultural Machinery Trader,Agricultural Machinery Trader in Bhandara Maharashtra India,Maharashtra,India
MH-33-24-0856,33,24,1,Bhandara,Agricultural Machinery Manufacturer,Agricultural Machinery Manufacturer in Bhandara Maharashtra India,Maharashtra,India
MH-33-25-0857,33,25,1,Bhandara,Agricultural Equipment Procurement,Agricultural Equipment Procurement in Bhandara Maharashtra India,Maharashtra,India
MH-33-26-0858,33,26,1,Bhandara,Agricultural Machinery Importers,Agricultural Machinery Importers in Bhandara Maharashtra India,Maharashtra,India
MH-34-01-0859,34,1,1,Tumsar,Agricultural Machinery Exporters List,Agricultural Machinery Exporters List in Tumsar Maharashtra India,Maharashtra,India
MH-34-02-0860,34,2,1,Tumsar,Agricultural Equipment Manufacturers List,Agricultural Equipment Manufacturers List in Tumsar Maharashtra India,Maharashtra,India
MH-34-03-0861,34,3,2,Tumsar,Farm Equipment Dealers Directory,Farm Equipment Dealers Directory in Tumsar Maharashtra India,Maharashtra,India
MH-34-04-0862,34,4,1,Tumsar,Agricultural Machinery Importer Database,Agricultural Machinery Importer Database in Tumsar Maharashtra India,Maharashtra,India
MH-34-05-0863,34,5,1,Tumsar,Agricultural Equipment Buyer List,Agricultural Equipment Buyer List in Tumsar Maharashtra India,Maharashtra,India
MH-34-06-0864,34,6,2,Tumsar,Authorized Tractor Dealer,Authorized Tractor Dealer in Tumsar Maharashtra India,Maharashtra,India
MH-34-07-0865,34,7,1,Tumsar,Farm Machinery Exporter India,Farm Machinery Exporter India in Tumsar Maharashtra India,Maharashtra,India
MH-34-08-0866,34,8,1,Tumsar,Agricultural Machinery Import Export Company,Agricultural Machinery Import Export Company in Tumsar Maharashtra India,Maharashtra,India
MH-34-09-0867,34,9,2,Tumsar,Agricultural Equipment Tender Supplier,Agricultural Equipment Tender Supplier in Tumsar Maharashtra India,Maharashtra,India
MH-34-10-0868,34,10,1,Tumsar,Oem Agricultural Machinery Manufacturer,Oem Agricultural Machinery Manufacturer in Tumsar Maharashtra India,Maharashtra,India
MH-34-11-0869,34,11,2,Tumsar,Agricultural Machinery Distributor Near Me,Agricultural Machinery Distributor Near Me in Tumsar Maharashtra India,Maharashtra,India
MH-34-12-0870,34,12,2,Tumsar,Agricultural Equipment Wholesale Distributor,Agricultural Equipment Wholesale Distributor in Tumsar Maharashtra India,Maharashtra,India
MH-34-13-0871,34,13,2,Tumsar,Bulk Agricultural Machinery Supplier,Bulk Agricultural Machinery Supplier in Tumsar Maharashtra India,Maharashtra,India
MH-34-14-0872,34,14,3,Tumsar,Agricultural Machinery Marketplace,Agricultural Machinery Marketplace in Tumsar Maharashtra India,Maharashtra,India
MH-34-15-0873,34,15,1,Tumsar,Agricultural Machinery Procurement Company,Agricultural Machinery Procurement Company in Tumsar Maharashtra India,Maharashtra,India
MH-34-16-0874,34,16,1,Tumsar,Agricultural Equipment Sourcing Company,Agricultural Equipment Sourcing Company in Tumsar Maharashtra India,Maharashtra,India
MH-34-17-0875,34,17,2,Tumsar,Farm Machinery Wholesalers,Farm Machinery Wholesalers in Tumsar Maharashtra India,Maharashtra,India
MH-34-18-0876,34,18,2,Tumsar,Agricultural Machinery Supplier,Agricultural Machinery Supplier in Tumsar Maharashtra India,Maharashtra,India
MH-34-19-0877,34,19,2,Tumsar,Agricultural Machinery Distributor,Agricultural Machinery Distributor in Tumsar Maharashtra India,Maharashtra,India
MH-34-20-0878,34,20,2,Tumsar,Agricultural Machinery Dealer,Agricultural Machinery Dealer in Tumsar Maharashtra India,Maharashtra,India
MH-34-21-0879,34,21,1,Tumsar,Agricultural Equipment Exporter,Agricultural Equipment Exporter in Tumsar Maharashtra India,Maharashtra,India
MH-34-22-0880,34,22,2,Tumsar,Agricultural Machinery Wholesaler,Agricultural Machinery Wholesaler in Tumsar Maharashtra India,Maharashtra,India
MH-34-23-0881,34,23,2,Tumsar,Agricultural Machinery Trader,Agricultural Machinery Trader in Tumsar Maharashtra India,Maharashtra,India
MH-34-24-0882,34,24,1,Tumsar,Agricultural Machinery Manufacturer,Agricultural Machinery Manufacturer in Tumsar Maharashtra India,Maharashtra,India
MH-34-25-0883,34,25,1,Tumsar,Agricultural Equipment Procurement,Agricultural Equipment Procurement in Tumsar Maharashtra India,Maharashtra,India
MH-34-26-0884,34,26,1,Tumsar,Agricultural Machinery Importers,Agricultural Machinery Importers in Tumsar Maharashtra India,Maharashtra,India
MH-35-01-0885,35,1,1,Pauni,Agricultural Machinery Exporters List,Agricultural Machinery Exporters List in Pauni Maharashtra India,Maharashtra,India
MH-35-02-0886,35,2,1,Pauni,Agricultural Equipment Manufacturers List,Agricultural Equipment Manufacturers List in Pauni Maharashtra India,Maharashtra,India
MH-35-03-0887,35,3,2,Pauni,Farm Equipment Dealers Directory,Farm Equipment Dealers Directory in Pauni Maharashtra India,Maharashtra,India
MH-35-04-0888,35,4,1,Pauni,Agricultural Machinery Importer Database,Agricultural Machinery Importer Database in Pauni Maharashtra India,Maharashtra,India
MH-35-05-0889,35,5,1,Pauni,Agricultural Equipment Buyer List,Agricultural Equipment Buyer List in Pauni Maharashtra India,Maharashtra,India
MH-35-06-0890,35,6,2,Pauni,Authorized Tractor Dealer,Authorized Tractor Dealer in Pauni Maharashtra India,Maharashtra,India
MH-35-07-0891,35,7,1,Pauni,Farm Machinery Exporter India,Farm Machinery Exporter India in Pauni Maharashtra India,Maharashtra,India
MH-35-08-0892,35,8,1,Pauni,Agricultural Machinery Import Export Company,Agricultural Machinery Import Export Company in Pauni Maharashtra India,Maharashtra,India
MH-35-09-0893,35,9,2,Pauni,Agricultural Equipment Tender Supplier,Agricultural Equipment Tender Supplier in Pauni Maharashtra India,Maharashtra,India
MH-35-10-0894,35,10,1,Pauni,Oem Agricultural Machinery Manufacturer,Oem Agricultural Machinery Manufacturer in Pauni Maharashtra India,Maharashtra,India
MH-35-11-0895,35,11,2,Pauni,Agricultural Machinery Distributor Near Me,Agricultural Machinery Distributor Near Me in Pauni Maharashtra India,Maharashtra,India
MH-35-12-0896,35,12,2,Pauni,Agricultural Equipment Wholesale Distributor,Agricultural Equipment Wholesale Distributor in Pauni Maharashtra India,Maharashtra,India
MH-35-13-0897,35,13,2,Pauni,Bulk Agricultural Machinery Supplier,Bulk Agricultural Machinery Supplier in Pauni Maharashtra India,Maharashtra,India
MH-35-14-0898,35,14,3,Pauni,Agricultural Machinery Marketplace,Agricultural Machinery Marketplace in Pauni Maharashtra India,Maharashtra,India
MH-35-15-0899,35,15,1,Pauni,Agricultural Machinery Procurement Company,Agricultural Machinery Procurement Company in Pauni Maharashtra India,Maharashtra,India
MH-35-16-0900,35,16,1,Pauni,Agricultural Equipment Sourcing Company,Agricultural Equipment Sourcing Company in Pauni Maharashtra India,Maharashtra,India
MH-35-17-0901,35,17,2,Pauni,Farm Machinery Wholesalers,Farm Machinery Wholesalers in Pauni Maharashtra India,Maharashtra,India
MH-35-18-0902,35,18,2,Pauni,Agricultural Machinery Supplier,Agricultural Machinery Supplier in Pauni Maharashtra India,Maharashtra,India
MH-35-19-0903,35,19,2,Pauni,Agricultural Machinery Distributor,Agricultural Machinery Distributor in Pauni Maharashtra India,Maharashtra,India
MH-35-20-0904,35,20,2,Pauni,Agricultural Machinery Dealer,Agricultural Machinery Dealer in Pauni Maharashtra India,Maharashtra,India
MH-35-21-0905,35,21,1,Pauni,Agricultural Equipment Exporter,Agricultural Equipment Exporter in Pauni Maharashtra India,Maharashtra,India
MH-35-22-0906,35,22,2,Pauni,Agricultural Machinery Wholesaler,Agricultural Machinery Wholesaler in Pauni Maharashtra India,Maharashtra,India
MH-35-23-0907,35,23,2,Pauni,Agricultural Machinery Trader,Agricultural Machinery Trader in Pauni Maharashtra India,Maharashtra,India
MH-35-24-0908,35,24,1,Pauni,Agricultural Machinery Manufacturer,Agricultural Machinery Manufacturer in Pauni Maharashtra India,Maharashtra,India
MH-35-25-0909,35,25,1,Pauni,Agricultural Equipment Procurement,Agricultural Equipment Procurement in Pauni Maharashtra India,Maharashtra,India
MH-35-26-0910,35,26,1,Pauni,Agricultural Machinery Importers,Agricultural Machinery Importers in Pauni Maharashtra India,Maharashtra,India
MH-36-01-0911,36,1,1,Sakoli,Agricultural Machinery Exporters List,Agricultural Machinery Exporters List in Sakoli Maharashtra India,Maharashtra,India
MH-36-02-0912,36,2,1,Sakoli,Agricultural Equipment Manufacturers List,Agricultural Equipment Manufacturers List in Sakoli Maharashtra India,Maharashtra,India
MH-36-03-0913,36,3,2,Sakoli,Farm Equipment Dealers Directory,Farm Equipment Dealers Directory in Sakoli Maharashtra India,Maharashtra,India
MH-36-04-0914,36,4,1,Sakoli,Agricultural Machinery Importer Database,Agricultural Machinery Importer Database in Sakoli Maharashtra India,Maharashtra,India
MH-36-05-0915,36,5,1,Sakoli,Agricultural Equipment Buyer List,Agricultural Equipment Buyer List in Sakoli Maharashtra India,Maharashtra,India
MH-36-06-0916,36,6,2,Sakoli,Authorized Tractor Dealer,Authorized Tractor Dealer in Sakoli Maharashtra India,Maharashtra,India
MH-36-07-0917,36,7,1,Sakoli,Farm Machinery Exporter India,Farm Machinery Exporter India in Sakoli Maharashtra India,Maharashtra,India
MH-36-08-0918,36,8,1,Sakoli,Agricultural Machinery Import Export Company,Agricultural Machinery Import Export Company in Sakoli Maharashtra India,Maharashtra,India
MH-36-09-0919,36,9,2,Sakoli,Agricultural Equipment Tender Supplier,Agricultural Equipment Tender Supplier in Sakoli Maharashtra India,Maharashtra,India
MH-36-10-0920,36,10,1,Sakoli,Oem Agricultural Machinery Manufacturer,Oem Agricultural Machinery Manufacturer in Sakoli Maharashtra India,Maharashtra,India
MH-36-11-0921,36,11,2,Sakoli,Agricultural Machinery Distributor Near Me,Agricultural Machinery Distributor Near Me in Sakoli Maharashtra India,Maharashtra,India
MH-36-12-0922,36,12,2,Sakoli,Agricultural Equipment Wholesale Distributor,Agricultural Equipment Wholesale Distributor in Sakoli Maharashtra India,Maharashtra,India
MH-36-13-0923,36,13,2,Sakoli,Bulk Agricultural Machinery Supplier,Bulk Agricultural Machinery Supplier in Sakoli Maharashtra India,Maharashtra,India
MH-36-14-0924,36,14,3,Sakoli,Agricultural Machinery Marketplace,Agricultural Machinery Marketplace in Sakoli Maharashtra India,Maharashtra,India
MH-36-15-0925,36,15,1,Sakoli,Agricultural Machinery Procurement Company,Agricultural Machinery Procurement Company in Sakoli Maharashtra India,Maharashtra,India
MH-36-16-0926,36,16,1,Sakoli,Agricultural Equipment Sourcing Company,Agricultural Equipment Sourcing Company in Sakoli Maharashtra India,Maharashtra,India
MH-36-17-0927,36,17,2,Sakoli,Farm Machinery Wholesalers,Farm Machinery Wholesalers in Sakoli Maharashtra India,Maharashtra,India
MH-36-18-0928,36,18,2,Sakoli,Agricultural Machinery Supplier,Agricultural Machinery Supplier in Sakoli Maharashtra India,Maharashtra,India
MH-36-19-0929,36,19,2,Sakoli,Agricultural Machinery Distributor,Agricultural Machinery Distributor in Sakoli Maharashtra India,Maharashtra,India
MH-36-20-0930,36,20,2,Sakoli,Agricultural Machinery Dealer,Agricultural Machinery Dealer in Sakoli Maharashtra India,Maharashtra,India
MH-36-21-0931,36,21,1,Sakoli,Agricultural Equipment Exporter,Agricultural Equipment Exporter in Sakoli Maharashtra India,Maharashtra,India
MH-36-22-0932,36,22,2,Sakoli,Agricultural Machinery Wholesaler,Agricultural Machinery Wholesaler in Sakoli Maharashtra India,Maharashtra,India
MH-36-23-0933,36,23,2,Sakoli,Agricultural Machinery Trader,Agricultural Machinery Trader in Sakoli Maharashtra India,Maharashtra,India
MH-36-24-0934,36,24,1,Sakoli,Agricultural Machinery Manufacturer,Agricultural Machinery Manufacturer in Sakoli Maharashtra India,Maharashtra,India
MH-36-25-0935,36,25,1,Sakoli,Agricultural Equipment Procurement,Agricultural Equipment Procurement in Sakoli Maharashtra India,Maharashtra,India
MH-36-26-0936,36,26,1,Sakoli,Agricultural Machinery Importers,Agricultural Machinery Importers in Sakoli Maharashtra India,Maharashtra,India
MH-37-01-0937,37,1,1,Buldhana,Agricultural Machinery Exporters List,Agricultural Machinery Exporters List in Buldhana Maharashtra India,Maharashtra,India
MH-37-02-0938,37,2,1,Buldhana,Agricultural Equipment Manufacturers List,Agricultural Equipment Manufacturers List in Buldhana Maharashtra India,Maharashtra,India
MH-37-03-0939,37,3,2,Buldhana,Farm Equipment Dealers Directory,Farm Equipment Dealers Directory in Buldhana Maharashtra India,Maharashtra,India
MH-37-04-0940,37,4,1,Buldhana,Agricultural Machinery Importer Database,Agricultural Machinery Importer Database in Buldhana Maharashtra India,Maharashtra,India
MH-37-05-0941,37,5,1,Buldhana,Agricultural Equipment Buyer List,Agricultural Equipment Buyer List in Buldhana Maharashtra India,Maharashtra,India
MH-37-06-0942,37,6,2,Buldhana,Authorized Tractor Dealer,Authorized Tractor Dealer in Buldhana Maharashtra India,Maharashtra,India
MH-37-07-0943,37,7,1,Buldhana,Farm Machinery Exporter India,Farm Machinery Exporter India in Buldhana Maharashtra India,Maharashtra,India
MH-37-08-0944,37,8,1,Buldhana,Agricultural Machinery Import Export Company,Agricultural Machinery Import Export Company in Buldhana Maharashtra India,Maharashtra,India
MH-37-09-0945,37,9,2,Buldhana,Agricultural Equipment Tender Supplier,Agricultural Equipment Tender Supplier in Buldhana Maharashtra India,Maharashtra,India
MH-37-10-0946,37,10,1,Buldhana,Oem Agricultural Machinery Manufacturer,Oem Agricultural Machinery Manufacturer in Buldhana Maharashtra India,Maharashtra,India
MH-37-11-0947,37,11,2,Buldhana,Agricultural Machinery Distributor Near Me,Agricultural Machinery Distributor Near Me in Buldhana Maharashtra India,Maharashtra,India
MH-37-12-0948,37,12,2,Buldhana,Agricultural Equipment Wholesale Distributor,Agricultural Equipment Wholesale Distributor in Buldhana Maharashtra India,Maharashtra,India
MH-37-13-0949,37,13,2,Buldhana,Bulk Agricultural Machinery Supplier,Bulk Agricultural Machinery Supplier in Buldhana Maharashtra India,Maharashtra,India
MH-37-14-0950,37,14,3,Buldhana,Agricultural Machinery Marketplace,Agricultural Machinery Marketplace in Buldhana Maharashtra India,Maharashtra,India
MH-37-15-0951,37,15,1,Buldhana,Agricultural Machinery Procurement Company,Agricultural Machinery Procurement Company in Buldhana Maharashtra India,Maharashtra,India
MH-37-16-0952,37,16,1,Buldhana,Agricultural Equipment Sourcing Company,Agricultural Equipment Sourcing Company in Buldhana Maharashtra India,Maharashtra,India
MH-37-17-0953,37,17,2,Buldhana,Farm Machinery Wholesalers,Farm Machinery Wholesalers in Buldhana Maharashtra India,Maharashtra,India
MH-37-18-0954,37,18,2,Buldhana,Agricultural Machinery Supplier,Agricultural Machinery Supplier in Buldhana Maharashtra India,Maharashtra,India
MH-37-19-0955,37,19,2,Buldhana,Agricultural Machinery Distributor,Agricultural Machinery Distributor in Buldhana Maharashtra India,Maharashtra,India
MH-37-20-0956,37,20,2,Buldhana,Agricultural Machinery Dealer,Agricultural Machinery Dealer in Buldhana Maharashtra India,Maharashtra,India
MH-37-21-0957,37,21,1,Buldhana,Agricultural Equipment Exporter,Agricultural Equipment Exporter in Buldhana Maharashtra India,Maharashtra,India
MH-37-22-0958,37,22,2,Buldhana,Agricultural Machinery Wholesaler,Agricultural Machinery Wholesaler in Buldhana Maharashtra India,Maharashtra,India
MH-37-23-0959,37,23,2,Buldhana,Agricultural Machinery Trader,Agricultural Machinery Trader in Buldhana Maharashtra India,Maharashtra,India
MH-37-24-0960,37,24,1,Buldhana,Agricultural Machinery Manufacturer,Agricultural Machinery Manufacturer in Buldhana Maharashtra India,Maharashtra,India
MH-37-25-0961,37,25,1,Buldhana,Agricultural Equipment Procurement,Agricultural Equipment Procurement in Buldhana Maharashtra India,Maharashtra,India
MH-37-26-0962,37,26,1,Buldhana,Agricultural Machinery Importers,Agricultural Machinery Importers in Buldhana Maharashtra India,Maharashtra,India
MH-38-01-0963,38,1,1,Khamgaon,Agricultural Machinery Exporters List,Agricultural Machinery Exporters List in Khamgaon Maharashtra India,Maharashtra,India
MH-38-02-0964,38,2,1,Khamgaon,Agricultural Equipment Manufacturers List,Agricultural Equipment Manufacturers List in Khamgaon Maharashtra India,Maharashtra,India
MH-38-03-0965,38,3,2,Khamgaon,Farm Equipment Dealers Directory,Farm Equipment Dealers Directory in Khamgaon Maharashtra India,Maharashtra,India
MH-38-04-0966,38,4,1,Khamgaon,Agricultural Machinery Importer Database,Agricultural Machinery Importer Database in Khamgaon Maharashtra India,Maharashtra,India
MH-38-05-0967,38,5,1,Khamgaon,Agricultural Equipment Buyer List,Agricultural Equipment Buyer List in Khamgaon Maharashtra India,Maharashtra,India
MH-38-06-0968,38,6,2,Khamgaon,Authorized Tractor Dealer,Authorized Tractor Dealer in Khamgaon Maharashtra India,Maharashtra,India
MH-38-07-0969,38,7,1,Khamgaon,Farm Machinery Exporter India,Farm Machinery Exporter India in Khamgaon Maharashtra India,Maharashtra,India
MH-38-08-0970,38,8,1,Khamgaon,Agricultural Machinery Import Export Company,Agricultural Machinery Import Export Company in Khamgaon Maharashtra India,Maharashtra,India
MH-38-09-0971,38,9,2,Khamgaon,Agricultural Equipment Tender Supplier,Agricultural Equipment Tender Supplier in Khamgaon Maharashtra India,Maharashtra,India
MH-38-10-0972,38,10,1,Khamgaon,Oem Agricultural Machinery Manufacturer,Oem Agricultural Machinery Manufacturer in Khamgaon Maharashtra India,Maharashtra,India
MH-38-11-0973,38,11,2,Khamgaon,Agricultural Machinery Distributor Near Me,Agricultural Machinery Distributor Near Me in Khamgaon Maharashtra India,Maharashtra,India
MH-38-12-0974,38,12,2,Khamgaon,Agricultural Equipment Wholesale Distributor,Agricultural Equipment Wholesale Distributor in Khamgaon Maharashtra India,Maharashtra,India
MH-38-13-0975,38,13,2,Khamgaon,Bulk Agricultural Machinery Supplier,Bulk Agricultural Machinery Supplier in Khamgaon Maharashtra India,Maharashtra,India
MH-38-14-0976,38,14,3,Khamgaon,Agricultural Machinery Marketplace,Agricultural Machinery Marketplace in Khamgaon Maharashtra India,Maharashtra,India
MH-38-15-0977,38,15,1,Khamgaon,Agricultural Machinery Procurement Company,Agricultural Machinery Procurement Company in Khamgaon Maharashtra India,Maharashtra,India
MH-38-16-0978,38,16,1,Khamgaon,Agricultural Equipment Sourcing Company,Agricultural Equipment Sourcing Company in Khamgaon Maharashtra India,Maharashtra,India
MH-38-17-0979,38,17,2,Khamgaon,Farm Machinery Wholesalers,Farm Machinery Wholesalers in Khamgaon Maharashtra India,Maharashtra,India
MH-38-18-0980,38,18,2,Khamgaon,Agricultural Machinery Supplier,Agricultural Machinery Supplier in Khamgaon Maharashtra India,Maharashtra,India
MH-38-19-0981,38,19,2,Khamgaon,Agricultural Machinery Distributor,Agricultural Machinery Distributor in Khamgaon Maharashtra India,Maharashtra,India
MH-38-20-0982,38,20,2,Khamgaon,Agricultural Machinery Dealer,Agricultural Machinery Dealer in Khamgaon Maharashtra India,Maharashtra,India
MH-38-21-0983,38,21,1,Khamgaon,Agricultural Equipment Exporter,Agricultural Equipment Exporter in Khamgaon Maharashtra India,Maharashtra,India
MH-38-22-0984,38,22,2,Khamgaon,Agricultural Machinery Wholesaler,Agricultural Machinery Wholesaler in Khamgaon Maharashtra India,Maharashtra,India
MH-38-23-0985,38,23,2,Khamgaon,Agricultural Machinery Trader,Agricultural Machinery Trader in Khamgaon Maharashtra India,Maharashtra,India
MH-38-24-0986,38,24,1,Khamgaon,Agricultural Machinery Manufacturer,Agricultural Machinery Manufacturer in Khamgaon Maharashtra India,Maharashtra,India
MH-38-25-0987,38,25,1,Khamgaon,Agricultural Equipment Procurement,Agricultural Equipment Procurement in Khamgaon Maharashtra India,Maharashtra,India
MH-38-26-0988,38,26,1,Khamgaon,Agricultural Machinery Importers,Agricultural Machinery Importers in Khamgaon Maharashtra India,Maharashtra,India
MH-39-01-0989,39,1,1,Malkapur,Agricultural Machinery Exporters List,Agricultural Machinery Exporters List in Malkapur Maharashtra India,Maharashtra,India
MH-39-02-0990,39,2,1,Malkapur,Agricultural Equipment Manufacturers List,Agricultural Equipment Manufacturers List in Malkapur Maharashtra India,Maharashtra,India
MH-39-03-0991,39,3,2,Malkapur,Farm Equipment Dealers Directory,Farm Equipment Dealers Directory in Malkapur Maharashtra India,Maharashtra,India
MH-39-04-0992,39,4,1,Malkapur,Agricultural Machinery Importer Database,Agricultural Machinery Importer Database in Malkapur Maharashtra India,Maharashtra,India
MH-39-05-0993,39,5,1,Malkapur,Agricultural Equipment Buyer List,Agricultural Equipment Buyer List in Malkapur Maharashtra India,Maharashtra,India
MH-39-06-0994,39,6,2,Malkapur,Authorized Tractor Dealer,Authorized Tractor Dealer in Malkapur Maharashtra India,Maharashtra,India
MH-39-07-0995,39,7,1,Malkapur,Farm Machinery Exporter India,Farm Machinery Exporter India in Malkapur Maharashtra India,Maharashtra,India
MH-39-08-0996,39,8,1,Malkapur,Agricultural Machinery Import Export Company,Agricultural Machinery Import Export Company in Malkapur Maharashtra India,Maharashtra,India
MH-39-09-0997,39,9,2,Malkapur,Agricultural Equipment Tender Supplier,Agricultural Equipment Tender Supplier in Malkapur Maharashtra India,Maharashtra,India
MH-39-10-0998,39,10,1,Malkapur,Oem Agricultural Machinery Manufacturer,Oem Agricultural Machinery Manufacturer in Malkapur Maharashtra India,Maharashtra,India
MH-39-11-0999,39,11,2,Malkapur,Agricultural Machinery Distributor Near Me,Agricultural Machinery Distributor Near Me in Malkapur Maharashtra India,Maharashtra,India
MH-39-12-1000,39,12,2,Malkapur,Agricultural Equipment Wholesale Distributor,Agricultural Equipment Wholesale Distributor in Malkapur Maharashtra India,Maharashtra,India
MH-39-13-1001,39,13,2,Malkapur,Bulk Agricultural Machinery Supplier,Bulk Agricultural Machinery Supplier in Malkapur Maharashtra India,Maharashtra,India
MH-39-14-1002,39,14,3,Malkapur,Agricultural Machinery Marketplace,Agricultural Machinery Marketplace in Malkapur Maharashtra India,Maharashtra,India
MH-39-15-1003,39,15,1,Malkapur,Agricultural Machinery Procurement Company,Agricultural Machinery Procurement Company in Malkapur Maharashtra India,Maharashtra,India
MH-39-16-1004,39,16,1,Malkapur,Agricultural Equipment Sourcing Company,Agricultural Equipment Sourcing Company in Malkapur Maharashtra India,Maharashtra,India
MH-39-17-1005,39,17,2,Malkapur,Farm Machinery Wholesalers,Farm Machinery Wholesalers in Malkapur Maharashtra India,Maharashtra,India
MH-39-18-1006,39,18,2,Malkapur,Agricultural Machinery Supplier,Agricultural Machinery Supplier in Malkapur Maharashtra India,Maharashtra,India
MH-39-19-1007,39,19,2,Malkapur,Agricultural Machinery Distributor,Agricultural Machinery Distributor in Malkapur Maharashtra India,Maharashtra,India
MH-39-20-1008,39,20,2,Malkapur,Agricultural Machinery Dealer,Agricultural Machinery Dealer in Malkapur Maharashtra India,Maharashtra,India
MH-39-21-1009,39,21,1,Malkapur,Agricultural Equipment Exporter,Agricultural Equipment Exporter in Malkapur Maharashtra India,Maharashtra,India
MH-39-22-1010,39,22,2,Malkapur,Agricultural Machinery Wholesaler,Agricultural Machinery Wholesaler in Malkapur Maharashtra India,Maharashtra,India
MH-39-23-1011,39,23,2,Malkapur,Agricultural Machinery Trader,Agricultural Machinery Trader in Malkapur Maharashtra India,Maharashtra,India
MH-39-24-1012,39,24,1,Malkapur,Agricultural Machinery Manufacturer,Agricultural Machinery Manufacturer in Malkapur Maharashtra India,Maharashtra,India
MH-39-25-1013,39,25,1,Malkapur,Agricultural Equipment Procurement,Agricultural Equipment Procurement in Malkapur Maharashtra India,Maharashtra,India
MH-39-26-1014,39,26,1,Malkapur,Agricultural Machinery Importers,Agricultural Machinery Importers in Malkapur Maharashtra India,Maharashtra,India
MH-40-01-1015,40,1,1,Chikhli,Agricultural Machinery Exporters List,Agricultural Machinery Exporters List in Chikhli Maharashtra India,Maharashtra,India
MH-40-02-1016,40,2,1,Chikhli,Agricultural Equipment Manufacturers List,Agricultural Equipment Manufacturers List in Chikhli Maharashtra India,Maharashtra,India
MH-40-03-1017,40,3,2,Chikhli,Farm Equipment Dealers Directory,Farm Equipment Dealers Directory in Chikhli Maharashtra India,Maharashtra,India
MH-40-04-1018,40,4,1,Chikhli,Agricultural Machinery Importer Database,Agricultural Machinery Importer Database in Chikhli Maharashtra India,Maharashtra,India
MH-40-05-1019,40,5,1,Chikhli,Agricultural Equipment Buyer List,Agricultural Equipment Buyer List in Chikhli Maharashtra India,Maharashtra,India
MH-40-06-1020,40,6,2,Chikhli,Authorized Tractor Dealer,Authorized Tractor Dealer in Chikhli Maharashtra India,Maharashtra,India
MH-40-07-1021,40,7,1,Chikhli,Farm Machinery Exporter India,Farm Machinery Exporter India in Chikhli Maharashtra India,Maharashtra,India
MH-40-08-1022,40,8,1,Chikhli,Agricultural Machinery Import Export Company,Agricultural Machinery Import Export Company in Chikhli Maharashtra India,Maharashtra,India
MH-40-09-1023,40,9,2,Chikhli,Agricultural Equipment Tender Supplier,Agricultural Equipment Tender Supplier in Chikhli Maharashtra India,Maharashtra,India
MH-40-10-1024,40,10,1,Chikhli,Oem Agricultural Machinery Manufacturer,Oem Agricultural Machinery Manufacturer in Chikhli Maharashtra India,Maharashtra,India
MH-40-11-1025,40,11,2,Chikhli,Agricultural Machinery Distributor Near Me,Agricultural Machinery Distributor Near Me in Chikhli Maharashtra India,Maharashtra,India
MH-40-12-1026,40,12,2,Chikhli,Agricultural Equipment Wholesale Distributor,Agricultural Equipment Wholesale Distributor in Chikhli Maharashtra India,Maharashtra,India
MH-40-13-1027,40,13,2,Chikhli,Bulk Agricultural Machinery Supplier,Bulk Agricultural Machinery Supplier in Chikhli Maharashtra India,Maharashtra,India
MH-40-14-1028,40,14,3,Chikhli,Agricultural Machinery Marketplace,Agricultural Machinery Marketplace in Chikhli Maharashtra India,Maharashtra,India
MH-40-15-1029,40,15,1,Chikhli,Agricultural Machinery Procurement Company,Agricultural Machinery Procurement Company in Chikhli Maharashtra India,Maharashtra,India
MH-40-16-1030,40,16,1,Chikhli,Agricultural Equipment Sourcing Company,Agricultural Equipment Sourcing Company in Chikhli Maharashtra India,Maharashtra,India
MH-40-17-1031,40,17,2,Chikhli,Farm Machinery Wholesalers,Farm Machinery Wholesalers in Chikhli Maharashtra India,Maharashtra,India
MH-40-18-1032,40,18,2,Chikhli,Agricultural Machinery Supplier,Agricultural Machinery Supplier in Chikhli Maharashtra India,Maharashtra,India
MH-40-19-1033,40,19,2,Chikhli,Agricultural Machinery Distributor,Agricultural Machinery Distributor in Chikhli Maharashtra India,Maharashtra,India
MH-40-20-1034,40,20,2,Chikhli,Agricultural Machinery Dealer,Agricultural Machinery Dealer in Chikhli Maharashtra India,Maharashtra,India
MH-40-21-1035,40,21,1,Chikhli,Agricultural Equipment Exporter,Agricultural Equipment Exporter in Chikhli Maharashtra India,Maharashtra,India
MH-40-22-1036,40,22,2,Chikhli,Agricultural Machinery Wholesaler,Agricultural Machinery Wholesaler in Chikhli Maharashtra India,Maharashtra,India
MH-40-23-1037,40,23,2,Chikhli,Agricultural Machinery Trader,Agricultural Machinery Trader in Chikhli Maharashtra India,Maharashtra,India
MH-40-24-1038,40,24,1,Chikhli,Agricultural Machinery Manufacturer,Agricultural Machinery Manufacturer in Chikhli Maharashtra India,Maharashtra,India
MH-40-25-1039,40,25,1,Chikhli,Agricultural Equipment Procurement,Agricultural Equipment Procurement in Chikhli Maharashtra India,Maharashtra,India
MH-40-26-1040,40,26,1,Chikhli,Agricultural Machinery Importers,Agricultural Machinery Importers in Chikhli Maharashtra India,Maharashtra,India
MH-41-01-1041,41,1,1,Chandrapur,Agricultural Machinery Exporters List,Agricultural Machinery Exporters List in Chandrapur Maharashtra India,Maharashtra,India
MH-41-02-1042,41,2,1,Chandrapur,Agricultural Equipment Manufacturers List,Agricultural Equipment Manufacturers List in Chandrapur Maharashtra India,Maharashtra,India
MH-41-03-1043,41,3,2,Chandrapur,Farm Equipment Dealers Directory,Farm Equipment Dealers Directory in Chandrapur Maharashtra India,Maharashtra,India
MH-41-04-1044,41,4,1,Chandrapur,Agricultural Machinery Importer Database,Agricultural Machinery Importer Database in Chandrapur Maharashtra India,Maharashtra,India
MH-41-05-1045,41,5,1,Chandrapur,Agricultural Equipment Buyer List,Agricultural Equipment Buyer List in Chandrapur Maharashtra India,Maharashtra,India
MH-41-06-1046,41,6,2,Chandrapur,Authorized Tractor Dealer,Authorized Tractor Dealer in Chandrapur Maharashtra India,Maharashtra,India
MH-41-07-1047,41,7,1,Chandrapur,Farm Machinery Exporter India,Farm Machinery Exporter India in Chandrapur Maharashtra India,Maharashtra,India
MH-41-08-1048,41,8,1,Chandrapur,Agricultural Machinery Import Export Company,Agricultural Machinery Import Export Company in Chandrapur Maharashtra India,Maharashtra,India
MH-41-09-1049,41,9,2,Chandrapur,Agricultural Equipment Tender Supplier,Agricultural Equipment Tender Supplier in Chandrapur Maharashtra India,Maharashtra,India
MH-41-10-1050,41,10,1,Chandrapur,Oem Agricultural Machinery Manufacturer,Oem Agricultural Machinery Manufacturer in Chandrapur Maharashtra India,Maharashtra,India
MH-41-11-1051,41,11,2,Chandrapur,Agricultural Machinery Distributor Near Me,Agricultural Machinery Distributor Near Me in Chandrapur Maharashtra India,Maharashtra,India
MH-41-12-1052,41,12,2,Chandrapur,Agricultural Equipment Wholesale Distributor,Agricultural Equipment Wholesale Distributor in Chandrapur Maharashtra India,Maharashtra,India
MH-41-13-1053,41,13,2,Chandrapur,Bulk Agricultural Machinery Supplier,Bulk Agricultural Machinery Supplier in Chandrapur Maharashtra India,Maharashtra,India
MH-41-14-1054,41,14,3,Chandrapur,Agricultural Machinery Marketplace,Agricultural Machinery Marketplace in Chandrapur Maharashtra India,Maharashtra,India
MH-41-15-1055,41,15,1,Chandrapur,Agricultural Machinery Procurement Company,Agricultural Machinery Procurement Company in Chandrapur Maharashtra India,Maharashtra,India
MH-41-16-1056,41,16,1,Chandrapur,Agricultural Equipment Sourcing Company,Agricultural Equipment Sourcing Company in Chandrapur Maharashtra India,Maharashtra,India
MH-41-17-1057,41,17,2,Chandrapur,Farm Machinery Wholesalers,Farm Machinery Wholesalers in Chandrapur Maharashtra India,Maharashtra,India
MH-41-18-1058,41,18,2,Chandrapur,Agricultural Machinery Supplier,Agricultural Machinery Supplier in Chandrapur Maharashtra India,Maharashtra,India
MH-41-19-1059,41,19,2,Chandrapur,Agricultural Machinery Distributor,Agricultural Machinery Distributor in Chandrapur Maharashtra India,Maharashtra,India
MH-41-20-1060,41,20,2,Chandrapur,Agricultural Machinery Dealer,Agricultural Machinery Dealer in Chandrapur Maharashtra India,Maharashtra,India
MH-41-21-1061,41,21,1,Chandrapur,Agricultural Equipment Exporter,Agricultural Equipment Exporter in Chandrapur Maharashtra India,Maharashtra,India
MH-41-22-1062,41,22,2,Chandrapur,Agricultural Machinery Wholesaler,Agricultural Machinery Wholesaler in Chandrapur Maharashtra India,Maharashtra,India
MH-41-23-1063,41,23,2,Chandrapur,Agricultural Machinery Trader,Agricultural Machinery Trader in Chandrapur Maharashtra India,Maharashtra,India
MH-41-24-1064,41,24,1,Chandrapur,Agricultural Machinery Manufacturer,Agricultural Machinery Manufacturer in Chandrapur Maharashtra India,Maharashtra,India
MH-41-25-1065,41,25,1,Chandrapur,Agricultural Equipment Procurement,Agricultural Equipment Procurement in Chandrapur Maharashtra India,Maharashtra,India
MH-41-26-1066,41,26,1,Chandrapur,Agricultural Machinery Importers,Agricultural Machinery Importers in Chandrapur Maharashtra India,Maharashtra,India
MH-42-01-1067,42,1,1,Ballarpur,Agricultural Machinery Exporters List,Agricultural Machinery Exporters List in Ballarpur Maharashtra India,Maharashtra,India
MH-42-02-1068,42,2,1,Ballarpur,Agricultural Equipment Manufacturers List,Agricultural Equipment Manufacturers List in Ballarpur Maharashtra India,Maharashtra,India
MH-42-03-1069,42,3,2,Ballarpur,Farm Equipment Dealers Directory,Farm Equipment Dealers Directory in Ballarpur Maharashtra India,Maharashtra,India
MH-42-04-1070,42,4,1,Ballarpur,Agricultural Machinery Importer Database,Agricultural Machinery Importer Database in Ballarpur Maharashtra India,Maharashtra,India
MH-42-05-1071,42,5,1,Ballarpur,Agricultural Equipment Buyer List,Agricultural Equipment Buyer List in Ballarpur Maharashtra India,Maharashtra,India
MH-42-06-1072,42,6,2,Ballarpur,Authorized Tractor Dealer,Authorized Tractor Dealer in Ballarpur Maharashtra India,Maharashtra,India
MH-42-07-1073,42,7,1,Ballarpur,Farm Machinery Exporter India,Farm Machinery Exporter India in Ballarpur Maharashtra India,Maharashtra,India
MH-42-08-1074,42,8,1,Ballarpur,Agricultural Machinery Import Export Company,Agricultural Machinery Import Export Company in Ballarpur Maharashtra India,Maharashtra,India
MH-42-09-1075,42,9,2,Ballarpur,Agricultural Equipment Tender Supplier,Agricultural Equipment Tender Supplier in Ballarpur Maharashtra India,Maharashtra,India
MH-42-10-1076,42,10,1,Ballarpur,Oem Agricultural Machinery Manufacturer,Oem Agricultural Machinery Manufacturer in Ballarpur Maharashtra India,Maharashtra,India
MH-42-11-1077,42,11,2,Ballarpur,Agricultural Machinery Distributor Near Me,Agricultural Machinery Distributor Near Me in Ballarpur Maharashtra India,Maharashtra,India
MH-42-12-1078,42,12,2,Ballarpur,Agricultural Equipment Wholesale Distributor,Agricultural Equipment Wholesale Distributor in Ballarpur Maharashtra India,Maharashtra,India
MH-42-13-1079,42,13,2,Ballarpur,Bulk Agricultural Machinery Supplier,Bulk Agricultural Machinery Supplier in Ballarpur Maharashtra India,Maharashtra,India
MH-42-14-1080,42,14,3,Ballarpur,Agricultural Machinery Marketplace,Agricultural Machinery Marketplace in Ballarpur Maharashtra India,Maharashtra,India
MH-42-15-1081,42,15,1,Ballarpur,Agricultural Machinery Procurement Company,Agricultural Machinery Procurement Company in Ballarpur Maharashtra India,Maharashtra,India
MH-42-16-1082,42,16,1,Ballarpur,Agricultural Equipment Sourcing Company,Agricultural Equipment Sourcing Company in Ballarpur Maharashtra India,Maharashtra,India
MH-42-17-1083,42,17,2,Ballarpur,Farm Machinery Wholesalers,Farm Machinery Wholesalers in Ballarpur Maharashtra India,Maharashtra,India
MH-42-18-1084,42,18,2,Ballarpur,Agricultural Machinery Supplier,Agricultural Machinery Supplier in Ballarpur Maharashtra India,Maharashtra,India
MH-42-19-1085,42,19,2,Ballarpur,Agricultural Machinery Distributor,Agricultural Machinery Distributor in Ballarpur Maharashtra India,Maharashtra,India
MH-42-20-1086,42,20,2,Ballarpur,Agricultural Machinery Dealer,Agricultural Machinery Dealer in Ballarpur Maharashtra India,Maharashtra,India
MH-42-21-1087,42,21,1,Ballarpur,Agricultural Equipment Exporter,Agricultural Equipment Exporter in Ballarpur Maharashtra India,Maharashtra,India
MH-42-22-1088,42,22,2,Ballarpur,Agricultural Machinery Wholesaler,Agricultural Machinery Wholesaler in Ballarpur Maharashtra India,Maharashtra,India
MH-42-23-1089,42,23,2,Ballarpur,Agricultural Machinery Trader,Agricultural Machinery Trader in Ballarpur Maharashtra India,Maharashtra,India
MH-42-24-1090,42,24,1,Ballarpur,Agricultural Machinery Manufacturer,Agricultural Machinery Manufacturer in Ballarpur Maharashtra India,Maharashtra,India
MH-42-25-1091,42,25,1,Ballarpur,Agricultural Equipment Procurement,Agricultural Equipment Procurement in Ballarpur Maharashtra India,Maharashtra,India
MH-42-26-1092,42,26,1,Ballarpur,Agricultural Machinery Importers,Agricultural Machinery Importers in Ballarpur Maharashtra India,Maharashtra,India
MH-43-01-1093,43,1,1,Warora,Agricultural Machinery Exporters List,Agricultural Machinery Exporters List in Warora Maharashtra India,Maharashtra,India
MH-43-02-1094,43,2,1,Warora,Agricultural Equipment Manufacturers List,Agricultural Equipment Manufacturers List in Warora Maharashtra India,Maharashtra,India
MH-43-03-1095,43,3,2,Warora,Farm Equipment Dealers Directory,Farm Equipment Dealers Directory in Warora Maharashtra India,Maharashtra,India
MH-43-04-1096,43,4,1,Warora,Agricultural Machinery Importer Database,Agricultural Machinery Importer Database in Warora Maharashtra India,Maharashtra,India
MH-43-05-1097,43,5,1,Warora,Agricultural Equipment Buyer List,Agricultural Equipment Buyer List in Warora Maharashtra India,Maharashtra,India
MH-43-06-1098,43,6,2,Warora,Authorized Tractor Dealer,Authorized Tractor Dealer in Warora Maharashtra India,Maharashtra,India
MH-43-07-1099,43,7,1,Warora,Farm Machinery Exporter India,Farm Machinery Exporter India in Warora Maharashtra India,Maharashtra,India
MH-43-08-1100,43,8,1,Warora,Agricultural Machinery Import Export Company,Agricultural Machinery Import Export Company in Warora Maharashtra India,Maharashtra,India
MH-43-09-1101,43,9,2,Warora,Agricultural Equipment Tender Supplier,Agricultural Equipment Tender Supplier in Warora Maharashtra India,Maharashtra,India
MH-43-10-1102,43,10,1,Warora,Oem Agricultural Machinery Manufacturer,Oem Agricultural Machinery Manufacturer in Warora Maharashtra India,Maharashtra,India
MH-43-11-1103,43,11,2,Warora,Agricultural Machinery Distributor Near Me,Agricultural Machinery Distributor Near Me in Warora Maharashtra India,Maharashtra,India
MH-43-12-1104,43,12,2,Warora,Agricultural Equipment Wholesale Distributor,Agricultural Equipment Wholesale Distributor in Warora Maharashtra India,Maharashtra,India
MH-43-13-1105,43,13,2,Warora,Bulk Agricultural Machinery Supplier,Bulk Agricultural Machinery Supplier in Warora Maharashtra India,Maharashtra,India
MH-43-14-1106,43,14,3,Warora,Agricultural Machinery Marketplace,Agricultural Machinery Marketplace in Warora Maharashtra India,Maharashtra,India
MH-43-15-1107,43,15,1,Warora,Agricultural Machinery Procurement Company,Agricultural Machinery Procurement Company in Warora Maharashtra India,Maharashtra,India
MH-43-16-1108,43,16,1,Warora,Agricultural Equipment Sourcing Company,Agricultural Equipment Sourcing Company in Warora Maharashtra India,Maharashtra,India
MH-43-17-1109,43,17,2,Warora,Farm Machinery Wholesalers,Farm Machinery Wholesalers in Warora Maharashtra India,Maharashtra,India
MH-43-18-1110,43,18,2,Warora,Agricultural Machinery Supplier,Agricultural Machinery Supplier in Warora Maharashtra India,Maharashtra,India
MH-43-19-1111,43,19,2,Warora,Agricultural Machinery Distributor,Agricultural Machinery Distributor in Warora Maharashtra India,Maharashtra,India
MH-43-20-1112,43,20,2,Warora,Agricultural Machinery Dealer,Agricultural Machinery Dealer in Warora Maharashtra India,Maharashtra,India
MH-43-21-1113,43,21,1,Warora,Agricultural Equipment Exporter,Agricultural Equipment Exporter in Warora Maharashtra India,Maharashtra,India
MH-43-22-1114,43,22,2,Warora,Agricultural Machinery Wholesaler,Agricultural Machinery Wholesaler in Warora Maharashtra India,Maharashtra,India
MH-43-23-1115,43,23,2,Warora,Agricultural Machinery Trader,Agricultural Machinery Trader in Warora Maharashtra India,Maharashtra,India
MH-43-24-1116,43,24,1,Warora,Agricultural Machinery Manufacturer,Agricultural Machinery Manufacturer in Warora Maharashtra India,Maharashtra,India
MH-43-25-1117,43,25,1,Warora,Agricultural Equipment Procurement,Agricultural Equipment Procurement in Warora Maharashtra India,Maharashtra,India
MH-43-26-1118,43,26,1,Warora,Agricultural Machinery Importers,Agricultural Machinery Importers in Warora Maharashtra India,Maharashtra,India
MH-44-01-1119,44,1,1,Rajura,Agricultural Machinery Exporters List,Agricultural Machinery Exporters List in Rajura Maharashtra India,Maharashtra,India
MH-44-02-1120,44,2,1,Rajura,Agricultural Equipment Manufacturers List,Agricultural Equipment Manufacturers List in Rajura Maharashtra India,Maharashtra,India
MH-44-03-1121,44,3,2,Rajura,Farm Equipment Dealers Directory,Farm Equipment Dealers Directory in Rajura Maharashtra India,Maharashtra,India
MH-44-04-1122,44,4,1,Rajura,Agricultural Machinery Importer Database,Agricultural Machinery Importer Database in Rajura Maharashtra India,Maharashtra,India
MH-44-05-1123,44,5,1,Rajura,Agricultural Equipment Buyer List,Agricultural Equipment Buyer List in Rajura Maharashtra India,Maharashtra,India
MH-44-06-1124,44,6,2,Rajura,Authorized Tractor Dealer,Authorized Tractor Dealer in Rajura Maharashtra India,Maharashtra,India
MH-44-07-1125,44,7,1,Rajura,Farm Machinery Exporter India,Farm Machinery Exporter India in Rajura Maharashtra India,Maharashtra,India
MH-44-08-1126,44,8,1,Rajura,Agricultural Machinery Import Export Company,Agricultural Machinery Import Export Company in Rajura Maharashtra India,Maharashtra,India
MH-44-09-1127,44,9,2,Rajura,Agricultural Equipment Tender Supplier,Agricultural Equipment Tender Supplier in Rajura Maharashtra India,Maharashtra,India
MH-44-10-1128,44,10,1,Rajura,Oem Agricultural Machinery Manufacturer,Oem Agricultural Machinery Manufacturer in Rajura Maharashtra India,Maharashtra,India
MH-44-11-1129,44,11,2,Rajura,Agricultural Machinery Distributor Near Me,Agricultural Machinery Distributor Near Me in Rajura Maharashtra India,Maharashtra,India
MH-44-12-1130,44,12,2,Rajura,Agricultural Equipment Wholesale Distributor,Agricultural Equipment Wholesale Distributor in Rajura Maharashtra India,Maharashtra,India
MH-44-13-1131,44,13,2,Rajura,Bulk Agricultural Machinery Supplier,Bulk Agricultural Machinery Supplier in Rajura Maharashtra India,Maharashtra,India
MH-44-14-1132,44,14,3,Rajura,Agricultural Machinery Marketplace,Agricultural Machinery Marketplace in Rajura Maharashtra India,Maharashtra,India
MH-44-15-1133,44,15,1,Rajura,Agricultural Machinery Procurement Company,Agricultural Machinery Procurement Company in Rajura Maharashtra India,Maharashtra,India
MH-44-16-1134,44,16,1,Rajura,Agricultural Equipment Sourcing Company,Agricultural Equipment Sourcing Company in Rajura Maharashtra India,Maharashtra,India
MH-44-17-1135,44,17,2,Rajura,Farm Machinery Wholesalers,Farm Machinery Wholesalers in Rajura Maharashtra India,Maharashtra,India
MH-44-18-1136,44,18,2,Rajura,Agricultural Machinery Supplier,Agricultural Machinery Supplier in Rajura Maharashtra India,Maharashtra,India
MH-44-19-1137,44,19,2,Rajura,Agricultural Machinery Distributor,Agricultural Machinery Distributor in Rajura Maharashtra India,Maharashtra,India
MH-44-20-1138,44,20,2,Rajura,Agricultural Machinery Dealer,Agricultural Machinery Dealer in Rajura Maharashtra India,Maharashtra,India
MH-44-21-1139,44,21,1,Rajura,Agricultural Equipment Exporter,Agricultural Equipment Exporter in Rajura Maharashtra India,Maharashtra,India
MH-44-22-1140,44,22,2,Rajura,Agricultural Machinery Wholesaler,Agricultural Machinery Wholesaler in Rajura Maharashtra India,Maharashtra,India
MH-44-23-1141,44,23,2,Rajura,Agricultural Machinery Trader,Agricultural Machinery Trader in Rajura Maharashtra India,Maharashtra,India
MH-44-24-1142,44,24,1,Rajura,Agricultural Machinery Manufacturer,Agricultural Machinery Manufacturer in Rajura Maharashtra India,Maharashtra,India
MH-44-25-1143,44,25,1,Rajura,Agricultural Equipment Procurement,Agricultural Equipment Procurement in Rajura Maharashtra India,Maharashtra,India
MH-44-26-1144,44,26,1,Rajura,Agricultural Machinery Importers,Agricultural Machinery Importers in Rajura Maharashtra India,Maharashtra,India
MH-45-01-1145,45,1,1,Chhatrapati Sambhajinagar,Agricultural Machinery Exporters List,Agricultural Machinery Exporters List in Chhatrapati Sambhajinagar Maharashtra India,Maharashtra,India
MH-45-02-1146,45,2,1,Chhatrapati Sambhajinagar,Agricultural Equipment Manufacturers List,Agricultural Equipment Manufacturers List in Chhatrapati Sambhajinagar Maharashtra India,Maharashtra,India
MH-45-03-1147,45,3,2,Chhatrapati Sambhajinagar,Farm Equipment Dealers Directory,Farm Equipment Dealers Directory in Chhatrapati Sambhajinagar Maharashtra India,Maharashtra,India
MH-45-04-1148,45,4,1,Chhatrapati Sambhajinagar,Agricultural Machinery Importer Database,Agricultural Machinery Importer Database in Chhatrapati Sambhajinagar Maharashtra India,Maharashtra,India
MH-45-05-1149,45,5,1,Chhatrapati Sambhajinagar,Agricultural Equipment Buyer List,Agricultural Equipment Buyer List in Chhatrapati Sambhajinagar Maharashtra India,Maharashtra,India
MH-45-06-1150,45,6,2,Chhatrapati Sambhajinagar,Authorized Tractor Dealer,Authorized Tractor Dealer in Chhatrapati Sambhajinagar Maharashtra India,Maharashtra,India
MH-45-07-1151,45,7,1,Chhatrapati Sambhajinagar,Farm Machinery Exporter India,Farm Machinery Exporter India in Chhatrapati Sambhajinagar Maharashtra India,Maharashtra,India
MH-45-08-1152,45,8,1,Chhatrapati Sambhajinagar,Agricultural Machinery Import Export Company,Agricultural Machinery Import Export Company in Chhatrapati Sambhajinagar Maharashtra India,Maharashtra,India
MH-45-09-1153,45,9,2,Chhatrapati Sambhajinagar,Agricultural Equipment Tender Supplier,Agricultural Equipment Tender Supplier in Chhatrapati Sambhajinagar Maharashtra India,Maharashtra,India
MH-45-10-1154,45,10,1,Chhatrapati Sambhajinagar,Oem Agricultural Machinery Manufacturer,Oem Agricultural Machinery Manufacturer in Chhatrapati Sambhajinagar Maharashtra India,Maharashtra,India
MH-45-11-1155,45,11,2,Chhatrapati Sambhajinagar,Agricultural Machinery Distributor Near Me,Agricultural Machinery Distributor Near Me in Chhatrapati Sambhajinagar Maharashtra India,Maharashtra,India
MH-45-12-1156,45,12,2,Chhatrapati Sambhajinagar,Agricultural Equipment Wholesale Distributor,Agricultural Equipment Wholesale Distributor in Chhatrapati Sambhajinagar Maharashtra India,Maharashtra,India
MH-45-13-1157,45,13,2,Chhatrapati Sambhajinagar,Bulk Agricultural Machinery Supplier,Bulk Agricultural Machinery Supplier in Chhatrapati Sambhajinagar Maharashtra India,Maharashtra,India
MH-45-14-1158,45,14,3,Chhatrapati Sambhajinagar,Agricultural Machinery Marketplace,Agricultural Machinery Marketplace in Chhatrapati Sambhajinagar Maharashtra India,Maharashtra,India
MH-45-15-1159,45,15,1,Chhatrapati Sambhajinagar,Agricultural Machinery Procurement Company,Agricultural Machinery Procurement Company in Chhatrapati Sambhajinagar Maharashtra India,Maharashtra,India
MH-45-16-1160,45,16,1,Chhatrapati Sambhajinagar,Agricultural Equipment Sourcing Company,Agricultural Equipment Sourcing Company in Chhatrapati Sambhajinagar Maharashtra India,Maharashtra,India
MH-45-17-1161,45,17,2,Chhatrapati Sambhajinagar,Farm Machinery Wholesalers,Farm Machinery Wholesalers in Chhatrapati Sambhajinagar Maharashtra India,Maharashtra,India
MH-45-18-1162,45,18,2,Chhatrapati Sambhajinagar,Agricultural Machinery Supplier,Agricultural Machinery Supplier in Chhatrapati Sambhajinagar Maharashtra India,Maharashtra,India
MH-45-19-1163,45,19,2,Chhatrapati Sambhajinagar,Agricultural Machinery Distributor,Agricultural Machinery Distributor in Chhatrapati Sambhajinagar Maharashtra India,Maharashtra,India
MH-45-20-1164,45,20,2,Chhatrapati Sambhajinagar,Agricultural Machinery Dealer,Agricultural Machinery Dealer in Chhatrapati Sambhajinagar Maharashtra India,Maharashtra,India
MH-45-21-1165,45,21,1,Chhatrapati Sambhajinagar,Agricultural Equipment Exporter,Agricultural Equipment Exporter in Chhatrapati Sambhajinagar Maharashtra India,Maharashtra,India
MH-45-22-1166,45,22,2,Chhatrapati Sambhajinagar,Agricultural Machinery Wholesaler,Agricultural Machinery Wholesaler in Chhatrapati Sambhajinagar Maharashtra India,Maharashtra,India
MH-45-23-1167,45,23,2,Chhatrapati Sambhajinagar,Agricultural Machinery Trader,Agricultural Machinery Trader in Chhatrapati Sambhajinagar Maharashtra India,Maharashtra,India
MH-45-24-1168,45,24,1,Chhatrapati Sambhajinagar,Agricultural Machinery Manufacturer,Agricultural Machinery Manufacturer in Chhatrapati Sambhajinagar Maharashtra India,Maharashtra,India
MH-45-25-1169,45,25,1,Chhatrapati Sambhajinagar,Agricultural Equipment Procurement,Agricultural Equipment Procurement in Chhatrapati Sambhajinagar Maharashtra India,Maharashtra,India
MH-45-26-1170,45,26,1,Chhatrapati Sambhajinagar,Agricultural Machinery Importers,Agricultural Machinery Importers in Chhatrapati Sambhajinagar Maharashtra India,Maharashtra,India
MH-46-01-1171,46,1,1,Paithan,Agricultural Machinery Exporters List,Agricultural Machinery Exporters List in Paithan Maharashtra India,Maharashtra,India
MH-46-02-1172,46,2,1,Paithan,Agricultural Equipment Manufacturers List,Agricultural Equipment Manufacturers List in Paithan Maharashtra India,Maharashtra,India
MH-46-03-1173,46,3,2,Paithan,Farm Equipment Dealers Directory,Farm Equipment Dealers Directory in Paithan Maharashtra India,Maharashtra,India
MH-46-04-1174,46,4,1,Paithan,Agricultural Machinery Importer Database,Agricultural Machinery Importer Database in Paithan Maharashtra India,Maharashtra,India
MH-46-05-1175,46,5,1,Paithan,Agricultural Equipment Buyer List,Agricultural Equipment Buyer List in Paithan Maharashtra India,Maharashtra,India
MH-46-06-1176,46,6,2,Paithan,Authorized Tractor Dealer,Authorized Tractor Dealer in Paithan Maharashtra India,Maharashtra,India
MH-46-07-1177,46,7,1,Paithan,Farm Machinery Exporter India,Farm Machinery Exporter India in Paithan Maharashtra India,Maharashtra,India
MH-46-08-1178,46,8,1,Paithan,Agricultural Machinery Import Export Company,Agricultural Machinery Import Export Company in Paithan Maharashtra India,Maharashtra,India
MH-46-09-1179,46,9,2,Paithan,Agricultural Equipment Tender Supplier,Agricultural Equipment Tender Supplier in Paithan Maharashtra India,Maharashtra,India
MH-46-10-1180,46,10,1,Paithan,Oem Agricultural Machinery Manufacturer,Oem Agricultural Machinery Manufacturer in Paithan Maharashtra India,Maharashtra,India
MH-46-11-1181,46,11,2,Paithan,Agricultural Machinery Distributor Near Me,Agricultural Machinery Distributor Near Me in Paithan Maharashtra India,Maharashtra,India
MH-46-12-1182,46,12,2,Paithan,Agricultural Equipment Wholesale Distributor,Agricultural Equipment Wholesale Distributor in Paithan Maharashtra India,Maharashtra,India
MH-46-13-1183,46,13,2,Paithan,Bulk Agricultural Machinery Supplier,Bulk Agricultural Machinery Supplier in Paithan Maharashtra India,Maharashtra,India
MH-46-14-1184,46,14,3,Paithan,Agricultural Machinery Marketplace,Agricultural Machinery Marketplace in Paithan Maharashtra India,Maharashtra,India
MH-46-15-1185,46,15,1,Paithan,Agricultural Machinery Procurement Company,Agricultural Machinery Procurement Company in Paithan Maharashtra India,Maharashtra,India
MH-46-16-1186,46,16,1,Paithan,Agricultural Equipment Sourcing Company,Agricultural Equipment Sourcing Company in Paithan Maharashtra India,Maharashtra,India
MH-46-17-1187,46,17,2,Paithan,Farm Machinery Wholesalers,Farm Machinery Wholesalers in Paithan Maharashtra India,Maharashtra,India
MH-46-18-1188,46,18,2,Paithan,Agricultural Machinery Supplier,Agricultural Machinery Supplier in Paithan Maharashtra India,Maharashtra,India
MH-46-19-1189,46,19,2,Paithan,Agricultural Machinery Distributor,Agricultural Machinery Distributor in Paithan Maharashtra India,Maharashtra,India
MH-46-20-1190,46,20,2,Paithan,Agricultural Machinery Dealer,Agricultural Machinery Dealer in Paithan Maharashtra India,Maharashtra,India
MH-46-21-1191,46,21,1,Paithan,Agricultural Equipment Exporter,Agricultural Equipment Exporter in Paithan Maharashtra India,Maharashtra,India
MH-46-22-1192,46,22,2,Paithan,Agricultural Machinery Wholesaler,Agricultural Machinery Wholesaler in Paithan Maharashtra India,Maharashtra,India
MH-46-23-1193,46,23,2,Paithan,Agricultural Machinery Trader,Agricultural Machinery Trader in Paithan Maharashtra India,Maharashtra,India
MH-46-24-1194,46,24,1,Paithan,Agricultural Machinery Manufacturer,Agricultural Machinery Manufacturer in Paithan Maharashtra India,Maharashtra,India
MH-46-25-1195,46,25,1,Paithan,Agricultural Equipment Procurement,Agricultural Equipment Procurement in Paithan Maharashtra India,Maharashtra,India
MH-46-26-1196,46,26,1,Paithan,Agricultural Machinery Importers,Agricultural Machinery Importers in Paithan Maharashtra India,Maharashtra,India
MH-47-01-1197,47,1,1,Sillod,Agricultural Machinery Exporters List,Agricultural Machinery Exporters List in Sillod Maharashtra India,Maharashtra,India
MH-47-02-1198,47,2,1,Sillod,Agricultural Equipment Manufacturers List,Agricultural Equipment Manufacturers List in Sillod Maharashtra India,Maharashtra,India
MH-47-03-1199,47,3,2,Sillod,Farm Equipment Dealers Directory,Farm Equipment Dealers Directory in Sillod Maharashtra India,Maharashtra,India
MH-47-04-1200,47,4,1,Sillod,Agricultural Machinery Importer Database,Agricultural Machinery Importer Database in Sillod Maharashtra India,Maharashtra,India
MH-47-05-1201,47,5,1,Sillod,Agricultural Equipment Buyer List,Agricultural Equipment Buyer List in Sillod Maharashtra India,Maharashtra,India
MH-47-06-1202,47,6,2,Sillod,Authorized Tractor Dealer,Authorized Tractor Dealer in Sillod Maharashtra India,Maharashtra,India
MH-47-07-1203,47,7,1,Sillod,Farm Machinery Exporter India,Farm Machinery Exporter India in Sillod Maharashtra India,Maharashtra,India
MH-47-08-1204,47,8,1,Sillod,Agricultural Machinery Import Export Company,Agricultural Machinery Import Export Company in Sillod Maharashtra India,Maharashtra,India
MH-47-09-1205,47,9,2,Sillod,Agricultural Equipment Tender Supplier,Agricultural Equipment Tender Supplier in Sillod Maharashtra India,Maharashtra,India
MH-47-10-1206,47,10,1,Sillod,Oem Agricultural Machinery Manufacturer,Oem Agricultural Machinery Manufacturer in Sillod Maharashtra India,Maharashtra,India
MH-47-11-1207,47,11,2,Sillod,Agricultural Machinery Distributor Near Me,Agricultural Machinery Distributor Near Me in Sillod Maharashtra India,Maharashtra,India
MH-47-12-1208,47,12,2,Sillod,Agricultural Equipment Wholesale Distributor,Agricultural Equipment Wholesale Distributor in Sillod Maharashtra India,Maharashtra,India
MH-47-13-1209,47,13,2,Sillod,Bulk Agricultural Machinery Supplier,Bulk Agricultural Machinery Supplier in Sillod Maharashtra India,Maharashtra,India
MH-47-14-1210,47,14,3,Sillod,Agricultural Machinery Marketplace,Agricultural Machinery Marketplace in Sillod Maharashtra India,Maharashtra,India
MH-47-15-1211,47,15,1,Sillod,Agricultural Machinery Procurement Company,Agricultural Machinery Procurement Company in Sillod Maharashtra India,Maharashtra,India
MH-47-16-1212,47,16,1,Sillod,Agricultural Equipment Sourcing Company,Agricultural Equipment Sourcing Company in Sillod Maharashtra India,Maharashtra,India
MH-47-17-1213,47,17,2,Sillod,Farm Machinery Wholesalers,Farm Machinery Wholesalers in Sillod Maharashtra India,Maharashtra,India
MH-47-18-1214,47,18,2,Sillod,Agricultural Machinery Supplier,Agricultural Machinery Supplier in Sillod Maharashtra India,Maharashtra,India
MH-47-19-1215,47,19,2,Sillod,Agricultural Machinery Distributor,Agricultural Machinery Distributor in Sillod Maharashtra India,Maharashtra,India
MH-47-20-1216,47,20,2,Sillod,Agricultural Machinery Dealer,Agricultural Machinery Dealer in Sillod Maharashtra India,Maharashtra,India
MH-47-21-1217,47,21,1,Sillod,Agricultural Equipment Exporter,Agricultural Equipment Exporter in Sillod Maharashtra India,Maharashtra,India
MH-47-22-1218,47,22,2,Sillod,Agricultural Machinery Wholesaler,Agricultural Machinery Wholesaler in Sillod Maharashtra India,Maharashtra,India
MH-47-23-1219,47,23,2,Sillod,Agricultural Machinery Trader,Agricultural Machinery Trader in Sillod Maharashtra India,Maharashtra,India
MH-47-24-1220,47,24,1,Sillod,Agricultural Machinery Manufacturer,Agricultural Machinery Manufacturer in Sillod Maharashtra India,Maharashtra,India
MH-47-25-1221,47,25,1,Sillod,Agricultural Equipment Procurement,Agricultural Equipment Procurement in Sillod Maharashtra India,Maharashtra,India
MH-47-26-1222,47,26,1,Sillod,Agricultural Machinery Importers,Agricultural Machinery Importers in Sillod Maharashtra India,Maharashtra,India
MH-48-01-1223,48,1,1,Vaijapur,Agricultural Machinery Exporters List,Agricultural Machinery Exporters List in Vaijapur Maharashtra India,Maharashtra,India
MH-48-02-1224,48,2,1,Vaijapur,Agricultural Equipment Manufacturers List,Agricultural Equipment Manufacturers List in Vaijapur Maharashtra India,Maharashtra,India
MH-48-03-1225,48,3,2,Vaijapur,Farm Equipment Dealers Directory,Farm Equipment Dealers Directory in Vaijapur Maharashtra India,Maharashtra,India
MH-48-04-1226,48,4,1,Vaijapur,Agricultural Machinery Importer Database,Agricultural Machinery Importer Database in Vaijapur Maharashtra India,Maharashtra,India
MH-48-05-1227,48,5,1,Vaijapur,Agricultural Equipment Buyer List,Agricultural Equipment Buyer List in Vaijapur Maharashtra India,Maharashtra,India
MH-48-06-1228,48,6,2,Vaijapur,Authorized Tractor Dealer,Authorized Tractor Dealer in Vaijapur Maharashtra India,Maharashtra,India
MH-48-07-1229,48,7,1,Vaijapur,Farm Machinery Exporter India,Farm Machinery Exporter India in Vaijapur Maharashtra India,Maharashtra,India
MH-48-08-1230,48,8,1,Vaijapur,Agricultural Machinery Import Export Company,Agricultural Machinery Import Export Company in Vaijapur Maharashtra India,Maharashtra,India
MH-48-09-1231,48,9,2,Vaijapur,Agricultural Equipment Tender Supplier,Agricultural Equipment Tender Supplier in Vaijapur Maharashtra India,Maharashtra,India
MH-48-10-1232,48,10,1,Vaijapur,Oem Agricultural Machinery Manufacturer,Oem Agricultural Machinery Manufacturer in Vaijapur Maharashtra India,Maharashtra,India
MH-48-11-1233,48,11,2,Vaijapur,Agricultural Machinery Distributor Near Me,Agricultural Machinery Distributor Near Me in Vaijapur Maharashtra India,Maharashtra,India
MH-48-12-1234,48,12,2,Vaijapur,Agricultural Equipment Wholesale Distributor,Agricultural Equipment Wholesale Distributor in Vaijapur Maharashtra India,Maharashtra,India
MH-48-13-1235,48,13,2,Vaijapur,Bulk Agricultural Machinery Supplier,Bulk Agricultural Machinery Supplier in Vaijapur Maharashtra India,Maharashtra,India
MH-48-14-1236,48,14,3,Vaijapur,Agricultural Machinery Marketplace,Agricultural Machinery Marketplace in Vaijapur Maharashtra India,Maharashtra,India
MH-48-15-1237,48,15,1,Vaijapur,Agricultural Machinery Procurement Company,Agricultural Machinery Procurement Company in Vaijapur Maharashtra India,Maharashtra,India
MH-48-16-1238,48,16,1,Vaijapur,Agricultural Equipment Sourcing Company,Agricultural Equipment Sourcing Company in Vaijapur Maharashtra India,Maharashtra,India
MH-48-17-1239,48,17,2,Vaijapur,Farm Machinery Wholesalers,Farm Machinery Wholesalers in Vaijapur Maharashtra India,Maharashtra,India
MH-48-18-1240,48,18,2,Vaijapur,Agricultural Machinery Supplier,Agricultural Machinery Supplier in Vaijapur Maharashtra India,Maharashtra,India
MH-48-19-1241,48,19,2,Vaijapur,Agricultural Machinery Distributor,Agricultural Machinery Distributor in Vaijapur Maharashtra India,Maharashtra,India
MH-48-20-1242,48,20,2,Vaijapur,Agricultural Machinery Dealer,Agricultural Machinery Dealer in Vaijapur Maharashtra India,Maharashtra,India
MH-48-21-1243,48,21,1,Vaijapur,Agricultural Equipment Exporter,Agricultural Equipment Exporter in Vaijapur Maharashtra India,Maharashtra,India
MH-48-22-1244,48,22,2,Vaijapur,Agricultural Machinery Wholesaler,Agricultural Machinery Wholesaler in Vaijapur Maharashtra India,Maharashtra,India
MH-48-23-1245,48,23,2,Vaijapur,Agricultural Machinery Trader,Agricultural Machinery Trader in Vaijapur Maharashtra India,Maharashtra,India
MH-48-24-1246,48,24,1,Vaijapur,Agricultural Machinery Manufacturer,Agricultural Machinery Manufacturer in Vaijapur Maharashtra India,Maharashtra,India
MH-48-25-1247,48,25,1,Vaijapur,Agricultural Equipment Procurement,Agricultural Equipment Procurement in Vaijapur Maharashtra India,Maharashtra,India
MH-48-26-1248,48,26,1,Vaijapur,Agricultural Machinery Importers,Agricultural Machinery Importers in Vaijapur Maharashtra India,Maharashtra,India
MH-49-01-1249,49,1,1,Dharashiv,Agricultural Machinery Exporters List,Agricultural Machinery Exporters List in Dharashiv Maharashtra India,Maharashtra,India
MH-49-02-1250,49,2,1,Dharashiv,Agricultural Equipment Manufacturers List,Agricultural Equipment Manufacturers List in Dharashiv Maharashtra India,Maharashtra,India
MH-49-03-1251,49,3,2,Dharashiv,Farm Equipment Dealers Directory,Farm Equipment Dealers Directory in Dharashiv Maharashtra India,Maharashtra,India
MH-49-04-1252,49,4,1,Dharashiv,Agricultural Machinery Importer Database,Agricultural Machinery Importer Database in Dharashiv Maharashtra India,Maharashtra,India
MH-49-05-1253,49,5,1,Dharashiv,Agricultural Equipment Buyer List,Agricultural Equipment Buyer List in Dharashiv Maharashtra India,Maharashtra,India
MH-49-06-1254,49,6,2,Dharashiv,Authorized Tractor Dealer,Authorized Tractor Dealer in Dharashiv Maharashtra India,Maharashtra,India
MH-49-07-1255,49,7,1,Dharashiv,Farm Machinery Exporter India,Farm Machinery Exporter India in Dharashiv Maharashtra India,Maharashtra,India
MH-49-08-1256,49,8,1,Dharashiv,Agricultural Machinery Import Export Company,Agricultural Machinery Import Export Company in Dharashiv Maharashtra India,Maharashtra,India
MH-49-09-1257,49,9,2,Dharashiv,Agricultural Equipment Tender Supplier,Agricultural Equipment Tender Supplier in Dharashiv Maharashtra India,Maharashtra,India
MH-49-10-1258,49,10,1,Dharashiv,Oem Agricultural Machinery Manufacturer,Oem Agricultural Machinery Manufacturer in Dharashiv Maharashtra India,Maharashtra,India
MH-49-11-1259,49,11,2,Dharashiv,Agricultural Machinery Distributor Near Me,Agricultural Machinery Distributor Near Me in Dharashiv Maharashtra India,Maharashtra,India
MH-49-12-1260,49,12,2,Dharashiv,Agricultural Equipment Wholesale Distributor,Agricultural Equipment Wholesale Distributor in Dharashiv Maharashtra India,Maharashtra,India
MH-49-13-1261,49,13,2,Dharashiv,Bulk Agricultural Machinery Supplier,Bulk Agricultural Machinery Supplier in Dharashiv Maharashtra India,Maharashtra,India
MH-49-14-1262,49,14,3,Dharashiv,Agricultural Machinery Marketplace,Agricultural Machinery Marketplace in Dharashiv Maharashtra India,Maharashtra,India
MH-49-15-1263,49,15,1,Dharashiv,Agricultural Machinery Procurement Company,Agricultural Machinery Procurement Company in Dharashiv Maharashtra India,Maharashtra,India
MH-49-16-1264,49,16,1,Dharashiv,Agricultural Equipment Sourcing Company,Agricultural Equipment Sourcing Company in Dharashiv Maharashtra India,Maharashtra,India
MH-49-17-1265,49,17,2,Dharashiv,Farm Machinery Wholesalers,Farm Machinery Wholesalers in Dharashiv Maharashtra India,Maharashtra,India
MH-49-18-1266,49,18,2,Dharashiv,Agricultural Machinery Supplier,Agricultural Machinery Supplier in Dharashiv Maharashtra India,Maharashtra,India
MH-49-19-1267,49,19,2,Dharashiv,Agricultural Machinery Distributor,Agricultural Machinery Distributor in Dharashiv Maharashtra India,Maharashtra,India
MH-49-20-1268,49,20,2,Dharashiv,Agricultural Machinery Dealer,Agricultural Machinery Dealer in Dharashiv Maharashtra India,Maharashtra,India
MH-49-21-1269,49,21,1,Dharashiv,Agricultural Equipment Exporter,Agricultural Equipment Exporter in Dharashiv Maharashtra India,Maharashtra,India
MH-49-22-1270,49,22,2,Dharashiv,Agricultural Machinery Wholesaler,Agricultural Machinery Wholesaler in Dharashiv Maharashtra India,Maharashtra,India
MH-49-23-1271,49,23,2,Dharashiv,Agricultural Machinery Trader,Agricultural Machinery Trader in Dharashiv Maharashtra India,Maharashtra,India
MH-49-24-1272,49,24,1,Dharashiv,Agricultural Machinery Manufacturer,Agricultural Machinery Manufacturer in Dharashiv Maharashtra India,Maharashtra,India
MH-49-25-1273,49,25,1,Dharashiv,Agricultural Equipment Procurement,Agricultural Equipment Procurement in Dharashiv Maharashtra India,Maharashtra,India
MH-49-26-1274,49,26,1,Dharashiv,Agricultural Machinery Importers,Agricultural Machinery Importers in Dharashiv Maharashtra India,Maharashtra,India
MH-50-01-1275,50,1,1,Tuljapur,Agricultural Machinery Exporters List,Agricultural Machinery Exporters List in Tuljapur Maharashtra India,Maharashtra,India
MH-50-02-1276,50,2,1,Tuljapur,Agricultural Equipment Manufacturers List,Agricultural Equipment Manufacturers List in Tuljapur Maharashtra India,Maharashtra,India
MH-50-03-1277,50,3,2,Tuljapur,Farm Equipment Dealers Directory,Farm Equipment Dealers Directory in Tuljapur Maharashtra India,Maharashtra,India
MH-50-04-1278,50,4,1,Tuljapur,Agricultural Machinery Importer Database,Agricultural Machinery Importer Database in Tuljapur Maharashtra India,Maharashtra,India
MH-50-05-1279,50,5,1,Tuljapur,Agricultural Equipment Buyer List,Agricultural Equipment Buyer List in Tuljapur Maharashtra India,Maharashtra,India
MH-50-06-1280,50,6,2,Tuljapur,Authorized Tractor Dealer,Authorized Tractor Dealer in Tuljapur Maharashtra India,Maharashtra,India
MH-50-07-1281,50,7,1,Tuljapur,Farm Machinery Exporter India,Farm Machinery Exporter India in Tuljapur Maharashtra India,Maharashtra,India
MH-50-08-1282,50,8,1,Tuljapur,Agricultural Machinery Import Export Company,Agricultural Machinery Import Export Company in Tuljapur Maharashtra India,Maharashtra,India
MH-50-09-1283,50,9,2,Tuljapur,Agricultural Equipment Tender Supplier,Agricultural Equipment Tender Supplier in Tuljapur Maharashtra India,Maharashtra,India
MH-50-10-1284,50,10,1,Tuljapur,Oem Agricultural Machinery Manufacturer,Oem Agricultural Machinery Manufacturer in Tuljapur Maharashtra India,Maharashtra,India
MH-50-11-1285,50,11,2,Tuljapur,Agricultural Machinery Distributor Near Me,Agricultural Machinery Distributor Near Me in Tuljapur Maharashtra India,Maharashtra,India
MH-50-12-1286,50,12,2,Tuljapur,Agricultural Equipment Wholesale Distributor,Agricultural Equipment Wholesale Distributor in Tuljapur Maharashtra India,Maharashtra,India
MH-50-13-1287,50,13,2,Tuljapur,Bulk Agricultural Machinery Supplier,Bulk Agricultural Machinery Supplier in Tuljapur Maharashtra India,Maharashtra,India
MH-50-14-1288,50,14,3,Tuljapur,Agricultural Machinery Marketplace,Agricultural Machinery Marketplace in Tuljapur Maharashtra India,Maharashtra,India
MH-50-15-1289,50,15,1,Tuljapur,Agricultural Machinery Procurement Company,Agricultural Machinery Procurement Company in Tuljapur Maharashtra India,Maharashtra,India
MH-50-16-1290,50,16,1,Tuljapur,Agricultural Equipment Sourcing Company,Agricultural Equipment Sourcing Company in Tuljapur Maharashtra India,Maharashtra,India
MH-50-17-1291,50,17,2,Tuljapur,Farm Machinery Wholesalers,Farm Machinery Wholesalers in Tuljapur Maharashtra India,Maharashtra,India
MH-50-18-1292,50,18,2,Tuljapur,Agricultural Machinery Supplier,Agricultural Machinery Supplier in Tuljapur Maharashtra India,Maharashtra,India
MH-50-19-1293,50,19,2,Tuljapur,Agricultural Machinery Distributor,Agricultural Machinery Distributor in Tuljapur Maharashtra India,Maharashtra,India
MH-50-20-1294,50,20,2,Tuljapur,Agricultural Machinery Dealer,Agricultural Machinery Dealer in Tuljapur Maharashtra India,Maharashtra,India
MH-50-21-1295,50,21,1,Tuljapur,Agricultural Equipment Exporter,Agricultural Equipment Exporter in Tuljapur Maharashtra India,Maharashtra,India
MH-50-22-1296,50,22,2,Tuljapur,Agricultural Machinery Wholesaler,Agricultural Machinery Wholesaler in Tuljapur Maharashtra India,Maharashtra,India
MH-50-23-1297,50,23,2,Tuljapur,Agricultural Machinery Trader,Agricultural Machinery Trader in Tuljapur Maharashtra India,Maharashtra,India
MH-50-24-1298,50,24,1,Tuljapur,Agricultural Machinery Manufacturer,Agricultural Machinery Manufacturer in Tuljapur Maharashtra India,Maharashtra,India
MH-50-25-1299,50,25,1,Tuljapur,Agricultural Equipment Procurement,Agricultural Equipment Procurement in Tuljapur Maharashtra India,Maharashtra,India
MH-50-26-1300,50,26,1,Tuljapur,Agricultural Machinery Importers,Agricultural Machinery Importers in Tuljapur Maharashtra India,Maharashtra,India
MH-51-01-1301,51,1,1,Umarga,Agricultural Machinery Exporters List,Agricultural Machinery Exporters List in Umarga Maharashtra India,Maharashtra,India
MH-51-02-1302,51,2,1,Umarga,Agricultural Equipment Manufacturers List,Agricultural Equipment Manufacturers List in Umarga Maharashtra India,Maharashtra,India
MH-51-03-1303,51,3,2,Umarga,Farm Equipment Dealers Directory,Farm Equipment Dealers Directory in Umarga Maharashtra India,Maharashtra,India
MH-51-04-1304,51,4,1,Umarga,Agricultural Machinery Importer Database,Agricultural Machinery Importer Database in Umarga Maharashtra India,Maharashtra,India
MH-51-05-1305,51,5,1,Umarga,Agricultural Equipment Buyer List,Agricultural Equipment Buyer List in Umarga Maharashtra India,Maharashtra,India
MH-51-06-1306,51,6,2,Umarga,Authorized Tractor Dealer,Authorized Tractor Dealer in Umarga Maharashtra India,Maharashtra,India
MH-51-07-1307,51,7,1,Umarga,Farm Machinery Exporter India,Farm Machinery Exporter India in Umarga Maharashtra India,Maharashtra,India
MH-51-08-1308,51,8,1,Umarga,Agricultural Machinery Import Export Company,Agricultural Machinery Import Export Company in Umarga Maharashtra India,Maharashtra,India
MH-51-09-1309,51,9,2,Umarga,Agricultural Equipment Tender Supplier,Agricultural Equipment Tender Supplier in Umarga Maharashtra India,Maharashtra,India
MH-51-10-1310,51,10,1,Umarga,Oem Agricultural Machinery Manufacturer,Oem Agricultural Machinery Manufacturer in Umarga Maharashtra India,Maharashtra,India
MH-51-11-1311,51,11,2,Umarga,Agricultural Machinery Distributor Near Me,Agricultural Machinery Distributor Near Me in Umarga Maharashtra India,Maharashtra,India
MH-51-12-1312,51,12,2,Umarga,Agricultural Equipment Wholesale Distributor,Agricultural Equipment Wholesale Distributor in Umarga Maharashtra India,Maharashtra,India
MH-51-13-1313,51,13,2,Umarga,Bulk Agricultural Machinery Supplier,Bulk Agricultural Machinery Supplier in Umarga Maharashtra India,Maharashtra,India
MH-51-14-1314,51,14,3,Umarga,Agricultural Machinery Marketplace,Agricultural Machinery Marketplace in Umarga Maharashtra India,Maharashtra,India
MH-51-15-1315,51,15,1,Umarga,Agricultural Machinery Procurement Company,Agricultural Machinery Procurement Company in Umarga Maharashtra India,Maharashtra,India
MH-51-16-1316,51,16,1,Umarga,Agricultural Equipment Sourcing Company,Agricultural Equipment Sourcing Company in Umarga Maharashtra India,Maharashtra,India
MH-51-17-1317,51,17,2,Umarga,Farm Machinery Wholesalers,Farm Machinery Wholesalers in Umarga Maharashtra India,Maharashtra,India
MH-51-18-1318,51,18,2,Umarga,Agricultural Machinery Supplier,Agricultural Machinery Supplier in Umarga Maharashtra India,Maharashtra,India
MH-51-19-1319,51,19,2,Umarga,Agricultural Machinery Distributor,Agricultural Machinery Distributor in Umarga Maharashtra India,Maharashtra,India
MH-51-20-1320,51,20,2,Umarga,Agricultural Machinery Dealer,Agricultural Machinery Dealer in Umarga Maharashtra India,Maharashtra,India
MH-51-21-1321,51,21,1,Umarga,Agricultural Equipment Exporter,Agricultural Equipment Exporter in Umarga Maharashtra India,Maharashtra,India
MH-51-22-1322,51,22,2,Umarga,Agricultural Machinery Wholesaler,Agricultural Machinery Wholesaler in Umarga Maharashtra India,Maharashtra,India
MH-51-23-1323,51,23,2,Umarga,Agricultural Machinery Trader,Agricultural Machinery Trader in Umarga Maharashtra India,Maharashtra,India
MH-51-24-1324,51,24,1,Umarga,Agricultural Machinery Manufacturer,Agricultural Machinery Manufacturer in Umarga Maharashtra India,Maharashtra,India
MH-51-25-1325,51,25,1,Umarga,Agricultural Equipment Procurement,Agricultural Equipment Procurement in Umarga Maharashtra India,Maharashtra,India
MH-51-26-1326,51,26,1,Umarga,Agricultural Machinery Importers,Agricultural Machinery Importers in Umarga Maharashtra India,Maharashtra,India
MH-52-01-1327,52,1,1,Paranda,Agricultural Machinery Exporters List,Agricultural Machinery Exporters List in Paranda Maharashtra India,Maharashtra,India
MH-52-02-1328,52,2,1,Paranda,Agricultural Equipment Manufacturers List,Agricultural Equipment Manufacturers List in Paranda Maharashtra India,Maharashtra,India
MH-52-03-1329,52,3,2,Paranda,Farm Equipment Dealers Directory,Farm Equipment Dealers Directory in Paranda Maharashtra India,Maharashtra,India
MH-52-04-1330,52,4,1,Paranda,Agricultural Machinery Importer Database,Agricultural Machinery Importer Database in Paranda Maharashtra India,Maharashtra,India
MH-52-05-1331,52,5,1,Paranda,Agricultural Equipment Buyer List,Agricultural Equipment Buyer List in Paranda Maharashtra India,Maharashtra,India
MH-52-06-1332,52,6,2,Paranda,Authorized Tractor Dealer,Authorized Tractor Dealer in Paranda Maharashtra India,Maharashtra,India
MH-52-07-1333,52,7,1,Paranda,Farm Machinery Exporter India,Farm Machinery Exporter India in Paranda Maharashtra India,Maharashtra,India
MH-52-08-1334,52,8,1,Paranda,Agricultural Machinery Import Export Company,Agricultural Machinery Import Export Company in Paranda Maharashtra India,Maharashtra,India
MH-52-09-1335,52,9,2,Paranda,Agricultural Equipment Tender Supplier,Agricultural Equipment Tender Supplier in Paranda Maharashtra India,Maharashtra,India
MH-52-10-1336,52,10,1,Paranda,Oem Agricultural Machinery Manufacturer,Oem Agricultural Machinery Manufacturer in Paranda Maharashtra India,Maharashtra,India
MH-52-11-1337,52,11,2,Paranda,Agricultural Machinery Distributor Near Me,Agricultural Machinery Distributor Near Me in Paranda Maharashtra India,Maharashtra,India
MH-52-12-1338,52,12,2,Paranda,Agricultural Equipment Wholesale Distributor,Agricultural Equipment Wholesale Distributor in Paranda Maharashtra India,Maharashtra,India
MH-52-13-1339,52,13,2,Paranda,Bulk Agricultural Machinery Supplier,Bulk Agricultural Machinery Supplier in Paranda Maharashtra India,Maharashtra,India
MH-52-14-1340,52,14,3,Paranda,Agricultural Machinery Marketplace,Agricultural Machinery Marketplace in Paranda Maharashtra India,Maharashtra,India
MH-52-15-1341,52,15,1,Paranda,Agricultural Machinery Procurement Company,Agricultural Machinery Procurement Company in Paranda Maharashtra India,Maharashtra,India
MH-52-16-1342,52,16,1,Paranda,Agricultural Equipment Sourcing Company,Agricultural Equipment Sourcing Company in Paranda Maharashtra India,Maharashtra,India
MH-52-17-1343,52,17,2,Paranda,Farm Machinery Wholesalers,Farm Machinery Wholesalers in Paranda Maharashtra India,Maharashtra,India
MH-52-18-1344,52,18,2,Paranda,Agricultural Machinery Supplier,Agricultural Machinery Supplier in Paranda Maharashtra India,Maharashtra,India
MH-52-19-1345,52,19,2,Paranda,Agricultural Machinery Distributor,Agricultural Machinery Distributor in Paranda Maharashtra India,Maharashtra,India
MH-52-20-1346,52,20,2,Paranda,Agricultural Machinery Dealer,Agricultural Machinery Dealer in Paranda Maharashtra India,Maharashtra,India
MH-52-21-1347,52,21,1,Paranda,Agricultural Equipment Exporter,Agricultural Equipment Exporter in Paranda Maharashtra India,Maharashtra,India
MH-52-22-1348,52,22,2,Paranda,Agricultural Machinery Wholesaler,Agricultural Machinery Wholesaler in Paranda Maharashtra India,Maharashtra,India
MH-52-23-1349,52,23,2,Paranda,Agricultural Machinery Trader,Agricultural Machinery Trader in Paranda Maharashtra India,Maharashtra,India
MH-52-24-1350,52,24,1,Paranda,Agricultural Machinery Manufacturer,Agricultural Machinery Manufacturer in Paranda Maharashtra India,Maharashtra,India
MH-52-25-1351,52,25,1,Paranda,Agricultural Equipment Procurement,Agricultural Equipment Procurement in Paranda Maharashtra India,Maharashtra,India
MH-52-26-1352,52,26,1,Paranda,Agricultural Machinery Importers,Agricultural Machinery Importers in Paranda Maharashtra India,Maharashtra,India
MH-53-01-1353,53,1,1,Gadchiroli,Agricultural Machinery Exporters List,Agricultural Machinery Exporters List in Gadchiroli Maharashtra India,Maharashtra,India
MH-53-02-1354,53,2,1,Gadchiroli,Agricultural Equipment Manufacturers List,Agricultural Equipment Manufacturers List in Gadchiroli Maharashtra India,Maharashtra,India
MH-53-03-1355,53,3,2,Gadchiroli,Farm Equipment Dealers Directory,Farm Equipment Dealers Directory in Gadchiroli Maharashtra India,Maharashtra,India
MH-53-04-1356,53,4,1,Gadchiroli,Agricultural Machinery Importer Database,Agricultural Machinery Importer Database in Gadchiroli Maharashtra India,Maharashtra,India
MH-53-05-1357,53,5,1,Gadchiroli,Agricultural Equipment Buyer List,Agricultural Equipment Buyer List in Gadchiroli Maharashtra India,Maharashtra,India
MH-53-06-1358,53,6,2,Gadchiroli,Authorized Tractor Dealer,Authorized Tractor Dealer in Gadchiroli Maharashtra India,Maharashtra,India
MH-53-07-1359,53,7,1,Gadchiroli,Farm Machinery Exporter India,Farm Machinery Exporter India in Gadchiroli Maharashtra India,Maharashtra,India
MH-53-08-1360,53,8,1,Gadchiroli,Agricultural Machinery Import Export Company,Agricultural Machinery Import Export Company in Gadchiroli Maharashtra India,Maharashtra,India
MH-53-09-1361,53,9,2,Gadchiroli,Agricultural Equipment Tender Supplier,Agricultural Equipment Tender Supplier in Gadchiroli Maharashtra India,Maharashtra,India
MH-53-10-1362,53,10,1,Gadchiroli,Oem Agricultural Machinery Manufacturer,Oem Agricultural Machinery Manufacturer in Gadchiroli Maharashtra India,Maharashtra,India
MH-53-11-1363,53,11,2,Gadchiroli,Agricultural Machinery Distributor Near Me,Agricultural Machinery Distributor Near Me in Gadchiroli Maharashtra India,Maharashtra,India
MH-53-12-1364,53,12,2,Gadchiroli,Agricultural Equipment Wholesale Distributor,Agricultural Equipment Wholesale Distributor in Gadchiroli Maharashtra India,Maharashtra,India
MH-53-13-1365,53,13,2,Gadchiroli,Bulk Agricultural Machinery Supplier,Bulk Agricultural Machinery Supplier in Gadchiroli Maharashtra India,Maharashtra,India
MH-53-14-1366,53,14,3,Gadchiroli,Agricultural Machinery Marketplace,Agricultural Machinery Marketplace in Gadchiroli Maharashtra India,Maharashtra,India
MH-53-15-1367,53,15,1,Gadchiroli,Agricultural Machinery Procurement Company,Agricultural Machinery Procurement Company in Gadchiroli Maharashtra India,Maharashtra,India
MH-53-16-1368,53,16,1,Gadchiroli,Agricultural Equipment Sourcing Company,Agricultural Equipment Sourcing Company in Gadchiroli Maharashtra India,Maharashtra,India
MH-53-17-1369,53,17,2,Gadchiroli,Farm Machinery Wholesalers,Farm Machinery Wholesalers in Gadchiroli Maharashtra India,Maharashtra,India
MH-53-18-1370,53,18,2,Gadchiroli,Agricultural Machinery Supplier,Agricultural Machinery Supplier in Gadchiroli Maharashtra India,Maharashtra,India
MH-53-19-1371,53,19,2,Gadchiroli,Agricultural Machinery Distributor,Agricultural Machinery Distributor in Gadchiroli Maharashtra India,Maharashtra,India
MH-53-20-1372,53,20,2,Gadchiroli,Agricultural Machinery Dealer,Agricultural Machinery Dealer in Gadchiroli Maharashtra India,Maharashtra,India
MH-53-21-1373,53,21,1,Gadchiroli,Agricultural Equipment Exporter,Agricultural Equipment Exporter in Gadchiroli Maharashtra India,Maharashtra,India
MH-53-22-1374,53,22,2,Gadchiroli,Agricultural Machinery Wholesaler,Agricultural Machinery Wholesaler in Gadchiroli Maharashtra India,Maharashtra,India
MH-53-23-1375,53,23,2,Gadchiroli,Agricultural Machinery Trader,Agricultural Machinery Trader in Gadchiroli Maharashtra India,Maharashtra,India
MH-53-24-1376,53,24,1,Gadchiroli,Agricultural Machinery Manufacturer,Agricultural Machinery Manufacturer in Gadchiroli Maharashtra India,Maharashtra,India
MH-53-25-1377,53,25,1,Gadchiroli,Agricultural Equipment Procurement,Agricultural Equipment Procurement in Gadchiroli Maharashtra India,Maharashtra,India
MH-53-26-1378,53,26,1,Gadchiroli,Agricultural Machinery Importers,Agricultural Machinery Importers in Gadchiroli Maharashtra India,Maharashtra,India
MH-54-01-1379,54,1,1,Aheri,Agricultural Machinery Exporters List,Agricultural Machinery Exporters List in Aheri Maharashtra India,Maharashtra,India
MH-54-02-1380,54,2,1,Aheri,Agricultural Equipment Manufacturers List,Agricultural Equipment Manufacturers List in Aheri Maharashtra India,Maharashtra,India
MH-54-03-1381,54,3,2,Aheri,Farm Equipment Dealers Directory,Farm Equipment Dealers Directory in Aheri Maharashtra India,Maharashtra,India
MH-54-04-1382,54,4,1,Aheri,Agricultural Machinery Importer Database,Agricultural Machinery Importer Database in Aheri Maharashtra India,Maharashtra,India
MH-54-05-1383,54,5,1,Aheri,Agricultural Equipment Buyer List,Agricultural Equipment Buyer List in Aheri Maharashtra India,Maharashtra,India
MH-54-06-1384,54,6,2,Aheri,Authorized Tractor Dealer,Authorized Tractor Dealer in Aheri Maharashtra India,Maharashtra,India
MH-54-07-1385,54,7,1,Aheri,Farm Machinery Exporter India,Farm Machinery Exporter India in Aheri Maharashtra India,Maharashtra,India
MH-54-08-1386,54,8,1,Aheri,Agricultural Machinery Import Export Company,Agricultural Machinery Import Export Company in Aheri Maharashtra India,Maharashtra,India
MH-54-09-1387,54,9,2,Aheri,Agricultural Equipment Tender Supplier,Agricultural Equipment Tender Supplier in Aheri Maharashtra India,Maharashtra,India
MH-54-10-1388,54,10,1,Aheri,Oem Agricultural Machinery Manufacturer,Oem Agricultural Machinery Manufacturer in Aheri Maharashtra India,Maharashtra,India
MH-54-11-1389,54,11,2,Aheri,Agricultural Machinery Distributor Near Me,Agricultural Machinery Distributor Near Me in Aheri Maharashtra India,Maharashtra,India
MH-54-12-1390,54,12,2,Aheri,Agricultural Equipment Wholesale Distributor,Agricultural Equipment Wholesale Distributor in Aheri Maharashtra India,Maharashtra,India
MH-54-13-1391,54,13,2,Aheri,Bulk Agricultural Machinery Supplier,Bulk Agricultural Machinery Supplier in Aheri Maharashtra India,Maharashtra,India
MH-54-14-1392,54,14,3,Aheri,Agricultural Machinery Marketplace,Agricultural Machinery Marketplace in Aheri Maharashtra India,Maharashtra,India
MH-54-15-1393,54,15,1,Aheri,Agricultural Machinery Procurement Company,Agricultural Machinery Procurement Company in Aheri Maharashtra India,Maharashtra,India
MH-54-16-1394,54,16,1,Aheri,Agricultural Equipment Sourcing Company,Agricultural Equipment Sourcing Company in Aheri Maharashtra India,Maharashtra,India
MH-54-17-1395,54,17,2,Aheri,Farm Machinery Wholesalers,Farm Machinery Wholesalers in Aheri Maharashtra India,Maharashtra,India
MH-54-18-1396,54,18,2,Aheri,Agricultural Machinery Supplier,Agricultural Machinery Supplier in Aheri Maharashtra India,Maharashtra,India
MH-54-19-1397,54,19,2,Aheri,Agricultural Machinery Distributor,Agricultural Machinery Distributor in Aheri Maharashtra India,Maharashtra,India
MH-54-20-1398,54,20,2,Aheri,Agricultural Machinery Dealer,Agricultural Machinery Dealer in Aheri Maharashtra India,Maharashtra,India
MH-54-21-1399,54,21,1,Aheri,Agricultural Equipment Exporter,Agricultural Equipment Exporter in Aheri Maharashtra India,Maharashtra,India
MH-54-22-1400,54,22,2,Aheri,Agricultural Machinery Wholesaler,Agricultural Machinery Wholesaler in Aheri Maharashtra India,Maharashtra,India
MH-54-23-1401,54,23,2,Aheri,Agricultural Machinery Trader,Agricultural Machinery Trader in Aheri Maharashtra India,Maharashtra,India
MH-54-24-1402,54,24,1,Aheri,Agricultural Machinery Manufacturer,Agricultural Machinery Manufacturer in Aheri Maharashtra India,Maharashtra,India
MH-54-25-1403,54,25,1,Aheri,Agricultural Equipment Procurement,Agricultural Equipment Procurement in Aheri Maharashtra India,Maharashtra,India
MH-54-26-1404,54,26,1,Aheri,Agricultural Machinery Importers,Agricultural Machinery Importers in Aheri Maharashtra India,Maharashtra,India
MH-55-01-1405,55,1,1,Armori,Agricultural Machinery Exporters List,Agricultural Machinery Exporters List in Armori Maharashtra India,Maharashtra,India
MH-55-02-1406,55,2,1,Armori,Agricultural Equipment Manufacturers List,Agricultural Equipment Manufacturers List in Armori Maharashtra India,Maharashtra,India
MH-55-03-1407,55,3,2,Armori,Farm Equipment Dealers Directory,Farm Equipment Dealers Directory in Armori Maharashtra India,Maharashtra,India
MH-55-04-1408,55,4,1,Armori,Agricultural Machinery Importer Database,Agricultural Machinery Importer Database in Armori Maharashtra India,Maharashtra,India
MH-55-05-1409,55,5,1,Armori,Agricultural Equipment Buyer List,Agricultural Equipment Buyer List in Armori Maharashtra India,Maharashtra,India
MH-55-06-1410,55,6,2,Armori,Authorized Tractor Dealer,Authorized Tractor Dealer in Armori Maharashtra India,Maharashtra,India
MH-55-07-1411,55,7,1,Armori,Farm Machinery Exporter India,Farm Machinery Exporter India in Armori Maharashtra India,Maharashtra,India
MH-55-08-1412,55,8,1,Armori,Agricultural Machinery Import Export Company,Agricultural Machinery Import Export Company in Armori Maharashtra India,Maharashtra,India
MH-55-09-1413,55,9,2,Armori,Agricultural Equipment Tender Supplier,Agricultural Equipment Tender Supplier in Armori Maharashtra India,Maharashtra,India
MH-55-10-1414,55,10,1,Armori,Oem Agricultural Machinery Manufacturer,Oem Agricultural Machinery Manufacturer in Armori Maharashtra India,Maharashtra,India
MH-55-11-1415,55,11,2,Armori,Agricultural Machinery Distributor Near Me,Agricultural Machinery Distributor Near Me in Armori Maharashtra India,Maharashtra,India
MH-55-12-1416,55,12,2,Armori,Agricultural Equipment Wholesale Distributor,Agricultural Equipment Wholesale Distributor in Armori Maharashtra India,Maharashtra,India
MH-55-13-1417,55,13,2,Armori,Bulk Agricultural Machinery Supplier,Bulk Agricultural Machinery Supplier in Armori Maharashtra India,Maharashtra,India
MH-55-14-1418,55,14,3,Armori,Agricultural Machinery Marketplace,Agricultural Machinery Marketplace in Armori Maharashtra India,Maharashtra,India
MH-55-15-1419,55,15,1,Armori,Agricultural Machinery Procurement Company,Agricultural Machinery Procurement Company in Armori Maharashtra India,Maharashtra,India
MH-55-16-1420,55,16,1,Armori,Agricultural Equipment Sourcing Company,Agricultural Equipment Sourcing Company in Armori Maharashtra India,Maharashtra,India
MH-55-17-1421,55,17,2,Armori,Farm Machinery Wholesalers,Farm Machinery Wholesalers in Armori Maharashtra India,Maharashtra,India
MH-55-18-1422,55,18,2,Armori,Agricultural Machinery Supplier,Agricultural Machinery Supplier in Armori Maharashtra India,Maharashtra,India
MH-55-19-1423,55,19,2,Armori,Agricultural Machinery Distributor,Agricultural Machinery Distributor in Armori Maharashtra India,Maharashtra,India
MH-55-20-1424,55,20,2,Armori,Agricultural Machinery Dealer,Agricultural Machinery Dealer in Armori Maharashtra India,Maharashtra,India
MH-55-21-1425,55,21,1,Armori,Agricultural Equipment Exporter,Agricultural Equipment Exporter in Armori Maharashtra India,Maharashtra,India
MH-55-22-1426,55,22,2,Armori,Agricultural Machinery Wholesaler,Agricultural Machinery Wholesaler in Armori Maharashtra India,Maharashtra,India
MH-55-23-1427,55,23,2,Armori,Agricultural Machinery Trader,Agricultural Machinery Trader in Armori Maharashtra India,Maharashtra,India
MH-55-24-1428,55,24,1,Armori,Agricultural Machinery Manufacturer,Agricultural Machinery Manufacturer in Armori Maharashtra India,Maharashtra,India
MH-55-25-1429,55,25,1,Armori,Agricultural Equipment Procurement,Agricultural Equipment Procurement in Armori Maharashtra India,Maharashtra,India
MH-55-26-1430,55,26,1,Armori,Agricultural Machinery Importers,Agricultural Machinery Importers in Armori Maharashtra India,Maharashtra,India
MH-56-01-1431,56,1,1,Chamorshi,Agricultural Machinery Exporters List,Agricultural Machinery Exporters List in Chamorshi Maharashtra India,Maharashtra,India
MH-56-02-1432,56,2,1,Chamorshi,Agricultural Equipment Manufacturers List,Agricultural Equipment Manufacturers List in Chamorshi Maharashtra India,Maharashtra,India
MH-56-03-1433,56,3,2,Chamorshi,Farm Equipment Dealers Directory,Farm Equipment Dealers Directory in Chamorshi Maharashtra India,Maharashtra,India
MH-56-04-1434,56,4,1,Chamorshi,Agricultural Machinery Importer Database,Agricultural Machinery Importer Database in Chamorshi Maharashtra India,Maharashtra,India
MH-56-05-1435,56,5,1,Chamorshi,Agricultural Equipment Buyer List,Agricultural Equipment Buyer List in Chamorshi Maharashtra India,Maharashtra,India
MH-56-06-1436,56,6,2,Chamorshi,Authorized Tractor Dealer,Authorized Tractor Dealer in Chamorshi Maharashtra India,Maharashtra,India
MH-56-07-1437,56,7,1,Chamorshi,Farm Machinery Exporter India,Farm Machinery Exporter India in Chamorshi Maharashtra India,Maharashtra,India
MH-56-08-1438,56,8,1,Chamorshi,Agricultural Machinery Import Export Company,Agricultural Machinery Import Export Company in Chamorshi Maharashtra India,Maharashtra,India
MH-56-09-1439,56,9,2,Chamorshi,Agricultural Equipment Tender Supplier,Agricultural Equipment Tender Supplier in Chamorshi Maharashtra India,Maharashtra,India
MH-56-10-1440,56,10,1,Chamorshi,Oem Agricultural Machinery Manufacturer,Oem Agricultural Machinery Manufacturer in Chamorshi Maharashtra India,Maharashtra,India
MH-56-11-1441,56,11,2,Chamorshi,Agricultural Machinery Distributor Near Me,Agricultural Machinery Distributor Near Me in Chamorshi Maharashtra India,Maharashtra,India
MH-56-12-1442,56,12,2,Chamorshi,Agricultural Equipment Wholesale Distributor,Agricultural Equipment Wholesale Distributor in Chamorshi Maharashtra India,Maharashtra,India
MH-56-13-1443,56,13,2,Chamorshi,Bulk Agricultural Machinery Supplier,Bulk Agricultural Machinery Supplier in Chamorshi Maharashtra India,Maharashtra,India
MH-56-14-1444,56,14,3,Chamorshi,Agricultural Machinery Marketplace,Agricultural Machinery Marketplace in Chamorshi Maharashtra India,Maharashtra,India
MH-56-15-1445,56,15,1,Chamorshi,Agricultural Machinery Procurement Company,Agricultural Machinery Procurement Company in Chamorshi Maharashtra India,Maharashtra,India
MH-56-16-1446,56,16,1,Chamorshi,Agricultural Equipment Sourcing Company,Agricultural Equipment Sourcing Company in Chamorshi Maharashtra India,Maharashtra,India
MH-56-17-1447,56,17,2,Chamorshi,Farm Machinery Wholesalers,Farm Machinery Wholesalers in Chamorshi Maharashtra India,Maharashtra,India
MH-56-18-1448,56,18,2,Chamorshi,Agricultural Machinery Supplier,Agricultural Machinery Supplier in Chamorshi Maharashtra India,Maharashtra,India
MH-56-19-1449,56,19,2,Chamorshi,Agricultural Machinery Distributor,Agricultural Machinery Distributor in Chamorshi Maharashtra India,Maharashtra,India
MH-56-20-1450,56,20,2,Chamorshi,Agricultural Machinery Dealer,Agricultural Machinery Dealer in Chamorshi Maharashtra India,Maharashtra,India
MH-56-21-1451,56,21,1,Chamorshi,Agricultural Equipment Exporter,Agricultural Equipment Exporter in Chamorshi Maharashtra India,Maharashtra,India
MH-56-22-1452,56,22,2,Chamorshi,Agricultural Machinery Wholesaler,Agricultural Machinery Wholesaler in Chamorshi Maharashtra India,Maharashtra,India
MH-56-23-1453,56,23,2,Chamorshi,Agricultural Machinery Trader,Agricultural Machinery Trader in Chamorshi Maharashtra India,Maharashtra,India
MH-56-24-1454,56,24,1,Chamorshi,Agricultural Machinery Manufacturer,Agricultural Machinery Manufacturer in Chamorshi Maharashtra India,Maharashtra,India
MH-56-25-1455,56,25,1,Chamorshi,Agricultural Equipment Procurement,Agricultural Equipment Procurement in Chamorshi Maharashtra India,Maharashtra,India
MH-56-26-1456,56,26,1,Chamorshi,Agricultural Machinery Importers,Agricultural Machinery Importers in Chamorshi Maharashtra India,Maharashtra,India
MH-57-01-1457,57,1,1,Gondia,Agricultural Machinery Exporters List,Agricultural Machinery Exporters List in Gondia Maharashtra India,Maharashtra,India
MH-57-02-1458,57,2,1,Gondia,Agricultural Equipment Manufacturers List,Agricultural Equipment Manufacturers List in Gondia Maharashtra India,Maharashtra,India
MH-57-03-1459,57,3,2,Gondia,Farm Equipment Dealers Directory,Farm Equipment Dealers Directory in Gondia Maharashtra India,Maharashtra,India
MH-57-04-1460,57,4,1,Gondia,Agricultural Machinery Importer Database,Agricultural Machinery Importer Database in Gondia Maharashtra India,Maharashtra,India
MH-57-05-1461,57,5,1,Gondia,Agricultural Equipment Buyer List,Agricultural Equipment Buyer List in Gondia Maharashtra India,Maharashtra,India
MH-57-06-1462,57,6,2,Gondia,Authorized Tractor Dealer,Authorized Tractor Dealer in Gondia Maharashtra India,Maharashtra,India
MH-57-07-1463,57,7,1,Gondia,Farm Machinery Exporter India,Farm Machinery Exporter India in Gondia Maharashtra India,Maharashtra,India
MH-57-08-1464,57,8,1,Gondia,Agricultural Machinery Import Export Company,Agricultural Machinery Import Export Company in Gondia Maharashtra India,Maharashtra,India
MH-57-09-1465,57,9,2,Gondia,Agricultural Equipment Tender Supplier,Agricultural Equipment Tender Supplier in Gondia Maharashtra India,Maharashtra,India
MH-57-10-1466,57,10,1,Gondia,Oem Agricultural Machinery Manufacturer,Oem Agricultural Machinery Manufacturer in Gondia Maharashtra India,Maharashtra,India
MH-57-11-1467,57,11,2,Gondia,Agricultural Machinery Distributor Near Me,Agricultural Machinery Distributor Near Me in Gondia Maharashtra India,Maharashtra,India
MH-57-12-1468,57,12,2,Gondia,Agricultural Equipment Wholesale Distributor,Agricultural Equipment Wholesale Distributor in Gondia Maharashtra India,Maharashtra,India
MH-57-13-1469,57,13,2,Gondia,Bulk Agricultural Machinery Supplier,Bulk Agricultural Machinery Supplier in Gondia Maharashtra India,Maharashtra,India
MH-57-14-1470,57,14,3,Gondia,Agricultural Machinery Marketplace,Agricultural Machinery Marketplace in Gondia Maharashtra India,Maharashtra,India
MH-57-15-1471,57,15,1,Gondia,Agricultural Machinery Procurement Company,Agricultural Machinery Procurement Company in Gondia Maharashtra India,Maharashtra,India
MH-57-16-1472,57,16,1,Gondia,Agricultural Equipment Sourcing Company,Agricultural Equipment Sourcing Company in Gondia Maharashtra India,Maharashtra,India
MH-57-17-1473,57,17,2,Gondia,Farm Machinery Wholesalers,Farm Machinery Wholesalers in Gondia Maharashtra India,Maharashtra,India
MH-57-18-1474,57,18,2,Gondia,Agricultural Machinery Supplier,Agricultural Machinery Supplier in Gondia Maharashtra India,Maharashtra,India
MH-57-19-1475,57,19,2,Gondia,Agricultural Machinery Distributor,Agricultural Machinery Distributor in Gondia Maharashtra India,Maharashtra,India
MH-57-20-1476,57,20,2,Gondia,Agricultural Machinery Dealer,Agricultural Machinery Dealer in Gondia Maharashtra India,Maharashtra,India
MH-57-21-1477,57,21,1,Gondia,Agricultural Equipment Exporter,Agricultural Equipment Exporter in Gondia Maharashtra India,Maharashtra,India
MH-57-22-1478,57,22,2,Gondia,Agricultural Machinery Wholesaler,Agricultural Machinery Wholesaler in Gondia Maharashtra India,Maharashtra,India
MH-57-23-1479,57,23,2,Gondia,Agricultural Machinery Trader,Agricultural Machinery Trader in Gondia Maharashtra India,Maharashtra,India
MH-57-24-1480,57,24,1,Gondia,Agricultural Machinery Manufacturer,Agricultural Machinery Manufacturer in Gondia Maharashtra India,Maharashtra,India
MH-57-25-1481,57,25,1,Gondia,Agricultural Equipment Procurement,Agricultural Equipment Procurement in Gondia Maharashtra India,Maharashtra,India
MH-57-26-1482,57,26,1,Gondia,Agricultural Machinery Importers,Agricultural Machinery Importers in Gondia Maharashtra India,Maharashtra,India
MH-58-01-1483,58,1,1,Tirora,Agricultural Machinery Exporters List,Agricultural Machinery Exporters List in Tirora Maharashtra India,Maharashtra,India
MH-58-02-1484,58,2,1,Tirora,Agricultural Equipment Manufacturers List,Agricultural Equipment Manufacturers List in Tirora Maharashtra India,Maharashtra,India
MH-58-03-1485,58,3,2,Tirora,Farm Equipment Dealers Directory,Farm Equipment Dealers Directory in Tirora Maharashtra India,Maharashtra,India
MH-58-04-1486,58,4,1,Tirora,Agricultural Machinery Importer Database,Agricultural Machinery Importer Database in Tirora Maharashtra India,Maharashtra,India
MH-58-05-1487,58,5,1,Tirora,Agricultural Equipment Buyer List,Agricultural Equipment Buyer List in Tirora Maharashtra India,Maharashtra,India
MH-58-06-1488,58,6,2,Tirora,Authorized Tractor Dealer,Authorized Tractor Dealer in Tirora Maharashtra India,Maharashtra,India
MH-58-07-1489,58,7,1,Tirora,Farm Machinery Exporter India,Farm Machinery Exporter India in Tirora Maharashtra India,Maharashtra,India
MH-58-08-1490,58,8,1,Tirora,Agricultural Machinery Import Export Company,Agricultural Machinery Import Export Company in Tirora Maharashtra India,Maharashtra,India
MH-58-09-1491,58,9,2,Tirora,Agricultural Equipment Tender Supplier,Agricultural Equipment Tender Supplier in Tirora Maharashtra India,Maharashtra,India
MH-58-10-1492,58,10,1,Tirora,Oem Agricultural Machinery Manufacturer,Oem Agricultural Machinery Manufacturer in Tirora Maharashtra India,Maharashtra,India
MH-58-11-1493,58,11,2,Tirora,Agricultural Machinery Distributor Near Me,Agricultural Machinery Distributor Near Me in Tirora Maharashtra India,Maharashtra,India
MH-58-12-1494,58,12,2,Tirora,Agricultural Equipment Wholesale Distributor,Agricultural Equipment Wholesale Distributor in Tirora Maharashtra India,Maharashtra,India
MH-58-13-1495,58,13,2,Tirora,Bulk Agricultural Machinery Supplier,Bulk Agricultural Machinery Supplier in Tirora Maharashtra India,Maharashtra,India
MH-58-14-1496,58,14,3,Tirora,Agricultural Machinery Marketplace,Agricultural Machinery Marketplace in Tirora Maharashtra India,Maharashtra,India
MH-58-15-1497,58,15,1,Tirora,Agricultural Machinery Procurement Company,Agricultural Machinery Procurement Company in Tirora Maharashtra India,Maharashtra,India
MH-58-16-1498,58,16,1,Tirora,Agricultural Equipment Sourcing Company,Agricultural Equipment Sourcing Company in Tirora Maharashtra India,Maharashtra,India
MH-58-17-1499,58,17,2,Tirora,Farm Machinery Wholesalers,Farm Machinery Wholesalers in Tirora Maharashtra India,Maharashtra,India
MH-58-18-1500,58,18,2,Tirora,Agricultural Machinery Supplier,Agricultural Machinery Supplier in Tirora Maharashtra India,Maharashtra,India
MH-58-19-1501,58,19,2,Tirora,Agricultural Machinery Distributor,Agricultural Machinery Distributor in Tirora Maharashtra India,Maharashtra,India
MH-58-20-1502,58,20,2,Tirora,Agricultural Machinery Dealer,Agricultural Machinery Dealer in Tirora Maharashtra India,Maharashtra,India
MH-58-21-1503,58,21,1,Tirora,Agricultural Equipment Exporter,Agricultural Equipment Exporter in Tirora Maharashtra India,Maharashtra,India
MH-58-22-1504,58,22,2,Tirora,Agricultural Machinery Wholesaler,Agricultural Machinery Wholesaler in Tirora Maharashtra India,Maharashtra,India
MH-58-23-1505,58,23,2,Tirora,Agricultural Machinery Trader,Agricultural Machinery Trader in Tirora Maharashtra India,Maharashtra,India
MH-58-24-1506,58,24,1,Tirora,Agricultural Machinery Manufacturer,Agricultural Machinery Manufacturer in Tirora Maharashtra India,Maharashtra,India
MH-58-25-1507,58,25,1,Tirora,Agricultural Equipment Procurement,Agricultural Equipment Procurement in Tirora Maharashtra India,Maharashtra,India
MH-58-26-1508,58,26,1,Tirora,Agricultural Machinery Importers,Agricultural Machinery Importers in Tirora Maharashtra India,Maharashtra,India
MH-59-01-1509,59,1,1,Deori,Agricultural Machinery Exporters List,Agricultural Machinery Exporters List in Deori Maharashtra India,Maharashtra,India
MH-59-02-1510,59,2,1,Deori,Agricultural Equipment Manufacturers List,Agricultural Equipment Manufacturers List in Deori Maharashtra India,Maharashtra,India
MH-59-03-1511,59,3,2,Deori,Farm Equipment Dealers Directory,Farm Equipment Dealers Directory in Deori Maharashtra India,Maharashtra,India
MH-59-04-1512,59,4,1,Deori,Agricultural Machinery Importer Database,Agricultural Machinery Importer Database in Deori Maharashtra India,Maharashtra,India
MH-59-05-1513,59,5,1,Deori,Agricultural Equipment Buyer List,Agricultural Equipment Buyer List in Deori Maharashtra India,Maharashtra,India
MH-59-06-1514,59,6,2,Deori,Authorized Tractor Dealer,Authorized Tractor Dealer in Deori Maharashtra India,Maharashtra,India
MH-59-07-1515,59,7,1,Deori,Farm Machinery Exporter India,Farm Machinery Exporter India in Deori Maharashtra India,Maharashtra,India
MH-59-08-1516,59,8,1,Deori,Agricultural Machinery Import Export Company,Agricultural Machinery Import Export Company in Deori Maharashtra India,Maharashtra,India
MH-59-09-1517,59,9,2,Deori,Agricultural Equipment Tender Supplier,Agricultural Equipment Tender Supplier in Deori Maharashtra India,Maharashtra,India
MH-59-10-1518,59,10,1,Deori,Oem Agricultural Machinery Manufacturer,Oem Agricultural Machinery Manufacturer in Deori Maharashtra India,Maharashtra,India
MH-59-11-1519,59,11,2,Deori,Agricultural Machinery Distributor Near Me,Agricultural Machinery Distributor Near Me in Deori Maharashtra India,Maharashtra,India
MH-59-12-1520,59,12,2,Deori,Agricultural Equipment Wholesale Distributor,Agricultural Equipment Wholesale Distributor in Deori Maharashtra India,Maharashtra,India
MH-59-13-1521,59,13,2,Deori,Bulk Agricultural Machinery Supplier,Bulk Agricultural Machinery Supplier in Deori Maharashtra India,Maharashtra,India
MH-59-14-1522,59,14,3,Deori,Agricultural Machinery Marketplace,Agricultural Machinery Marketplace in Deori Maharashtra India,Maharashtra,India
MH-59-15-1523,59,15,1,Deori,Agricultural Machinery Procurement Company,Agricultural Machinery Procurement Company in Deori Maharashtra India,Maharashtra,India
MH-59-16-1524,59,16,1,Deori,Agricultural Equipment Sourcing Company,Agricultural Equipment Sourcing Company in Deori Maharashtra India,Maharashtra,India
MH-59-17-1525,59,17,2,Deori,Farm Machinery Wholesalers,Farm Machinery Wholesalers in Deori Maharashtra India,Maharashtra,India
MH-59-18-1526,59,18,2,Deori,Agricultural Machinery Supplier,Agricultural Machinery Supplier in Deori Maharashtra India,Maharashtra,India
MH-59-19-1527,59,19,2,Deori,Agricultural Machinery Distributor,Agricultural Machinery Distributor in Deori Maharashtra India,Maharashtra,India
MH-59-20-1528,59,20,2,Deori,Agricultural Machinery Dealer,Agricultural Machinery Dealer in Deori Maharashtra India,Maharashtra,India
MH-59-21-1529,59,21,1,Deori,Agricultural Equipment Exporter,Agricultural Equipment Exporter in Deori Maharashtra India,Maharashtra,India
MH-59-22-1530,59,22,2,Deori,Agricultural Machinery Wholesaler,Agricultural Machinery Wholesaler in Deori Maharashtra India,Maharashtra,India
MH-59-23-1531,59,23,2,Deori,Agricultural Machinery Trader,Agricultural Machinery Trader in Deori Maharashtra India,Maharashtra,India
MH-59-24-1532,59,24,1,Deori,Agricultural Machinery Manufacturer,Agricultural Machinery Manufacturer in Deori Maharashtra India,Maharashtra,India
MH-59-25-1533,59,25,1,Deori,Agricultural Equipment Procurement,Agricultural Equipment Procurement in Deori Maharashtra India,Maharashtra,India
MH-59-26-1534,59,26,1,Deori,Agricultural Machinery Importers,Agricultural Machinery Importers in Deori Maharashtra India,Maharashtra,India
MH-60-01-1535,60,1,1,Arjuni Morgaon,Agricultural Machinery Exporters List,Agricultural Machinery Exporters List in Arjuni Morgaon Maharashtra India,Maharashtra,India
MH-60-02-1536,60,2,1,Arjuni Morgaon,Agricultural Equipment Manufacturers List,Agricultural Equipment Manufacturers List in Arjuni Morgaon Maharashtra India,Maharashtra,India
MH-60-03-1537,60,3,2,Arjuni Morgaon,Farm Equipment Dealers Directory,Farm Equipment Dealers Directory in Arjuni Morgaon Maharashtra India,Maharashtra,India
MH-60-04-1538,60,4,1,Arjuni Morgaon,Agricultural Machinery Importer Database,Agricultural Machinery Importer Database in Arjuni Morgaon Maharashtra India,Maharashtra,India
MH-60-05-1539,60,5,1,Arjuni Morgaon,Agricultural Equipment Buyer List,Agricultural Equipment Buyer List in Arjuni Morgaon Maharashtra India,Maharashtra,India
MH-60-06-1540,60,6,2,Arjuni Morgaon,Authorized Tractor Dealer,Authorized Tractor Dealer in Arjuni Morgaon Maharashtra India,Maharashtra,India
MH-60-07-1541,60,7,1,Arjuni Morgaon,Farm Machinery Exporter India,Farm Machinery Exporter India in Arjuni Morgaon Maharashtra India,Maharashtra,India
MH-60-08-1542,60,8,1,Arjuni Morgaon,Agricultural Machinery Import Export Company,Agricultural Machinery Import Export Company in Arjuni Morgaon Maharashtra India,Maharashtra,India
MH-60-09-1543,60,9,2,Arjuni Morgaon,Agricultural Equipment Tender Supplier,Agricultural Equipment Tender Supplier in Arjuni Morgaon Maharashtra India,Maharashtra,India
MH-60-10-1544,60,10,1,Arjuni Morgaon,Oem Agricultural Machinery Manufacturer,Oem Agricultural Machinery Manufacturer in Arjuni Morgaon Maharashtra India,Maharashtra,India
MH-60-11-1545,60,11,2,Arjuni Morgaon,Agricultural Machinery Distributor Near Me,Agricultural Machinery Distributor Near Me in Arjuni Morgaon Maharashtra India,Maharashtra,India
MH-60-12-1546,60,12,2,Arjuni Morgaon,Agricultural Equipment Wholesale Distributor,Agricultural Equipment Wholesale Distributor in Arjuni Morgaon Maharashtra India,Maharashtra,India
MH-60-13-1547,60,13,2,Arjuni Morgaon,Bulk Agricultural Machinery Supplier,Bulk Agricultural Machinery Supplier in Arjuni Morgaon Maharashtra India,Maharashtra,India
MH-60-14-1548,60,14,3,Arjuni Morgaon,Agricultural Machinery Marketplace,Agricultural Machinery Marketplace in Arjuni Morgaon Maharashtra India,Maharashtra,India
MH-60-15-1549,60,15,1,Arjuni Morgaon,Agricultural Machinery Procurement Company,Agricultural Machinery Procurement Company in Arjuni Morgaon Maharashtra India,Maharashtra,India
MH-60-16-1550,60,16,1,Arjuni Morgaon,Agricultural Equipment Sourcing Company,Agricultural Equipment Sourcing Company in Arjuni Morgaon Maharashtra India,Maharashtra,India
MH-60-17-1551,60,17,2,Arjuni Morgaon,Farm Machinery Wholesalers,Farm Machinery Wholesalers in Arjuni Morgaon Maharashtra India,Maharashtra,India
MH-60-18-1552,60,18,2,Arjuni Morgaon,Agricultural Machinery Supplier,Agricultural Machinery Supplier in Arjuni Morgaon Maharashtra India,Maharashtra,India
MH-60-19-1553,60,19,2,Arjuni Morgaon,Agricultural Machinery Distributor,Agricultural Machinery Distributor in Arjuni Morgaon Maharashtra India,Maharashtra,India
MH-60-20-1554,60,20,2,Arjuni Morgaon,Agricultural Machinery Dealer,Agricultural Machinery Dealer in Arjuni Morgaon Maharashtra India,Maharashtra,India
MH-60-21-1555,60,21,1,Arjuni Morgaon,Agricultural Equipment Exporter,Agricultural Equipment Exporter in Arjuni Morgaon Maharashtra India,Maharashtra,India
MH-60-22-1556,60,22,2,Arjuni Morgaon,Agricultural Machinery Wholesaler,Agricultural Machinery Wholesaler in Arjuni Morgaon Maharashtra India,Maharashtra,India
MH-60-23-1557,60,23,2,Arjuni Morgaon,Agricultural Machinery Trader,Agricultural Machinery Trader in Arjuni Morgaon Maharashtra India,Maharashtra,India
MH-60-24-1558,60,24,1,Arjuni Morgaon,Agricultural Machinery Manufacturer,Agricultural Machinery Manufacturer in Arjuni Morgaon Maharashtra India,Maharashtra,India
MH-60-25-1559,60,25,1,Arjuni Morgaon,Agricultural Equipment Procurement,Agricultural Equipment Procurement in Arjuni Morgaon Maharashtra India,Maharashtra,India
MH-60-26-1560,60,26,1,Arjuni Morgaon,Agricultural Machinery Importers,Agricultural Machinery Importers in Arjuni Morgaon Maharashtra India,Maharashtra,India
MH-61-01-1561,61,1,1,Hingoli,Agricultural Machinery Exporters List,Agricultural Machinery Exporters List in Hingoli Maharashtra India,Maharashtra,India
MH-61-02-1562,61,2,1,Hingoli,Agricultural Equipment Manufacturers List,Agricultural Equipment Manufacturers List in Hingoli Maharashtra India,Maharashtra,India
MH-61-03-1563,61,3,2,Hingoli,Farm Equipment Dealers Directory,Farm Equipment Dealers Directory in Hingoli Maharashtra India,Maharashtra,India
MH-61-04-1564,61,4,1,Hingoli,Agricultural Machinery Importer Database,Agricultural Machinery Importer Database in Hingoli Maharashtra India,Maharashtra,India
MH-61-05-1565,61,5,1,Hingoli,Agricultural Equipment Buyer List,Agricultural Equipment Buyer List in Hingoli Maharashtra India,Maharashtra,India
MH-61-06-1566,61,6,2,Hingoli,Authorized Tractor Dealer,Authorized Tractor Dealer in Hingoli Maharashtra India,Maharashtra,India
MH-61-07-1567,61,7,1,Hingoli,Farm Machinery Exporter India,Farm Machinery Exporter India in Hingoli Maharashtra India,Maharashtra,India
MH-61-08-1568,61,8,1,Hingoli,Agricultural Machinery Import Export Company,Agricultural Machinery Import Export Company in Hingoli Maharashtra India,Maharashtra,India
MH-61-09-1569,61,9,2,Hingoli,Agricultural Equipment Tender Supplier,Agricultural Equipment Tender Supplier in Hingoli Maharashtra India,Maharashtra,India
MH-61-10-1570,61,10,1,Hingoli,Oem Agricultural Machinery Manufacturer,Oem Agricultural Machinery Manufacturer in Hingoli Maharashtra India,Maharashtra,India
MH-61-11-1571,61,11,2,Hingoli,Agricultural Machinery Distributor Near Me,Agricultural Machinery Distributor Near Me in Hingoli Maharashtra India,Maharashtra,India
MH-61-12-1572,61,12,2,Hingoli,Agricultural Equipment Wholesale Distributor,Agricultural Equipment Wholesale Distributor in Hingoli Maharashtra India,Maharashtra,India
MH-61-13-1573,61,13,2,Hingoli,Bulk Agricultural Machinery Supplier,Bulk Agricultural Machinery Supplier in Hingoli Maharashtra India,Maharashtra,India
MH-61-14-1574,61,14,3,Hingoli,Agricultural Machinery Marketplace,Agricultural Machinery Marketplace in Hingoli Maharashtra India,Maharashtra,India
MH-61-15-1575,61,15,1,Hingoli,Agricultural Machinery Procurement Company,Agricultural Machinery Procurement Company in Hingoli Maharashtra India,Maharashtra,India
MH-61-16-1576,61,16,1,Hingoli,Agricultural Equipment Sourcing Company,Agricultural Equipment Sourcing Company in Hingoli Maharashtra India,Maharashtra,India
MH-61-17-1577,61,17,2,Hingoli,Farm Machinery Wholesalers,Farm Machinery Wholesalers in Hingoli Maharashtra India,Maharashtra,India
MH-61-18-1578,61,18,2,Hingoli,Agricultural Machinery Supplier,Agricultural Machinery Supplier in Hingoli Maharashtra India,Maharashtra,India
MH-61-19-1579,61,19,2,Hingoli,Agricultural Machinery Distributor,Agricultural Machinery Distributor in Hingoli Maharashtra India,Maharashtra,India
MH-61-20-1580,61,20,2,Hingoli,Agricultural Machinery Dealer,Agricultural Machinery Dealer in Hingoli Maharashtra India,Maharashtra,India
MH-61-21-1581,61,21,1,Hingoli,Agricultural Equipment Exporter,Agricultural Equipment Exporter in Hingoli Maharashtra India,Maharashtra,India
MH-61-22-1582,61,22,2,Hingoli,Agricultural Machinery Wholesaler,Agricultural Machinery Wholesaler in Hingoli Maharashtra India,Maharashtra,India
MH-61-23-1583,61,23,2,Hingoli,Agricultural Machinery Trader,Agricultural Machinery Trader in Hingoli Maharashtra India,Maharashtra,India
MH-61-24-1584,61,24,1,Hingoli,Agricultural Machinery Manufacturer,Agricultural Machinery Manufacturer in Hingoli Maharashtra India,Maharashtra,India
MH-61-25-1585,61,25,1,Hingoli,Agricultural Equipment Procurement,Agricultural Equipment Procurement in Hingoli Maharashtra India,Maharashtra,India
MH-61-26-1586,61,26,1,Hingoli,Agricultural Machinery Importers,Agricultural Machinery Importers in Hingoli Maharashtra India,Maharashtra,India
MH-62-01-1587,62,1,1,Basmath,Agricultural Machinery Exporters List,Agricultural Machinery Exporters List in Basmath Maharashtra India,Maharashtra,India
MH-62-02-1588,62,2,1,Basmath,Agricultural Equipment Manufacturers List,Agricultural Equipment Manufacturers List in Basmath Maharashtra India,Maharashtra,India
MH-62-03-1589,62,3,2,Basmath,Farm Equipment Dealers Directory,Farm Equipment Dealers Directory in Basmath Maharashtra India,Maharashtra,India
MH-62-04-1590,62,4,1,Basmath,Agricultural Machinery Importer Database,Agricultural Machinery Importer Database in Basmath Maharashtra India,Maharashtra,India
MH-62-05-1591,62,5,1,Basmath,Agricultural Equipment Buyer List,Agricultural Equipment Buyer List in Basmath Maharashtra India,Maharashtra,India
MH-62-06-1592,62,6,2,Basmath,Authorized Tractor Dealer,Authorized Tractor Dealer in Basmath Maharashtra India,Maharashtra,India
MH-62-07-1593,62,7,1,Basmath,Farm Machinery Exporter India,Farm Machinery Exporter India in Basmath Maharashtra India,Maharashtra,India
MH-62-08-1594,62,8,1,Basmath,Agricultural Machinery Import Export Company,Agricultural Machinery Import Export Company in Basmath Maharashtra India,Maharashtra,India
MH-62-09-1595,62,9,2,Basmath,Agricultural Equipment Tender Supplier,Agricultural Equipment Tender Supplier in Basmath Maharashtra India,Maharashtra,India
MH-62-10-1596,62,10,1,Basmath,Oem Agricultural Machinery Manufacturer,Oem Agricultural Machinery Manufacturer in Basmath Maharashtra India,Maharashtra,India
MH-62-11-1597,62,11,2,Basmath,Agricultural Machinery Distributor Near Me,Agricultural Machinery Distributor Near Me in Basmath Maharashtra India,Maharashtra,India
MH-62-12-1598,62,12,2,Basmath,Agricultural Equipment Wholesale Distributor,Agricultural Equipment Wholesale Distributor in Basmath Maharashtra India,Maharashtra,India
MH-62-13-1599,62,13,2,Basmath,Bulk Agricultural Machinery Supplier,Bulk Agricultural Machinery Supplier in Basmath Maharashtra India,Maharashtra,India
MH-62-14-1600,62,14,3,Basmath,Agricultural Machinery Marketplace,Agricultural Machinery Marketplace in Basmath Maharashtra India,Maharashtra,India
MH-62-15-1601,62,15,1,Basmath,Agricultural Machinery Procurement Company,Agricultural Machinery Procurement Company in Basmath Maharashtra India,Maharashtra,India
MH-62-16-1602,62,16,1,Basmath,Agricultural Equipment Sourcing Company,Agricultural Equipment Sourcing Company in Basmath Maharashtra India,Maharashtra,India
MH-62-17-1603,62,17,2,Basmath,Farm Machinery Wholesalers,Farm Machinery Wholesalers in Basmath Maharashtra India,Maharashtra,India
MH-62-18-1604,62,18,2,Basmath,Agricultural Machinery Supplier,Agricultural Machinery Supplier in Basmath Maharashtra India,Maharashtra,India
MH-62-19-1605,62,19,2,Basmath,Agricultural Machinery Distributor,Agricultural Machinery Distributor in Basmath Maharashtra India,Maharashtra,India
MH-62-20-1606,62,20,2,Basmath,Agricultural Machinery Dealer,Agricultural Machinery Dealer in Basmath Maharashtra India,Maharashtra,India
MH-62-21-1607,62,21,1,Basmath,Agricultural Equipment Exporter,Agricultural Equipment Exporter in Basmath Maharashtra India,Maharashtra,India
MH-62-22-1608,62,22,2,Basmath,Agricultural Machinery Wholesaler,Agricultural Machinery Wholesaler in Basmath Maharashtra India,Maharashtra,India
MH-62-23-1609,62,23,2,Basmath,Agricultural Machinery Trader,Agricultural Machinery Trader in Basmath Maharashtra India,Maharashtra,India
MH-62-24-1610,62,24,1,Basmath,Agricultural Machinery Manufacturer,Agricultural Machinery Manufacturer in Basmath Maharashtra India,Maharashtra,India
MH-62-25-1611,62,25,1,Basmath,Agricultural Equipment Procurement,Agricultural Equipment Procurement in Basmath Maharashtra India,Maharashtra,India
MH-62-26-1612,62,26,1,Basmath,Agricultural Machinery Importers,Agricultural Machinery Importers in Basmath Maharashtra India,Maharashtra,India
MH-63-01-1613,63,1,1,Kalamnuri,Agricultural Machinery Exporters List,Agricultural Machinery Exporters List in Kalamnuri Maharashtra India,Maharashtra,India
MH-63-02-1614,63,2,1,Kalamnuri,Agricultural Equipment Manufacturers List,Agricultural Equipment Manufacturers List in Kalamnuri Maharashtra India,Maharashtra,India
MH-63-03-1615,63,3,2,Kalamnuri,Farm Equipment Dealers Directory,Farm Equipment Dealers Directory in Kalamnuri Maharashtra India,Maharashtra,India
MH-63-04-1616,63,4,1,Kalamnuri,Agricultural Machinery Importer Database,Agricultural Machinery Importer Database in Kalamnuri Maharashtra India,Maharashtra,India
MH-63-05-1617,63,5,1,Kalamnuri,Agricultural Equipment Buyer List,Agricultural Equipment Buyer List in Kalamnuri Maharashtra India,Maharashtra,India
MH-63-06-1618,63,6,2,Kalamnuri,Authorized Tractor Dealer,Authorized Tractor Dealer in Kalamnuri Maharashtra India,Maharashtra,India
MH-63-07-1619,63,7,1,Kalamnuri,Farm Machinery Exporter India,Farm Machinery Exporter India in Kalamnuri Maharashtra India,Maharashtra,India
MH-63-08-1620,63,8,1,Kalamnuri,Agricultural Machinery Import Export Company,Agricultural Machinery Import Export Company in Kalamnuri Maharashtra India,Maharashtra,India
MH-63-09-1621,63,9,2,Kalamnuri,Agricultural Equipment Tender Supplier,Agricultural Equipment Tender Supplier in Kalamnuri Maharashtra India,Maharashtra,India
MH-63-10-1622,63,10,1,Kalamnuri,Oem Agricultural Machinery Manufacturer,Oem Agricultural Machinery Manufacturer in Kalamnuri Maharashtra India,Maharashtra,India
MH-63-11-1623,63,11,2,Kalamnuri,Agricultural Machinery Distributor Near Me,Agricultural Machinery Distributor Near Me in Kalamnuri Maharashtra India,Maharashtra,India
MH-63-12-1624,63,12,2,Kalamnuri,Agricultural Equipment Wholesale Distributor,Agricultural Equipment Wholesale Distributor in Kalamnuri Maharashtra India,Maharashtra,India
MH-63-13-1625,63,13,2,Kalamnuri,Bulk Agricultural Machinery Supplier,Bulk Agricultural Machinery Supplier in Kalamnuri Maharashtra India,Maharashtra,India
MH-63-14-1626,63,14,3,Kalamnuri,Agricultural Machinery Marketplace,Agricultural Machinery Marketplace in Kalamnuri Maharashtra India,Maharashtra,India
MH-63-15-1627,63,15,1,Kalamnuri,Agricultural Machinery Procurement Company,Agricultural Machinery Procurement Company in Kalamnuri Maharashtra India,Maharashtra,India
MH-63-16-1628,63,16,1,Kalamnuri,Agricultural Equipment Sourcing Company,Agricultural Equipment Sourcing Company in Kalamnuri Maharashtra India,Maharashtra,India
MH-63-17-1629,63,17,2,Kalamnuri,Farm Machinery Wholesalers,Farm Machinery Wholesalers in Kalamnuri Maharashtra India,Maharashtra,India
MH-63-18-1630,63,18,2,Kalamnuri,Agricultural Machinery Supplier,Agricultural Machinery Supplier in Kalamnuri Maharashtra India,Maharashtra,India
MH-63-19-1631,63,19,2,Kalamnuri,Agricultural Machinery Distributor,Agricultural Machinery Distributor in Kalamnuri Maharashtra India,Maharashtra,India
MH-63-20-1632,63,20,2,Kalamnuri,Agricultural Machinery Dealer,Agricultural Machinery Dealer in Kalamnuri Maharashtra India,Maharashtra,India
MH-63-21-1633,63,21,1,Kalamnuri,Agricultural Equipment Exporter,Agricultural Equipment Exporter in Kalamnuri Maharashtra India,Maharashtra,India
MH-63-22-1634,63,22,2,Kalamnuri,Agricultural Machinery Wholesaler,Agricultural Machinery Wholesaler in Kalamnuri Maharashtra India,Maharashtra,India
MH-63-23-1635,63,23,2,Kalamnuri,Agricultural Machinery Trader,Agricultural Machinery Trader in Kalamnuri Maharashtra India,Maharashtra,India
MH-63-24-1636,63,24,1,Kalamnuri,Agricultural Machinery Manufacturer,Agricultural Machinery Manufacturer in Kalamnuri Maharashtra India,Maharashtra,India
MH-63-25-1637,63,25,1,Kalamnuri,Agricultural Equipment Procurement,Agricultural Equipment Procurement in Kalamnuri Maharashtra India,Maharashtra,India
MH-63-26-1638,63,26,1,Kalamnuri,Agricultural Machinery Importers,Agricultural Machinery Importers in Kalamnuri Maharashtra India,Maharashtra,India
MH-64-01-1639,64,1,1,Sengaon,Agricultural Machinery Exporters List,Agricultural Machinery Exporters List in Sengaon Maharashtra India,Maharashtra,India
MH-64-02-1640,64,2,1,Sengaon,Agricultural Equipment Manufacturers List,Agricultural Equipment Manufacturers List in Sengaon Maharashtra India,Maharashtra,India
MH-64-03-1641,64,3,2,Sengaon,Farm Equipment Dealers Directory,Farm Equipment Dealers Directory in Sengaon Maharashtra India,Maharashtra,India
MH-64-04-1642,64,4,1,Sengaon,Agricultural Machinery Importer Database,Agricultural Machinery Importer Database in Sengaon Maharashtra India,Maharashtra,India
MH-64-05-1643,64,5,1,Sengaon,Agricultural Equipment Buyer List,Agricultural Equipment Buyer List in Sengaon Maharashtra India,Maharashtra,India
MH-64-06-1644,64,6,2,Sengaon,Authorized Tractor Dealer,Authorized Tractor Dealer in Sengaon Maharashtra India,Maharashtra,India
MH-64-07-1645,64,7,1,Sengaon,Farm Machinery Exporter India,Farm Machinery Exporter India in Sengaon Maharashtra India,Maharashtra,India
MH-64-08-1646,64,8,1,Sengaon,Agricultural Machinery Import Export Company,Agricultural Machinery Import Export Company in Sengaon Maharashtra India,Maharashtra,India
MH-64-09-1647,64,9,2,Sengaon,Agricultural Equipment Tender Supplier,Agricultural Equipment Tender Supplier in Sengaon Maharashtra India,Maharashtra,India
MH-64-10-1648,64,10,1,Sengaon,Oem Agricultural Machinery Manufacturer,Oem Agricultural Machinery Manufacturer in Sengaon Maharashtra India,Maharashtra,India
MH-64-11-1649,64,11,2,Sengaon,Agricultural Machinery Distributor Near Me,Agricultural Machinery Distributor Near Me in Sengaon Maharashtra India,Maharashtra,India
MH-64-12-1650,64,12,2,Sengaon,Agricultural Equipment Wholesale Distributor,Agricultural Equipment Wholesale Distributor in Sengaon Maharashtra India,Maharashtra,India
MH-64-13-1651,64,13,2,Sengaon,Bulk Agricultural Machinery Supplier,Bulk Agricultural Machinery Supplier in Sengaon Maharashtra India,Maharashtra,India
MH-64-14-1652,64,14,3,Sengaon,Agricultural Machinery Marketplace,Agricultural Machinery Marketplace in Sengaon Maharashtra India,Maharashtra,India
MH-64-15-1653,64,15,1,Sengaon,Agricultural Machinery Procurement Company,Agricultural Machinery Procurement Company in Sengaon Maharashtra India,Maharashtra,India
MH-64-16-1654,64,16,1,Sengaon,Agricultural Equipment Sourcing Company,Agricultural Equipment Sourcing Company in Sengaon Maharashtra India,Maharashtra,India
MH-64-17-1655,64,17,2,Sengaon,Farm Machinery Wholesalers,Farm Machinery Wholesalers in Sengaon Maharashtra India,Maharashtra,India
MH-64-18-1656,64,18,2,Sengaon,Agricultural Machinery Supplier,Agricultural Machinery Supplier in Sengaon Maharashtra India,Maharashtra,India
MH-64-19-1657,64,19,2,Sengaon,Agricultural Machinery Distributor,Agricultural Machinery Distributor in Sengaon Maharashtra India,Maharashtra,India
MH-64-20-1658,64,20,2,Sengaon,Agricultural Machinery Dealer,Agricultural Machinery Dealer in Sengaon Maharashtra India,Maharashtra,India
MH-64-21-1659,64,21,1,Sengaon,Agricultural Equipment Exporter,Agricultural Equipment Exporter in Sengaon Maharashtra India,Maharashtra,India
MH-64-22-1660,64,22,2,Sengaon,Agricultural Machinery Wholesaler,Agricultural Machinery Wholesaler in Sengaon Maharashtra India,Maharashtra,India
MH-64-23-1661,64,23,2,Sengaon,Agricultural Machinery Trader,Agricultural Machinery Trader in Sengaon Maharashtra India,Maharashtra,India
MH-64-24-1662,64,24,1,Sengaon,Agricultural Machinery Manufacturer,Agricultural Machinery Manufacturer in Sengaon Maharashtra India,Maharashtra,India
MH-64-25-1663,64,25,1,Sengaon,Agricultural Equipment Procurement,Agricultural Equipment Procurement in Sengaon Maharashtra India,Maharashtra,India
MH-64-26-1664,64,26,1,Sengaon,Agricultural Machinery Importers,Agricultural Machinery Importers in Sengaon Maharashtra India,Maharashtra,India
MH-65-01-1665,65,1,1,Jalna,Agricultural Machinery Exporters List,Agricultural Machinery Exporters List in Jalna Maharashtra India,Maharashtra,India
MH-65-02-1666,65,2,1,Jalna,Agricultural Equipment Manufacturers List,Agricultural Equipment Manufacturers List in Jalna Maharashtra India,Maharashtra,India
MH-65-03-1667,65,3,2,Jalna,Farm Equipment Dealers Directory,Farm Equipment Dealers Directory in Jalna Maharashtra India,Maharashtra,India
MH-65-04-1668,65,4,1,Jalna,Agricultural Machinery Importer Database,Agricultural Machinery Importer Database in Jalna Maharashtra India,Maharashtra,India
MH-65-05-1669,65,5,1,Jalna,Agricultural Equipment Buyer List,Agricultural Equipment Buyer List in Jalna Maharashtra India,Maharashtra,India
MH-65-06-1670,65,6,2,Jalna,Authorized Tractor Dealer,Authorized Tractor Dealer in Jalna Maharashtra India,Maharashtra,India
MH-65-07-1671,65,7,1,Jalna,Farm Machinery Exporter India,Farm Machinery Exporter India in Jalna Maharashtra India,Maharashtra,India
MH-65-08-1672,65,8,1,Jalna,Agricultural Machinery Import Export Company,Agricultural Machinery Import Export Company in Jalna Maharashtra India,Maharashtra,India
MH-65-09-1673,65,9,2,Jalna,Agricultural Equipment Tender Supplier,Agricultural Equipment Tender Supplier in Jalna Maharashtra India,Maharashtra,India
MH-65-10-1674,65,10,1,Jalna,Oem Agricultural Machinery Manufacturer,Oem Agricultural Machinery Manufacturer in Jalna Maharashtra India,Maharashtra,India
MH-65-11-1675,65,11,2,Jalna,Agricultural Machinery Distributor Near Me,Agricultural Machinery Distributor Near Me in Jalna Maharashtra India,Maharashtra,India
MH-65-12-1676,65,12,2,Jalna,Agricultural Equipment Wholesale Distributor,Agricultural Equipment Wholesale Distributor in Jalna Maharashtra India,Maharashtra,India
MH-65-13-1677,65,13,2,Jalna,Bulk Agricultural Machinery Supplier,Bulk Agricultural Machinery Supplier in Jalna Maharashtra India,Maharashtra,India
MH-65-14-1678,65,14,3,Jalna,Agricultural Machinery Marketplace,Agricultural Machinery Marketplace in Jalna Maharashtra India,Maharashtra,India
MH-65-15-1679,65,15,1,Jalna,Agricultural Machinery Procurement Company,Agricultural Machinery Procurement Company in Jalna Maharashtra India,Maharashtra,India
MH-65-16-1680,65,16,1,Jalna,Agricultural Equipment Sourcing Company,Agricultural Equipment Sourcing Company in Jalna Maharashtra India,Maharashtra,India
MH-65-17-1681,65,17,2,Jalna,Farm Machinery Wholesalers,Farm Machinery Wholesalers in Jalna Maharashtra India,Maharashtra,India
MH-65-18-1682,65,18,2,Jalna,Agricultural Machinery Supplier,Agricultural Machinery Supplier in Jalna Maharashtra India,Maharashtra,India
MH-65-19-1683,65,19,2,Jalna,Agricultural Machinery Distributor,Agricultural Machinery Distributor in Jalna Maharashtra India,Maharashtra,India
MH-65-20-1684,65,20,2,Jalna,Agricultural Machinery Dealer,Agricultural Machinery Dealer in Jalna Maharashtra India,Maharashtra,India
MH-65-21-1685,65,21,1,Jalna,Agricultural Equipment Exporter,Agricultural Equipment Exporter in Jalna Maharashtra India,Maharashtra,India
MH-65-22-1686,65,22,2,Jalna,Agricultural Machinery Wholesaler,Agricultural Machinery Wholesaler in Jalna Maharashtra India,Maharashtra,India
MH-65-23-1687,65,23,2,Jalna,Agricultural Machinery Trader,Agricultural Machinery Trader in Jalna Maharashtra India,Maharashtra,India
MH-65-24-1688,65,24,1,Jalna,Agricultural Machinery Manufacturer,Agricultural Machinery Manufacturer in Jalna Maharashtra India,Maharashtra,India
MH-65-25-1689,65,25,1,Jalna,Agricultural Equipment Procurement,Agricultural Equipment Procurement in Jalna Maharashtra India,Maharashtra,India
MH-65-26-1690,65,26,1,Jalna,Agricultural Machinery Importers,Agricultural Machinery Importers in Jalna Maharashtra India,Maharashtra,India
MH-66-01-1691,66,1,1,Ambad,Agricultural Machinery Exporters List,Agricultural Machinery Exporters List in Ambad Maharashtra India,Maharashtra,India
MH-66-02-1692,66,2,1,Ambad,Agricultural Equipment Manufacturers List,Agricultural Equipment Manufacturers List in Ambad Maharashtra India,Maharashtra,India
MH-66-03-1693,66,3,2,Ambad,Farm Equipment Dealers Directory,Farm Equipment Dealers Directory in Ambad Maharashtra India,Maharashtra,India
MH-66-04-1694,66,4,1,Ambad,Agricultural Machinery Importer Database,Agricultural Machinery Importer Database in Ambad Maharashtra India,Maharashtra,India
MH-66-05-1695,66,5,1,Ambad,Agricultural Equipment Buyer List,Agricultural Equipment Buyer List in Ambad Maharashtra India,Maharashtra,India
MH-66-06-1696,66,6,2,Ambad,Authorized Tractor Dealer,Authorized Tractor Dealer in Ambad Maharashtra India,Maharashtra,India
MH-66-07-1697,66,7,1,Ambad,Farm Machinery Exporter India,Farm Machinery Exporter India in Ambad Maharashtra India,Maharashtra,India
MH-66-08-1698,66,8,1,Ambad,Agricultural Machinery Import Export Company,Agricultural Machinery Import Export Company in Ambad Maharashtra India,Maharashtra,India
MH-66-09-1699,66,9,2,Ambad,Agricultural Equipment Tender Supplier,Agricultural Equipment Tender Supplier in Ambad Maharashtra India,Maharashtra,India
MH-66-10-1700,66,10,1,Ambad,Oem Agricultural Machinery Manufacturer,Oem Agricultural Machinery Manufacturer in Ambad Maharashtra India,Maharashtra,India
MH-66-11-1701,66,11,2,Ambad,Agricultural Machinery Distributor Near Me,Agricultural Machinery Distributor Near Me in Ambad Maharashtra India,Maharashtra,India
MH-66-12-1702,66,12,2,Ambad,Agricultural Equipment Wholesale Distributor,Agricultural Equipment Wholesale Distributor in Ambad Maharashtra India,Maharashtra,India
MH-66-13-1703,66,13,2,Ambad,Bulk Agricultural Machinery Supplier,Bulk Agricultural Machinery Supplier in Ambad Maharashtra India,Maharashtra,India
MH-66-14-1704,66,14,3,Ambad,Agricultural Machinery Marketplace,Agricultural Machinery Marketplace in Ambad Maharashtra India,Maharashtra,India
MH-66-15-1705,66,15,1,Ambad,Agricultural Machinery Procurement Company,Agricultural Machinery Procurement Company in Ambad Maharashtra India,Maharashtra,India
MH-66-16-1706,66,16,1,Ambad,Agricultural Equipment Sourcing Company,Agricultural Equipment Sourcing Company in Ambad Maharashtra India,Maharashtra,India
MH-66-17-1707,66,17,2,Ambad,Farm Machinery Wholesalers,Farm Machinery Wholesalers in Ambad Maharashtra India,Maharashtra,India
MH-66-18-1708,66,18,2,Ambad,Agricultural Machinery Supplier,Agricultural Machinery Supplier in Ambad Maharashtra India,Maharashtra,India
MH-66-19-1709,66,19,2,Ambad,Agricultural Machinery Distributor,Agricultural Machinery Distributor in Ambad Maharashtra India,Maharashtra,India
MH-66-20-1710,66,20,2,Ambad,Agricultural Machinery Dealer,Agricultural Machinery Dealer in Ambad Maharashtra India,Maharashtra,India
MH-66-21-1711,66,21,1,Ambad,Agricultural Equipment Exporter,Agricultural Equipment Exporter in Ambad Maharashtra India,Maharashtra,India
MH-66-22-1712,66,22,2,Ambad,Agricultural Machinery Wholesaler,Agricultural Machinery Wholesaler in Ambad Maharashtra India,Maharashtra,India
MH-66-23-1713,66,23,2,Ambad,Agricultural Machinery Trader,Agricultural Machinery Trader in Ambad Maharashtra India,Maharashtra,India
MH-66-24-1714,66,24,1,Ambad,Agricultural Machinery Manufacturer,Agricultural Machinery Manufacturer in Ambad Maharashtra India,Maharashtra,India
MH-66-25-1715,66,25,1,Ambad,Agricultural Equipment Procurement,Agricultural Equipment Procurement in Ambad Maharashtra India,Maharashtra,India
MH-66-26-1716,66,26,1,Ambad,Agricultural Machinery Importers,Agricultural Machinery Importers in Ambad Maharashtra India,Maharashtra,India
MH-67-01-1717,67,1,1,Partur,Agricultural Machinery Exporters List,Agricultural Machinery Exporters List in Partur Maharashtra India,Maharashtra,India
MH-67-02-1718,67,2,1,Partur,Agricultural Equipment Manufacturers List,Agricultural Equipment Manufacturers List in Partur Maharashtra India,Maharashtra,India
MH-67-03-1719,67,3,2,Partur,Farm Equipment Dealers Directory,Farm Equipment Dealers Directory in Partur Maharashtra India,Maharashtra,India
MH-67-04-1720,67,4,1,Partur,Agricultural Machinery Importer Database,Agricultural Machinery Importer Database in Partur Maharashtra India,Maharashtra,India
MH-67-05-1721,67,5,1,Partur,Agricultural Equipment Buyer List,Agricultural Equipment Buyer List in Partur Maharashtra India,Maharashtra,India
MH-67-06-1722,67,6,2,Partur,Authorized Tractor Dealer,Authorized Tractor Dealer in Partur Maharashtra India,Maharashtra,India
MH-67-07-1723,67,7,1,Partur,Farm Machinery Exporter India,Farm Machinery Exporter India in Partur Maharashtra India,Maharashtra,India
MH-67-08-1724,67,8,1,Partur,Agricultural Machinery Import Export Company,Agricultural Machinery Import Export Company in Partur Maharashtra India,Maharashtra,India
MH-67-09-1725,67,9,2,Partur,Agricultural Equipment Tender Supplier,Agricultural Equipment Tender Supplier in Partur Maharashtra India,Maharashtra,India
MH-67-10-1726,67,10,1,Partur,Oem Agricultural Machinery Manufacturer,Oem Agricultural Machinery Manufacturer in Partur Maharashtra India,Maharashtra,India
MH-67-11-1727,67,11,2,Partur,Agricultural Machinery Distributor Near Me,Agricultural Machinery Distributor Near Me in Partur Maharashtra India,Maharashtra,India
MH-67-12-1728,67,12,2,Partur,Agricultural Equipment Wholesale Distributor,Agricultural Equipment Wholesale Distributor in Partur Maharashtra India,Maharashtra,India
MH-67-13-1729,67,13,2,Partur,Bulk Agricultural Machinery Supplier,Bulk Agricultural Machinery Supplier in Partur Maharashtra India,Maharashtra,India
MH-67-14-1730,67,14,3,Partur,Agricultural Machinery Marketplace,Agricultural Machinery Marketplace in Partur Maharashtra India,Maharashtra,India
MH-67-15-1731,67,15,1,Partur,Agricultural Machinery Procurement Company,Agricultural Machinery Procurement Company in Partur Maharashtra India,Maharashtra,India
MH-67-16-1732,67,16,1,Partur,Agricultural Equipment Sourcing Company,Agricultural Equipment Sourcing Company in Partur Maharashtra India,Maharashtra,India
MH-67-17-1733,67,17,2,Partur,Farm Machinery Wholesalers,Farm Machinery Wholesalers in Partur Maharashtra India,Maharashtra,India
MH-67-18-1734,67,18,2,Partur,Agricultural Machinery Supplier,Agricultural Machinery Supplier in Partur Maharashtra India,Maharashtra,India
MH-67-19-1735,67,19,2,Partur,Agricultural Machinery Distributor,Agricultural Machinery Distributor in Partur Maharashtra India,Maharashtra,India
MH-67-20-1736,67,20,2,Partur,Agricultural Machinery Dealer,Agricultural Machinery Dealer in Partur Maharashtra India,Maharashtra,India
MH-67-21-1737,67,21,1,Partur,Agricultural Equipment Exporter,Agricultural Equipment Exporter in Partur Maharashtra India,Maharashtra,India
MH-67-22-1738,67,22,2,Partur,Agricultural Machinery Wholesaler,Agricultural Machinery Wholesaler in Partur Maharashtra India,Maharashtra,India
MH-67-23-1739,67,23,2,Partur,Agricultural Machinery Trader,Agricultural Machinery Trader in Partur Maharashtra India,Maharashtra,India
MH-67-24-1740,67,24,1,Partur,Agricultural Machinery Manufacturer,Agricultural Machinery Manufacturer in Partur Maharashtra India,Maharashtra,India
MH-67-25-1741,67,25,1,Partur,Agricultural Equipment Procurement,Agricultural Equipment Procurement in Partur Maharashtra India,Maharashtra,India
MH-67-26-1742,67,26,1,Partur,Agricultural Machinery Importers,Agricultural Machinery Importers in Partur Maharashtra India,Maharashtra,India
MH-68-01-1743,68,1,1,Bhokardan,Agricultural Machinery Exporters List,Agricultural Machinery Exporters List in Bhokardan Maharashtra India,Maharashtra,India
MH-68-02-1744,68,2,1,Bhokardan,Agricultural Equipment Manufacturers List,Agricultural Equipment Manufacturers List in Bhokardan Maharashtra India,Maharashtra,India
MH-68-03-1745,68,3,2,Bhokardan,Farm Equipment Dealers Directory,Farm Equipment Dealers Directory in Bhokardan Maharashtra India,Maharashtra,India
MH-68-04-1746,68,4,1,Bhokardan,Agricultural Machinery Importer Database,Agricultural Machinery Importer Database in Bhokardan Maharashtra India,Maharashtra,India
MH-68-05-1747,68,5,1,Bhokardan,Agricultural Equipment Buyer List,Agricultural Equipment Buyer List in Bhokardan Maharashtra India,Maharashtra,India
MH-68-06-1748,68,6,2,Bhokardan,Authorized Tractor Dealer,Authorized Tractor Dealer in Bhokardan Maharashtra India,Maharashtra,India
MH-68-07-1749,68,7,1,Bhokardan,Farm Machinery Exporter India,Farm Machinery Exporter India in Bhokardan Maharashtra India,Maharashtra,India
MH-68-08-1750,68,8,1,Bhokardan,Agricultural Machinery Import Export Company,Agricultural Machinery Import Export Company in Bhokardan Maharashtra India,Maharashtra,India
MH-68-09-1751,68,9,2,Bhokardan,Agricultural Equipment Tender Supplier,Agricultural Equipment Tender Supplier in Bhokardan Maharashtra India,Maharashtra,India
MH-68-10-1752,68,10,1,Bhokardan,Oem Agricultural Machinery Manufacturer,Oem Agricultural Machinery Manufacturer in Bhokardan Maharashtra India,Maharashtra,India
MH-68-11-1753,68,11,2,Bhokardan,Agricultural Machinery Distributor Near Me,Agricultural Machinery Distributor Near Me in Bhokardan Maharashtra India,Maharashtra,India
MH-68-12-1754,68,12,2,Bhokardan,Agricultural Equipment Wholesale Distributor,Agricultural Equipment Wholesale Distributor in Bhokardan Maharashtra India,Maharashtra,India
MH-68-13-1755,68,13,2,Bhokardan,Bulk Agricultural Machinery Supplier,Bulk Agricultural Machinery Supplier in Bhokardan Maharashtra India,Maharashtra,India
MH-68-14-1756,68,14,3,Bhokardan,Agricultural Machinery Marketplace,Agricultural Machinery Marketplace in Bhokardan Maharashtra India,Maharashtra,India
MH-68-15-1757,68,15,1,Bhokardan,Agricultural Machinery Procurement Company,Agricultural Machinery Procurement Company in Bhokardan Maharashtra India,Maharashtra,India
MH-68-16-1758,68,16,1,Bhokardan,Agricultural Equipment Sourcing Company,Agricultural Equipment Sourcing Company in Bhokardan Maharashtra India,Maharashtra,India
MH-68-17-1759,68,17,2,Bhokardan,Farm Machinery Wholesalers,Farm Machinery Wholesalers in Bhokardan Maharashtra India,Maharashtra,India
MH-68-18-1760,68,18,2,Bhokardan,Agricultural Machinery Supplier,Agricultural Machinery Supplier in Bhokardan Maharashtra India,Maharashtra,India
MH-68-19-1761,68,19,2,Bhokardan,Agricultural Machinery Distributor,Agricultural Machinery Distributor in Bhokardan Maharashtra India,Maharashtra,India
MH-68-20-1762,68,20,2,Bhokardan,Agricultural Machinery Dealer,Agricultural Machinery Dealer in Bhokardan Maharashtra India,Maharashtra,India
MH-68-21-1763,68,21,1,Bhokardan,Agricultural Equipment Exporter,Agricultural Equipment Exporter in Bhokardan Maharashtra India,Maharashtra,India
MH-68-22-1764,68,22,2,Bhokardan,Agricultural Machinery Wholesaler,Agricultural Machinery Wholesaler in Bhokardan Maharashtra India,Maharashtra,India
MH-68-23-1765,68,23,2,Bhokardan,Agricultural Machinery Trader,Agricultural Machinery Trader in Bhokardan Maharashtra India,Maharashtra,India
MH-68-24-1766,68,24,1,Bhokardan,Agricultural Machinery Manufacturer,Agricultural Machinery Manufacturer in Bhokardan Maharashtra India,Maharashtra,India
MH-68-25-1767,68,25,1,Bhokardan,Agricultural Equipment Procurement,Agricultural Equipment Procurement in Bhokardan Maharashtra India,Maharashtra,India
MH-68-26-1768,68,26,1,Bhokardan,Agricultural Machinery Importers,Agricultural Machinery Importers in Bhokardan Maharashtra India,Maharashtra,India
MH-69-01-1769,69,1,1,Kolhapur,Agricultural Machinery Exporters List,Agricultural Machinery Exporters List in Kolhapur Maharashtra India,Maharashtra,India
MH-69-02-1770,69,2,1,Kolhapur,Agricultural Equipment Manufacturers List,Agricultural Equipment Manufacturers List in Kolhapur Maharashtra India,Maharashtra,India
MH-69-03-1771,69,3,2,Kolhapur,Farm Equipment Dealers Directory,Farm Equipment Dealers Directory in Kolhapur Maharashtra India,Maharashtra,India
MH-69-04-1772,69,4,1,Kolhapur,Agricultural Machinery Importer Database,Agricultural Machinery Importer Database in Kolhapur Maharashtra India,Maharashtra,India
MH-69-05-1773,69,5,1,Kolhapur,Agricultural Equipment Buyer List,Agricultural Equipment Buyer List in Kolhapur Maharashtra India,Maharashtra,India
MH-69-06-1774,69,6,2,Kolhapur,Authorized Tractor Dealer,Authorized Tractor Dealer in Kolhapur Maharashtra India,Maharashtra,India
MH-69-07-1775,69,7,1,Kolhapur,Farm Machinery Exporter India,Farm Machinery Exporter India in Kolhapur Maharashtra India,Maharashtra,India
MH-69-08-1776,69,8,1,Kolhapur,Agricultural Machinery Import Export Company,Agricultural Machinery Import Export Company in Kolhapur Maharashtra India,Maharashtra,India
MH-69-09-1777,69,9,2,Kolhapur,Agricultural Equipment Tender Supplier,Agricultural Equipment Tender Supplier in Kolhapur Maharashtra India,Maharashtra,India
MH-69-10-1778,69,10,1,Kolhapur,Oem Agricultural Machinery Manufacturer,Oem Agricultural Machinery Manufacturer in Kolhapur Maharashtra India,Maharashtra,India
MH-69-11-1779,69,11,2,Kolhapur,Agricultural Machinery Distributor Near Me,Agricultural Machinery Distributor Near Me in Kolhapur Maharashtra India,Maharashtra,India
MH-69-12-1780,69,12,2,Kolhapur,Agricultural Equipment Wholesale Distributor,Agricultural Equipment Wholesale Distributor in Kolhapur Maharashtra India,Maharashtra,India
MH-69-13-1781,69,13,2,Kolhapur,Bulk Agricultural Machinery Supplier,Bulk Agricultural Machinery Supplier in Kolhapur Maharashtra India,Maharashtra,India
MH-69-14-1782,69,14,3,Kolhapur,Agricultural Machinery Marketplace,Agricultural Machinery Marketplace in Kolhapur Maharashtra India,Maharashtra,India
MH-69-15-1783,69,15,1,Kolhapur,Agricultural Machinery Procurement Company,Agricultural Machinery Procurement Company in Kolhapur Maharashtra India,Maharashtra,India
MH-69-16-1784,69,16,1,Kolhapur,Agricultural Equipment Sourcing Company,Agricultural Equipment Sourcing Company in Kolhapur Maharashtra India,Maharashtra,India
MH-69-17-1785,69,17,2,Kolhapur,Farm Machinery Wholesalers,Farm Machinery Wholesalers in Kolhapur Maharashtra India,Maharashtra,India
MH-69-18-1786,69,18,2,Kolhapur,Agricultural Machinery Supplier,Agricultural Machinery Supplier in Kolhapur Maharashtra India,Maharashtra,India
MH-69-19-1787,69,19,2,Kolhapur,Agricultural Machinery Distributor,Agricultural Machinery Distributor in Kolhapur Maharashtra India,Maharashtra,India
MH-69-20-1788,69,20,2,Kolhapur,Agricultural Machinery Dealer,Agricultural Machinery Dealer in Kolhapur Maharashtra India,Maharashtra,India
MH-69-21-1789,69,21,1,Kolhapur,Agricultural Equipment Exporter,Agricultural Equipment Exporter in Kolhapur Maharashtra India,Maharashtra,India
MH-69-22-1790,69,22,2,Kolhapur,Agricultural Machinery Wholesaler,Agricultural Machinery Wholesaler in Kolhapur Maharashtra India,Maharashtra,India
MH-69-23-1791,69,23,2,Kolhapur,Agricultural Machinery Trader,Agricultural Machinery Trader in Kolhapur Maharashtra India,Maharashtra,India
MH-69-24-1792,69,24,1,Kolhapur,Agricultural Machinery Manufacturer,Agricultural Machinery Manufacturer in Kolhapur Maharashtra India,Maharashtra,India
MH-69-25-1793,69,25,1,Kolhapur,Agricultural Equipment Procurement,Agricultural Equipment Procurement in Kolhapur Maharashtra India,Maharashtra,India
MH-69-26-1794,69,26,1,Kolhapur,Agricultural Machinery Importers,Agricultural Machinery Importers in Kolhapur Maharashtra India,Maharashtra,India
MH-70-01-1795,70,1,1,Ichalkaranji,Agricultural Machinery Exporters List,Agricultural Machinery Exporters List in Ichalkaranji Maharashtra India,Maharashtra,India
MH-70-02-1796,70,2,1,Ichalkaranji,Agricultural Equipment Manufacturers List,Agricultural Equipment Manufacturers List in Ichalkaranji Maharashtra India,Maharashtra,India
MH-70-03-1797,70,3,2,Ichalkaranji,Farm Equipment Dealers Directory,Farm Equipment Dealers Directory in Ichalkaranji Maharashtra India,Maharashtra,India
MH-70-04-1798,70,4,1,Ichalkaranji,Agricultural Machinery Importer Database,Agricultural Machinery Importer Database in Ichalkaranji Maharashtra India,Maharashtra,India
MH-70-05-1799,70,5,1,Ichalkaranji,Agricultural Equipment Buyer List,Agricultural Equipment Buyer List in Ichalkaranji Maharashtra India,Maharashtra,India
MH-70-06-1800,70,6,2,Ichalkaranji,Authorized Tractor Dealer,Authorized Tractor Dealer in Ichalkaranji Maharashtra India,Maharashtra,India
MH-70-07-1801,70,7,1,Ichalkaranji,Farm Machinery Exporter India,Farm Machinery Exporter India in Ichalkaranji Maharashtra India,Maharashtra,India
MH-70-08-1802,70,8,1,Ichalkaranji,Agricultural Machinery Import Export Company,Agricultural Machinery Import Export Company in Ichalkaranji Maharashtra India,Maharashtra,India
MH-70-09-1803,70,9,2,Ichalkaranji,Agricultural Equipment Tender Supplier,Agricultural Equipment Tender Supplier in Ichalkaranji Maharashtra India,Maharashtra,India
MH-70-10-1804,70,10,1,Ichalkaranji,Oem Agricultural Machinery Manufacturer,Oem Agricultural Machinery Manufacturer in Ichalkaranji Maharashtra India,Maharashtra,India
MH-70-11-1805,70,11,2,Ichalkaranji,Agricultural Machinery Distributor Near Me,Agricultural Machinery Distributor Near Me in Ichalkaranji Maharashtra India,Maharashtra,India
MH-70-12-1806,70,12,2,Ichalkaranji,Agricultural Equipment Wholesale Distributor,Agricultural Equipment Wholesale Distributor in Ichalkaranji Maharashtra India,Maharashtra,India
MH-70-13-1807,70,13,2,Ichalkaranji,Bulk Agricultural Machinery Supplier,Bulk Agricultural Machinery Supplier in Ichalkaranji Maharashtra India,Maharashtra,India
MH-70-14-1808,70,14,3,Ichalkaranji,Agricultural Machinery Marketplace,Agricultural Machinery Marketplace in Ichalkaranji Maharashtra India,Maharashtra,India
MH-70-15-1809,70,15,1,Ichalkaranji,Agricultural Machinery Procurement Company,Agricultural Machinery Procurement Company in Ichalkaranji Maharashtra India,Maharashtra,India
MH-70-16-1810,70,16,1,Ichalkaranji,Agricultural Equipment Sourcing Company,Agricultural Equipment Sourcing Company in Ichalkaranji Maharashtra India,Maharashtra,India
MH-70-17-1811,70,17,2,Ichalkaranji,Farm Machinery Wholesalers,Farm Machinery Wholesalers in Ichalkaranji Maharashtra India,Maharashtra,India
MH-70-18-1812,70,18,2,Ichalkaranji,Agricultural Machinery Supplier,Agricultural Machinery Supplier in Ichalkaranji Maharashtra India,Maharashtra,India
MH-70-19-1813,70,19,2,Ichalkaranji,Agricultural Machinery Distributor,Agricultural Machinery Distributor in Ichalkaranji Maharashtra India,Maharashtra,India
MH-70-20-1814,70,20,2,Ichalkaranji,Agricultural Machinery Dealer,Agricultural Machinery Dealer in Ichalkaranji Maharashtra India,Maharashtra,India
MH-70-21-1815,70,21,1,Ichalkaranji,Agricultural Equipment Exporter,Agricultural Equipment Exporter in Ichalkaranji Maharashtra India,Maharashtra,India
MH-70-22-1816,70,22,2,Ichalkaranji,Agricultural Machinery Wholesaler,Agricultural Machinery Wholesaler in Ichalkaranji Maharashtra India,Maharashtra,India
MH-70-23-1817,70,23,2,Ichalkaranji,Agricultural Machinery Trader,Agricultural Machinery Trader in Ichalkaranji Maharashtra India,Maharashtra,India
MH-70-24-1818,70,24,1,Ichalkaranji,Agricultural Machinery Manufacturer,Agricultural Machinery Manufacturer in Ichalkaranji Maharashtra India,Maharashtra,India
MH-70-25-1819,70,25,1,Ichalkaranji,Agricultural Equipment Procurement,Agricultural Equipment Procurement in Ichalkaranji Maharashtra India,Maharashtra,India
MH-70-26-1820,70,26,1,Ichalkaranji,Agricultural Machinery Importers,Agricultural Machinery Importers in Ichalkaranji Maharashtra India,Maharashtra,India
MH-71-01-1821,71,1,1,Kagal,Agricultural Machinery Exporters List,Agricultural Machinery Exporters List in Kagal Maharashtra India,Maharashtra,India
MH-71-02-1822,71,2,1,Kagal,Agricultural Equipment Manufacturers List,Agricultural Equipment Manufacturers List in Kagal Maharashtra India,Maharashtra,India
MH-71-03-1823,71,3,2,Kagal,Farm Equipment Dealers Directory,Farm Equipment Dealers Directory in Kagal Maharashtra India,Maharashtra,India
MH-71-04-1824,71,4,1,Kagal,Agricultural Machinery Importer Database,Agricultural Machinery Importer Database in Kagal Maharashtra India,Maharashtra,India
MH-71-05-1825,71,5,1,Kagal,Agricultural Equipment Buyer List,Agricultural Equipment Buyer List in Kagal Maharashtra India,Maharashtra,India
MH-71-06-1826,71,6,2,Kagal,Authorized Tractor Dealer,Authorized Tractor Dealer in Kagal Maharashtra India,Maharashtra,India
MH-71-07-1827,71,7,1,Kagal,Farm Machinery Exporter India,Farm Machinery Exporter India in Kagal Maharashtra India,Maharashtra,India
MH-71-08-1828,71,8,1,Kagal,Agricultural Machinery Import Export Company,Agricultural Machinery Import Export Company in Kagal Maharashtra India,Maharashtra,India
MH-71-09-1829,71,9,2,Kagal,Agricultural Equipment Tender Supplier,Agricultural Equipment Tender Supplier in Kagal Maharashtra India,Maharashtra,India
MH-71-10-1830,71,10,1,Kagal,Oem Agricultural Machinery Manufacturer,Oem Agricultural Machinery Manufacturer in Kagal Maharashtra India,Maharashtra,India
MH-71-11-1831,71,11,2,Kagal,Agricultural Machinery Distributor Near Me,Agricultural Machinery Distributor Near Me in Kagal Maharashtra India,Maharashtra,India
MH-71-12-1832,71,12,2,Kagal,Agricultural Equipment Wholesale Distributor,Agricultural Equipment Wholesale Distributor in Kagal Maharashtra India,Maharashtra,India
MH-71-13-1833,71,13,2,Kagal,Bulk Agricultural Machinery Supplier,Bulk Agricultural Machinery Supplier in Kagal Maharashtra India,Maharashtra,India
MH-71-14-1834,71,14,3,Kagal,Agricultural Machinery Marketplace,Agricultural Machinery Marketplace in Kagal Maharashtra India,Maharashtra,India
MH-71-15-1835,71,15,1,Kagal,Agricultural Machinery Procurement Company,Agricultural Machinery Procurement Company in Kagal Maharashtra India,Maharashtra,India
MH-71-16-1836,71,16,1,Kagal,Agricultural Equipment Sourcing Company,Agricultural Equipment Sourcing Company in Kagal Maharashtra India,Maharashtra,India
MH-71-17-1837,71,17,2,Kagal,Farm Machinery Wholesalers,Farm Machinery Wholesalers in Kagal Maharashtra India,Maharashtra,India
MH-71-18-1838,71,18,2,Kagal,Agricultural Machinery Supplier,Agricultural Machinery Supplier in Kagal Maharashtra India,Maharashtra,India
MH-71-19-1839,71,19,2,Kagal,Agricultural Machinery Distributor,Agricultural Machinery Distributor in Kagal Maharashtra India,Maharashtra,India
MH-71-20-1840,71,20,2,Kagal,Agricultural Machinery Dealer,Agricultural Machinery Dealer in Kagal Maharashtra India,Maharashtra,India
MH-71-21-1841,71,21,1,Kagal,Agricultural Equipment Exporter,Agricultural Equipment Exporter in Kagal Maharashtra India,Maharashtra,India
MH-71-22-1842,71,22,2,Kagal,Agricultural Machinery Wholesaler,Agricultural Machinery Wholesaler in Kagal Maharashtra India,Maharashtra,India
MH-71-23-1843,71,23,2,Kagal,Agricultural Machinery Trader,Agricultural Machinery Trader in Kagal Maharashtra India,Maharashtra,India
MH-71-24-1844,71,24,1,Kagal,Agricultural Machinery Manufacturer,Agricultural Machinery Manufacturer in Kagal Maharashtra India,Maharashtra,India
MH-71-25-1845,71,25,1,Kagal,Agricultural Equipment Procurement,Agricultural Equipment Procurement in Kagal Maharashtra India,Maharashtra,India
MH-71-26-1846,71,26,1,Kagal,Agricultural Machinery Importers,Agricultural Machinery Importers in Kagal Maharashtra India,Maharashtra,India
MH-72-01-1847,72,1,1,Gadhinglaj,Agricultural Machinery Exporters List,Agricultural Machinery Exporters List in Gadhinglaj Maharashtra India,Maharashtra,India
MH-72-02-1848,72,2,1,Gadhinglaj,Agricultural Equipment Manufacturers List,Agricultural Equipment Manufacturers List in Gadhinglaj Maharashtra India,Maharashtra,India
MH-72-03-1849,72,3,2,Gadhinglaj,Farm Equipment Dealers Directory,Farm Equipment Dealers Directory in Gadhinglaj Maharashtra India,Maharashtra,India
MH-72-04-1850,72,4,1,Gadhinglaj,Agricultural Machinery Importer Database,Agricultural Machinery Importer Database in Gadhinglaj Maharashtra India,Maharashtra,India
MH-72-05-1851,72,5,1,Gadhinglaj,Agricultural Equipment Buyer List,Agricultural Equipment Buyer List in Gadhinglaj Maharashtra India,Maharashtra,India
MH-72-06-1852,72,6,2,Gadhinglaj,Authorized Tractor Dealer,Authorized Tractor Dealer in Gadhinglaj Maharashtra India,Maharashtra,India
MH-72-07-1853,72,7,1,Gadhinglaj,Farm Machinery Exporter India,Farm Machinery Exporter India in Gadhinglaj Maharashtra India,Maharashtra,India
MH-72-08-1854,72,8,1,Gadhinglaj,Agricultural Machinery Import Export Company,Agricultural Machinery Import Export Company in Gadhinglaj Maharashtra India,Maharashtra,India
MH-72-09-1855,72,9,2,Gadhinglaj,Agricultural Equipment Tender Supplier,Agricultural Equipment Tender Supplier in Gadhinglaj Maharashtra India,Maharashtra,India
MH-72-10-1856,72,10,1,Gadhinglaj,Oem Agricultural Machinery Manufacturer,Oem Agricultural Machinery Manufacturer in Gadhinglaj Maharashtra India,Maharashtra,India
MH-72-11-1857,72,11,2,Gadhinglaj,Agricultural Machinery Distributor Near Me,Agricultural Machinery Distributor Near Me in Gadhinglaj Maharashtra India,Maharashtra,India
MH-72-12-1858,72,12,2,Gadhinglaj,Agricultural Equipment Wholesale Distributor,Agricultural Equipment Wholesale Distributor in Gadhinglaj Maharashtra India,Maharashtra,India
MH-72-13-1859,72,13,2,Gadhinglaj,Bulk Agricultural Machinery Supplier,Bulk Agricultural Machinery Supplier in Gadhinglaj Maharashtra India,Maharashtra,India
MH-72-14-1860,72,14,3,Gadhinglaj,Agricultural Machinery Marketplace,Agricultural Machinery Marketplace in Gadhinglaj Maharashtra India,Maharashtra,India
MH-72-15-1861,72,15,1,Gadhinglaj,Agricultural Machinery Procurement Company,Agricultural Machinery Procurement Company in Gadhinglaj Maharashtra India,Maharashtra,India
MH-72-16-1862,72,16,1,Gadhinglaj,Agricultural Equipment Sourcing Company,Agricultural Equipment Sourcing Company in Gadhinglaj Maharashtra India,Maharashtra,India
MH-72-17-1863,72,17,2,Gadhinglaj,Farm Machinery Wholesalers,Farm Machinery Wholesalers in Gadhinglaj Maharashtra India,Maharashtra,India
MH-72-18-1864,72,18,2,Gadhinglaj,Agricultural Machinery Supplier,Agricultural Machinery Supplier in Gadhinglaj Maharashtra India,Maharashtra,India
MH-72-19-1865,72,19,2,Gadhinglaj,Agricultural Machinery Distributor,Agricultural Machinery Distributor in Gadhinglaj Maharashtra India,Maharashtra,India
MH-72-20-1866,72,20,2,Gadhinglaj,Agricultural Machinery Dealer,Agricultural Machinery Dealer in Gadhinglaj Maharashtra India,Maharashtra,India
MH-72-21-1867,72,21,1,Gadhinglaj,Agricultural Equipment Exporter,Agricultural Equipment Exporter in Gadhinglaj Maharashtra India,Maharashtra,India
MH-72-22-1868,72,22,2,Gadhinglaj,Agricultural Machinery Wholesaler,Agricultural Machinery Wholesaler in Gadhinglaj Maharashtra India,Maharashtra,India
MH-72-23-1869,72,23,2,Gadhinglaj,Agricultural Machinery Trader,Agricultural Machinery Trader in Gadhinglaj Maharashtra India,Maharashtra,India
MH-72-24-1870,72,24,1,Gadhinglaj,Agricultural Machinery Manufacturer,Agricultural Machinery Manufacturer in Gadhinglaj Maharashtra India,Maharashtra,India
MH-72-25-1871,72,25,1,Gadhinglaj,Agricultural Equipment Procurement,Agricultural Equipment Procurement in Gadhinglaj Maharashtra India,Maharashtra,India
MH-72-26-1872,72,26,1,Gadhinglaj,Agricultural Machinery Importers,Agricultural Machinery Importers in Gadhinglaj Maharashtra India,Maharashtra,India
MH-73-01-1873,73,1,1,Latur,Agricultural Machinery Exporters List,Agricultural Machinery Exporters List in Latur Maharashtra India,Maharashtra,India
MH-73-02-1874,73,2,1,Latur,Agricultural Equipment Manufacturers List,Agricultural Equipment Manufacturers List in Latur Maharashtra India,Maharashtra,India
MH-73-03-1875,73,3,2,Latur,Farm Equipment Dealers Directory,Farm Equipment Dealers Directory in Latur Maharashtra India,Maharashtra,India
MH-73-04-1876,73,4,1,Latur,Agricultural Machinery Importer Database,Agricultural Machinery Importer Database in Latur Maharashtra India,Maharashtra,India
MH-73-05-1877,73,5,1,Latur,Agricultural Equipment Buyer List,Agricultural Equipment Buyer List in Latur Maharashtra India,Maharashtra,India
MH-73-06-1878,73,6,2,Latur,Authorized Tractor Dealer,Authorized Tractor Dealer in Latur Maharashtra India,Maharashtra,India
MH-73-07-1879,73,7,1,Latur,Farm Machinery Exporter India,Farm Machinery Exporter India in Latur Maharashtra India,Maharashtra,India
MH-73-08-1880,73,8,1,Latur,Agricultural Machinery Import Export Company,Agricultural Machinery Import Export Company in Latur Maharashtra India,Maharashtra,India
MH-73-09-1881,73,9,2,Latur,Agricultural Equipment Tender Supplier,Agricultural Equipment Tender Supplier in Latur Maharashtra India,Maharashtra,India
MH-73-10-1882,73,10,1,Latur,Oem Agricultural Machinery Manufacturer,Oem Agricultural Machinery Manufacturer in Latur Maharashtra India,Maharashtra,India
MH-73-11-1883,73,11,2,Latur,Agricultural Machinery Distributor Near Me,Agricultural Machinery Distributor Near Me in Latur Maharashtra India,Maharashtra,India
MH-73-12-1884,73,12,2,Latur,Agricultural Equipment Wholesale Distributor,Agricultural Equipment Wholesale Distributor in Latur Maharashtra India,Maharashtra,India
MH-73-13-1885,73,13,2,Latur,Bulk Agricultural Machinery Supplier,Bulk Agricultural Machinery Supplier in Latur Maharashtra India,Maharashtra,India
MH-73-14-1886,73,14,3,Latur,Agricultural Machinery Marketplace,Agricultural Machinery Marketplace in Latur Maharashtra India,Maharashtra,India
MH-73-15-1887,73,15,1,Latur,Agricultural Machinery Procurement Company,Agricultural Machinery Procurement Company in Latur Maharashtra India,Maharashtra,India
MH-73-16-1888,73,16,1,Latur,Agricultural Equipment Sourcing Company,Agricultural Equipment Sourcing Company in Latur Maharashtra India,Maharashtra,India
MH-73-17-1889,73,17,2,Latur,Farm Machinery Wholesalers,Farm Machinery Wholesalers in Latur Maharashtra India,Maharashtra,India
MH-73-18-1890,73,18,2,Latur,Agricultural Machinery Supplier,Agricultural Machinery Supplier in Latur Maharashtra India,Maharashtra,India
MH-73-19-1891,73,19,2,Latur,Agricultural Machinery Distributor,Agricultural Machinery Distributor in Latur Maharashtra India,Maharashtra,India
MH-73-20-1892,73,20,2,Latur,Agricultural Machinery Dealer,Agricultural Machinery Dealer in Latur Maharashtra India,Maharashtra,India
MH-73-21-1893,73,21,1,Latur,Agricultural Equipment Exporter,Agricultural Equipment Exporter in Latur Maharashtra India,Maharashtra,India
MH-73-22-1894,73,22,2,Latur,Agricultural Machinery Wholesaler,Agricultural Machinery Wholesaler in Latur Maharashtra India,Maharashtra,India
MH-73-23-1895,73,23,2,Latur,Agricultural Machinery Trader,Agricultural Machinery Trader in Latur Maharashtra India,Maharashtra,India
MH-73-24-1896,73,24,1,Latur,Agricultural Machinery Manufacturer,Agricultural Machinery Manufacturer in Latur Maharashtra India,Maharashtra,India
MH-73-25-1897,73,25,1,Latur,Agricultural Equipment Procurement,Agricultural Equipment Procurement in Latur Maharashtra India,Maharashtra,India
MH-73-26-1898,73,26,1,Latur,Agricultural Machinery Importers,Agricultural Machinery Importers in Latur Maharashtra India,Maharashtra,India
MH-74-01-1899,74,1,1,Udgir,Agricultural Machinery Exporters List,Agricultural Machinery Exporters List in Udgir Maharashtra India,Maharashtra,India
MH-74-02-1900,74,2,1,Udgir,Agricultural Equipment Manufacturers List,Agricultural Equipment Manufacturers List in Udgir Maharashtra India,Maharashtra,India
MH-74-03-1901,74,3,2,Udgir,Farm Equipment Dealers Directory,Farm Equipment Dealers Directory in Udgir Maharashtra India,Maharashtra,India
MH-74-04-1902,74,4,1,Udgir,Agricultural Machinery Importer Database,Agricultural Machinery Importer Database in Udgir Maharashtra India,Maharashtra,India
MH-74-05-1903,74,5,1,Udgir,Agricultural Equipment Buyer List,Agricultural Equipment Buyer List in Udgir Maharashtra India,Maharashtra,India
MH-74-06-1904,74,6,2,Udgir,Authorized Tractor Dealer,Authorized Tractor Dealer in Udgir Maharashtra India,Maharashtra,India
MH-74-07-1905,74,7,1,Udgir,Farm Machinery Exporter India,Farm Machinery Exporter India in Udgir Maharashtra India,Maharashtra,India
MH-74-08-1906,74,8,1,Udgir,Agricultural Machinery Import Export Company,Agricultural Machinery Import Export Company in Udgir Maharashtra India,Maharashtra,India
MH-74-09-1907,74,9,2,Udgir,Agricultural Equipment Tender Supplier,Agricultural Equipment Tender Supplier in Udgir Maharashtra India,Maharashtra,India
MH-74-10-1908,74,10,1,Udgir,Oem Agricultural Machinery Manufacturer,Oem Agricultural Machinery Manufacturer in Udgir Maharashtra India,Maharashtra,India
MH-74-11-1909,74,11,2,Udgir,Agricultural Machinery Distributor Near Me,Agricultural Machinery Distributor Near Me in Udgir Maharashtra India,Maharashtra,India
MH-74-12-1910,74,12,2,Udgir,Agricultural Equipment Wholesale Distributor,Agricultural Equipment Wholesale Distributor in Udgir Maharashtra India,Maharashtra,India
MH-74-13-1911,74,13,2,Udgir,Bulk Agricultural Machinery Supplier,Bulk Agricultural Machinery Supplier in Udgir Maharashtra India,Maharashtra,India
MH-74-14-1912,74,14,3,Udgir,Agricultural Machinery Marketplace,Agricultural Machinery Marketplace in Udgir Maharashtra India,Maharashtra,India
MH-74-15-1913,74,15,1,Udgir,Agricultural Machinery Procurement Company,Agricultural Machinery Procurement Company in Udgir Maharashtra India,Maharashtra,India
MH-74-16-1914,74,16,1,Udgir,Agricultural Equipment Sourcing Company,Agricultural Equipment Sourcing Company in Udgir Maharashtra India,Maharashtra,India
MH-74-17-1915,74,17,2,Udgir,Farm Machinery Wholesalers,Farm Machinery Wholesalers in Udgir Maharashtra India,Maharashtra,India
MH-74-18-1916,74,18,2,Udgir,Agricultural Machinery Supplier,Agricultural Machinery Supplier in Udgir Maharashtra India,Maharashtra,India
MH-74-19-1917,74,19,2,Udgir,Agricultural Machinery Distributor,Agricultural Machinery Distributor in Udgir Maharashtra India,Maharashtra,India
MH-74-20-1918,74,20,2,Udgir,Agricultural Machinery Dealer,Agricultural Machinery Dealer in Udgir Maharashtra India,Maharashtra,India
MH-74-21-1919,74,21,1,Udgir,Agricultural Equipment Exporter,Agricultural Equipment Exporter in Udgir Maharashtra India,Maharashtra,India
MH-74-22-1920,74,22,2,Udgir,Agricultural Machinery Wholesaler,Agricultural Machinery Wholesaler in Udgir Maharashtra India,Maharashtra,India
MH-74-23-1921,74,23,2,Udgir,Agricultural Machinery Trader,Agricultural Machinery Trader in Udgir Maharashtra India,Maharashtra,India
MH-74-24-1922,74,24,1,Udgir,Agricultural Machinery Manufacturer,Agricultural Machinery Manufacturer in Udgir Maharashtra India,Maharashtra,India
MH-74-25-1923,74,25,1,Udgir,Agricultural Equipment Procurement,Agricultural Equipment Procurement in Udgir Maharashtra India,Maharashtra,India
MH-74-26-1924,74,26,1,Udgir,Agricultural Machinery Importers,Agricultural Machinery Importers in Udgir Maharashtra India,Maharashtra,India
MH-75-01-1925,75,1,1,Ausa,Agricultural Machinery Exporters List,Agricultural Machinery Exporters List in Ausa Maharashtra India,Maharashtra,India
MH-75-02-1926,75,2,1,Ausa,Agricultural Equipment Manufacturers List,Agricultural Equipment Manufacturers List in Ausa Maharashtra India,Maharashtra,India
MH-75-03-1927,75,3,2,Ausa,Farm Equipment Dealers Directory,Farm Equipment Dealers Directory in Ausa Maharashtra India,Maharashtra,India
MH-75-04-1928,75,4,1,Ausa,Agricultural Machinery Importer Database,Agricultural Machinery Importer Database in Ausa Maharashtra India,Maharashtra,India
MH-75-05-1929,75,5,1,Ausa,Agricultural Equipment Buyer List,Agricultural Equipment Buyer List in Ausa Maharashtra India,Maharashtra,India
MH-75-06-1930,75,6,2,Ausa,Authorized Tractor Dealer,Authorized Tractor Dealer in Ausa Maharashtra India,Maharashtra,India
MH-75-07-1931,75,7,1,Ausa,Farm Machinery Exporter India,Farm Machinery Exporter India in Ausa Maharashtra India,Maharashtra,India
MH-75-08-1932,75,8,1,Ausa,Agricultural Machinery Import Export Company,Agricultural Machinery Import Export Company in Ausa Maharashtra India,Maharashtra,India
MH-75-09-1933,75,9,2,Ausa,Agricultural Equipment Tender Supplier,Agricultural Equipment Tender Supplier in Ausa Maharashtra India,Maharashtra,India
MH-75-10-1934,75,10,1,Ausa,Oem Agricultural Machinery Manufacturer,Oem Agricultural Machinery Manufacturer in Ausa Maharashtra India,Maharashtra,India
MH-75-11-1935,75,11,2,Ausa,Agricultural Machinery Distributor Near Me,Agricultural Machinery Distributor Near Me in Ausa Maharashtra India,Maharashtra,India
MH-75-12-1936,75,12,2,Ausa,Agricultural Equipment Wholesale Distributor,Agricultural Equipment Wholesale Distributor in Ausa Maharashtra India,Maharashtra,India
MH-75-13-1937,75,13,2,Ausa,Bulk Agricultural Machinery Supplier,Bulk Agricultural Machinery Supplier in Ausa Maharashtra India,Maharashtra,India
MH-75-14-1938,75,14,3,Ausa,Agricultural Machinery Marketplace,Agricultural Machinery Marketplace in Ausa Maharashtra India,Maharashtra,India
MH-75-15-1939,75,15,1,Ausa,Agricultural Machinery Procurement Company,Agricultural Machinery Procurement Company in Ausa Maharashtra India,Maharashtra,India
MH-75-16-1940,75,16,1,Ausa,Agricultural Equipment Sourcing Company,Agricultural Equipment Sourcing Company in Ausa Maharashtra India,Maharashtra,India
MH-75-17-1941,75,17,2,Ausa,Farm Machinery Wholesalers,Farm Machinery Wholesalers in Ausa Maharashtra India,Maharashtra,India
MH-75-18-1942,75,18,2,Ausa,Agricultural Machinery Supplier,Agricultural Machinery Supplier in Ausa Maharashtra India,Maharashtra,India
MH-75-19-1943,75,19,2,Ausa,Agricultural Machinery Distributor,Agricultural Machinery Distributor in Ausa Maharashtra India,Maharashtra,India
MH-75-20-1944,75,20,2,Ausa,Agricultural Machinery Dealer,Agricultural Machinery Dealer in Ausa Maharashtra India,Maharashtra,India
MH-75-21-1945,75,21,1,Ausa,Agricultural Equipment Exporter,Agricultural Equipment Exporter in Ausa Maharashtra India,Maharashtra,India
MH-75-22-1946,75,22,2,Ausa,Agricultural Machinery Wholesaler,Agricultural Machinery Wholesaler in Ausa Maharashtra India,Maharashtra,India
MH-75-23-1947,75,23,2,Ausa,Agricultural Machinery Trader,Agricultural Machinery Trader in Ausa Maharashtra India,Maharashtra,India
MH-75-24-1948,75,24,1,Ausa,Agricultural Machinery Manufacturer,Agricultural Machinery Manufacturer in Ausa Maharashtra India,Maharashtra,India
MH-75-25-1949,75,25,1,Ausa,Agricultural Equipment Procurement,Agricultural Equipment Procurement in Ausa Maharashtra India,Maharashtra,India
MH-75-26-1950,75,26,1,Ausa,Agricultural Machinery Importers,Agricultural Machinery Importers in Ausa Maharashtra India,Maharashtra,India
MH-76-01-1951,76,1,1,Nilanga,Agricultural Machinery Exporters List,Agricultural Machinery Exporters List in Nilanga Maharashtra India,Maharashtra,India
MH-76-02-1952,76,2,1,Nilanga,Agricultural Equipment Manufacturers List,Agricultural Equipment Manufacturers List in Nilanga Maharashtra India,Maharashtra,India
MH-76-03-1953,76,3,2,Nilanga,Farm Equipment Dealers Directory,Farm Equipment Dealers Directory in Nilanga Maharashtra India,Maharashtra,India
MH-76-04-1954,76,4,1,Nilanga,Agricultural Machinery Importer Database,Agricultural Machinery Importer Database in Nilanga Maharashtra India,Maharashtra,India
MH-76-05-1955,76,5,1,Nilanga,Agricultural Equipment Buyer List,Agricultural Equipment Buyer List in Nilanga Maharashtra India,Maharashtra,India
MH-76-06-1956,76,6,2,Nilanga,Authorized Tractor Dealer,Authorized Tractor Dealer in Nilanga Maharashtra India,Maharashtra,India
MH-76-07-1957,76,7,1,Nilanga,Farm Machinery Exporter India,Farm Machinery Exporter India in Nilanga Maharashtra India,Maharashtra,India
MH-76-08-1958,76,8,1,Nilanga,Agricultural Machinery Import Export Company,Agricultural Machinery Import Export Company in Nilanga Maharashtra India,Maharashtra,India
MH-76-09-1959,76,9,2,Nilanga,Agricultural Equipment Tender Supplier,Agricultural Equipment Tender Supplier in Nilanga Maharashtra India,Maharashtra,India
MH-76-10-1960,76,10,1,Nilanga,Oem Agricultural Machinery Manufacturer,Oem Agricultural Machinery Manufacturer in Nilanga Maharashtra India,Maharashtra,India
MH-76-11-1961,76,11,2,Nilanga,Agricultural Machinery Distributor Near Me,Agricultural Machinery Distributor Near Me in Nilanga Maharashtra India,Maharashtra,India
MH-76-12-1962,76,12,2,Nilanga,Agricultural Equipment Wholesale Distributor,Agricultural Equipment Wholesale Distributor in Nilanga Maharashtra India,Maharashtra,India
MH-76-13-1963,76,13,2,Nilanga,Bulk Agricultural Machinery Supplier,Bulk Agricultural Machinery Supplier in Nilanga Maharashtra India,Maharashtra,India
MH-76-14-1964,76,14,3,Nilanga,Agricultural Machinery Marketplace,Agricultural Machinery Marketplace in Nilanga Maharashtra India,Maharashtra,India
MH-76-15-1965,76,15,1,Nilanga,Agricultural Machinery Procurement Company,Agricultural Machinery Procurement Company in Nilanga Maharashtra India,Maharashtra,India
MH-76-16-1966,76,16,1,Nilanga,Agricultural Equipment Sourcing Company,Agricultural Equipment Sourcing Company in Nilanga Maharashtra India,Maharashtra,India
MH-76-17-1967,76,17,2,Nilanga,Farm Machinery Wholesalers,Farm Machinery Wholesalers in Nilanga Maharashtra India,Maharashtra,India
MH-76-18-1968,76,18,2,Nilanga,Agricultural Machinery Supplier,Agricultural Machinery Supplier in Nilanga Maharashtra India,Maharashtra,India
MH-76-19-1969,76,19,2,Nilanga,Agricultural Machinery Distributor,Agricultural Machinery Distributor in Nilanga Maharashtra India,Maharashtra,India
MH-76-20-1970,76,20,2,Nilanga,Agricultural Machinery Dealer,Agricultural Machinery Dealer in Nilanga Maharashtra India,Maharashtra,India
MH-76-21-1971,76,21,1,Nilanga,Agricultural Equipment Exporter,Agricultural Equipment Exporter in Nilanga Maharashtra India,Maharashtra,India
MH-76-22-1972,76,22,2,Nilanga,Agricultural Machinery Wholesaler,Agricultural Machinery Wholesaler in Nilanga Maharashtra India,Maharashtra,India
MH-76-23-1973,76,23,2,Nilanga,Agricultural Machinery Trader,Agricultural Machinery Trader in Nilanga Maharashtra India,Maharashtra,India
MH-76-24-1974,76,24,1,Nilanga,Agricultural Machinery Manufacturer,Agricultural Machinery Manufacturer in Nilanga Maharashtra India,Maharashtra,India
MH-76-25-1975,76,25,1,Nilanga,Agricultural Equipment Procurement,Agricultural Equipment Procurement in Nilanga Maharashtra India,Maharashtra,India
MH-76-26-1976,76,26,1,Nilanga,Agricultural Machinery Importers,Agricultural Machinery Importers in Nilanga Maharashtra India,Maharashtra,India
MH-77-01-1977,77,1,1,Mumbai City,Agricultural Machinery Exporters List,Agricultural Machinery Exporters List in Mumbai City Maharashtra India,Maharashtra,India
MH-77-02-1978,77,2,1,Mumbai City,Agricultural Equipment Manufacturers List,Agricultural Equipment Manufacturers List in Mumbai City Maharashtra India,Maharashtra,India
MH-77-03-1979,77,3,2,Mumbai City,Farm Equipment Dealers Directory,Farm Equipment Dealers Directory in Mumbai City Maharashtra India,Maharashtra,India
MH-77-04-1980,77,4,1,Mumbai City,Agricultural Machinery Importer Database,Agricultural Machinery Importer Database in Mumbai City Maharashtra India,Maharashtra,India
MH-77-05-1981,77,5,1,Mumbai City,Agricultural Equipment Buyer List,Agricultural Equipment Buyer List in Mumbai City Maharashtra India,Maharashtra,India
MH-77-06-1982,77,6,2,Mumbai City,Authorized Tractor Dealer,Authorized Tractor Dealer in Mumbai City Maharashtra India,Maharashtra,India
MH-77-07-1983,77,7,1,Mumbai City,Farm Machinery Exporter India,Farm Machinery Exporter India in Mumbai City Maharashtra India,Maharashtra,India
MH-77-08-1984,77,8,1,Mumbai City,Agricultural Machinery Import Export Company,Agricultural Machinery Import Export Company in Mumbai City Maharashtra India,Maharashtra,India
MH-77-09-1985,77,9,2,Mumbai City,Agricultural Equipment Tender Supplier,Agricultural Equipment Tender Supplier in Mumbai City Maharashtra India,Maharashtra,India
MH-77-10-1986,77,10,1,Mumbai City,Oem Agricultural Machinery Manufacturer,Oem Agricultural Machinery Manufacturer in Mumbai City Maharashtra India,Maharashtra,India
MH-77-11-1987,77,11,2,Mumbai City,Agricultural Machinery Distributor Near Me,Agricultural Machinery Distributor Near Me in Mumbai City Maharashtra India,Maharashtra,India
MH-77-12-1988,77,12,2,Mumbai City,Agricultural Equipment Wholesale Distributor,Agricultural Equipment Wholesale Distributor in Mumbai City Maharashtra India,Maharashtra,India
MH-77-13-1989,77,13,2,Mumbai City,Bulk Agricultural Machinery Supplier,Bulk Agricultural Machinery Supplier in Mumbai City Maharashtra India,Maharashtra,India
MH-77-14-1990,77,14,3,Mumbai City,Agricultural Machinery Marketplace,Agricultural Machinery Marketplace in Mumbai City Maharashtra India,Maharashtra,India
MH-77-15-1991,77,15,1,Mumbai City,Agricultural Machinery Procurement Company,Agricultural Machinery Procurement Company in Mumbai City Maharashtra India,Maharashtra,India
MH-77-16-1992,77,16,1,Mumbai City,Agricultural Equipment Sourcing Company,Agricultural Equipment Sourcing Company in Mumbai City Maharashtra India,Maharashtra,India
MH-77-17-1993,77,17,2,Mumbai City,Farm Machinery Wholesalers,Farm Machinery Wholesalers in Mumbai City Maharashtra India,Maharashtra,India
MH-77-18-1994,77,18,2,Mumbai City,Agricultural Machinery Supplier,Agricultural Machinery Supplier in Mumbai City Maharashtra India,Maharashtra,India
MH-77-19-1995,77,19,2,Mumbai City,Agricultural Machinery Distributor,Agricultural Machinery Distributor in Mumbai City Maharashtra India,Maharashtra,India
MH-77-20-1996,77,20,2,Mumbai City,Agricultural Machinery Dealer,Agricultural Machinery Dealer in Mumbai City Maharashtra India,Maharashtra,India
MH-77-21-1997,77,21,1,Mumbai City,Agricultural Equipment Exporter,Agricultural Equipment Exporter in Mumbai City Maharashtra India,Maharashtra,India
MH-77-22-1998,77,22,2,Mumbai City,Agricultural Machinery Wholesaler,Agricultural Machinery Wholesaler in Mumbai City Maharashtra India,Maharashtra,India
MH-77-23-1999,77,23,2,Mumbai City,Agricultural Machinery Trader,Agricultural Machinery Trader in Mumbai City Maharashtra India,Maharashtra,India
MH-77-24-2000,77,24,1,Mumbai City,Agricultural Machinery Manufacturer,Agricultural Machinery Manufacturer in Mumbai City Maharashtra India,Maharashtra,India
MH-77-25-2001,77,25,1,Mumbai City,Agricultural Equipment Procurement,Agricultural Equipment Procurement in Mumbai City Maharashtra India,Maharashtra,India
MH-77-26-2002,77,26,1,Mumbai City,Agricultural Machinery Importers,Agricultural Machinery Importers in Mumbai City Maharashtra India,Maharashtra,India
MH-78-01-2003,78,1,1,Fort,Agricultural Machinery Exporters List,Agricultural Machinery Exporters List in Fort Maharashtra India,Maharashtra,India
MH-78-02-2004,78,2,1,Fort,Agricultural Equipment Manufacturers List,Agricultural Equipment Manufacturers List in Fort Maharashtra India,Maharashtra,India
MH-78-03-2005,78,3,2,Fort,Farm Equipment Dealers Directory,Farm Equipment Dealers Directory in Fort Maharashtra India,Maharashtra,India
MH-78-04-2006,78,4,1,Fort,Agricultural Machinery Importer Database,Agricultural Machinery Importer Database in Fort Maharashtra India,Maharashtra,India
MH-78-05-2007,78,5,1,Fort,Agricultural Equipment Buyer List,Agricultural Equipment Buyer List in Fort Maharashtra India,Maharashtra,India
MH-78-06-2008,78,6,2,Fort,Authorized Tractor Dealer,Authorized Tractor Dealer in Fort Maharashtra India,Maharashtra,India
MH-78-07-2009,78,7,1,Fort,Farm Machinery Exporter India,Farm Machinery Exporter India in Fort Maharashtra India,Maharashtra,India
MH-78-08-2010,78,8,1,Fort,Agricultural Machinery Import Export Company,Agricultural Machinery Import Export Company in Fort Maharashtra India,Maharashtra,India
MH-78-09-2011,78,9,2,Fort,Agricultural Equipment Tender Supplier,Agricultural Equipment Tender Supplier in Fort Maharashtra India,Maharashtra,India
MH-78-10-2012,78,10,1,Fort,Oem Agricultural Machinery Manufacturer,Oem Agricultural Machinery Manufacturer in Fort Maharashtra India,Maharashtra,India
MH-78-11-2013,78,11,2,Fort,Agricultural Machinery Distributor Near Me,Agricultural Machinery Distributor Near Me in Fort Maharashtra India,Maharashtra,India
MH-78-12-2014,78,12,2,Fort,Agricultural Equipment Wholesale Distributor,Agricultural Equipment Wholesale Distributor in Fort Maharashtra India,Maharashtra,India
MH-78-13-2015,78,13,2,Fort,Bulk Agricultural Machinery Supplier,Bulk Agricultural Machinery Supplier in Fort Maharashtra India,Maharashtra,India
MH-78-14-2016,78,14,3,Fort,Agricultural Machinery Marketplace,Agricultural Machinery Marketplace in Fort Maharashtra India,Maharashtra,India
MH-78-15-2017,78,15,1,Fort,Agricultural Machinery Procurement Company,Agricultural Machinery Procurement Company in Fort Maharashtra India,Maharashtra,India
MH-78-16-2018,78,16,1,Fort,Agricultural Equipment Sourcing Company,Agricultural Equipment Sourcing Company in Fort Maharashtra India,Maharashtra,India
MH-78-17-2019,78,17,2,Fort,Farm Machinery Wholesalers,Farm Machinery Wholesalers in Fort Maharashtra India,Maharashtra,India
MH-78-18-2020,78,18,2,Fort,Agricultural Machinery Supplier,Agricultural Machinery Supplier in Fort Maharashtra India,Maharashtra,India
MH-78-19-2021,78,19,2,Fort,Agricultural Machinery Distributor,Agricultural Machinery Distributor in Fort Maharashtra India,Maharashtra,India
MH-78-20-2022,78,20,2,Fort,Agricultural Machinery Dealer,Agricultural Machinery Dealer in Fort Maharashtra India,Maharashtra,India
MH-78-21-2023,78,21,1,Fort,Agricultural Equipment Exporter,Agricultural Equipment Exporter in Fort Maharashtra India,Maharashtra,India
MH-78-22-2024,78,22,2,Fort,Agricultural Machinery Wholesaler,Agricultural Machinery Wholesaler in Fort Maharashtra India,Maharashtra,India
MH-78-23-2025,78,23,2,Fort,Agricultural Machinery Trader,Agricultural Machinery Trader in Fort Maharashtra India,Maharashtra,India
MH-78-24-2026,78,24,1,Fort,Agricultural Machinery Manufacturer,Agricultural Machinery Manufacturer in Fort Maharashtra India,Maharashtra,India
MH-78-25-2027,78,25,1,Fort,Agricultural Equipment Procurement,Agricultural Equipment Procurement in Fort Maharashtra India,Maharashtra,India
MH-78-26-2028,78,26,1,Fort,Agricultural Machinery Importers,Agricultural Machinery Importers in Fort Maharashtra India,Maharashtra,India
MH-79-01-2029,79,1,1,Colaba,Agricultural Machinery Exporters List,Agricultural Machinery Exporters List in Colaba Maharashtra India,Maharashtra,India
MH-79-02-2030,79,2,1,Colaba,Agricultural Equipment Manufacturers List,Agricultural Equipment Manufacturers List in Colaba Maharashtra India,Maharashtra,India
MH-79-03-2031,79,3,2,Colaba,Farm Equipment Dealers Directory,Farm Equipment Dealers Directory in Colaba Maharashtra India,Maharashtra,India
MH-79-04-2032,79,4,1,Colaba,Agricultural Machinery Importer Database,Agricultural Machinery Importer Database in Colaba Maharashtra India,Maharashtra,India
MH-79-05-2033,79,5,1,Colaba,Agricultural Equipment Buyer List,Agricultural Equipment Buyer List in Colaba Maharashtra India,Maharashtra,India
MH-79-06-2034,79,6,2,Colaba,Authorized Tractor Dealer,Authorized Tractor Dealer in Colaba Maharashtra India,Maharashtra,India
MH-79-07-2035,79,7,1,Colaba,Farm Machinery Exporter India,Farm Machinery Exporter India in Colaba Maharashtra India,Maharashtra,India
MH-79-08-2036,79,8,1,Colaba,Agricultural Machinery Import Export Company,Agricultural Machinery Import Export Company in Colaba Maharashtra India,Maharashtra,India
MH-79-09-2037,79,9,2,Colaba,Agricultural Equipment Tender Supplier,Agricultural Equipment Tender Supplier in Colaba Maharashtra India,Maharashtra,India
MH-79-10-2038,79,10,1,Colaba,Oem Agricultural Machinery Manufacturer,Oem Agricultural Machinery Manufacturer in Colaba Maharashtra India,Maharashtra,India
MH-79-11-2039,79,11,2,Colaba,Agricultural Machinery Distributor Near Me,Agricultural Machinery Distributor Near Me in Colaba Maharashtra India,Maharashtra,India
MH-79-12-2040,79,12,2,Colaba,Agricultural Equipment Wholesale Distributor,Agricultural Equipment Wholesale Distributor in Colaba Maharashtra India,Maharashtra,India
MH-79-13-2041,79,13,2,Colaba,Bulk Agricultural Machinery Supplier,Bulk Agricultural Machinery Supplier in Colaba Maharashtra India,Maharashtra,India
MH-79-14-2042,79,14,3,Colaba,Agricultural Machinery Marketplace,Agricultural Machinery Marketplace in Colaba Maharashtra India,Maharashtra,India
MH-79-15-2043,79,15,1,Colaba,Agricultural Machinery Procurement Company,Agricultural Machinery Procurement Company in Colaba Maharashtra India,Maharashtra,India
MH-79-16-2044,79,16,1,Colaba,Agricultural Equipment Sourcing Company,Agricultural Equipment Sourcing Company in Colaba Maharashtra India,Maharashtra,India
MH-79-17-2045,79,17,2,Colaba,Farm Machinery Wholesalers,Farm Machinery Wholesalers in Colaba Maharashtra India,Maharashtra,India
MH-79-18-2046,79,18,2,Colaba,Agricultural Machinery Supplier,Agricultural Machinery Supplier in Colaba Maharashtra India,Maharashtra,India
MH-79-19-2047,79,19,2,Colaba,Agricultural Machinery Distributor,Agricultural Machinery Distributor in Colaba Maharashtra India,Maharashtra,India
MH-79-20-2048,79,20,2,Colaba,Agricultural Machinery Dealer,Agricultural Machinery Dealer in Colaba Maharashtra India,Maharashtra,India
MH-79-21-2049,79,21,1,Colaba,Agricultural Equipment Exporter,Agricultural Equipment Exporter in Colaba Maharashtra India,Maharashtra,India
MH-79-22-2050,79,22,2,Colaba,Agricultural Machinery Wholesaler,Agricultural Machinery Wholesaler in Colaba Maharashtra India,Maharashtra,India
MH-79-23-2051,79,23,2,Colaba,Agricultural Machinery Trader,Agricultural Machinery Trader in Colaba Maharashtra India,Maharashtra,India
MH-79-24-2052,79,24,1,Colaba,Agricultural Machinery Manufacturer,Agricultural Machinery Manufacturer in Colaba Maharashtra India,Maharashtra,India
MH-79-25-2053,79,25,1,Colaba,Agricultural Equipment Procurement,Agricultural Equipment Procurement in Colaba Maharashtra India,Maharashtra,India
MH-79-26-2054,79,26,1,Colaba,Agricultural Machinery Importers,Agricultural Machinery Importers in Colaba Maharashtra India,Maharashtra,India
MH-80-01-2055,80,1,1,Dadar,Agricultural Machinery Exporters List,Agricultural Machinery Exporters List in Dadar Maharashtra India,Maharashtra,India
MH-80-02-2056,80,2,1,Dadar,Agricultural Equipment Manufacturers List,Agricultural Equipment Manufacturers List in Dadar Maharashtra India,Maharashtra,India
MH-80-03-2057,80,3,2,Dadar,Farm Equipment Dealers Directory,Farm Equipment Dealers Directory in Dadar Maharashtra India,Maharashtra,India
MH-80-04-2058,80,4,1,Dadar,Agricultural Machinery Importer Database,Agricultural Machinery Importer Database in Dadar Maharashtra India,Maharashtra,India
MH-80-05-2059,80,5,1,Dadar,Agricultural Equipment Buyer List,Agricultural Equipment Buyer List in Dadar Maharashtra India,Maharashtra,India
MH-80-06-2060,80,6,2,Dadar,Authorized Tractor Dealer,Authorized Tractor Dealer in Dadar Maharashtra India,Maharashtra,India
MH-80-07-2061,80,7,1,Dadar,Farm Machinery Exporter India,Farm Machinery Exporter India in Dadar Maharashtra India,Maharashtra,India
MH-80-08-2062,80,8,1,Dadar,Agricultural Machinery Import Export Company,Agricultural Machinery Import Export Company in Dadar Maharashtra India,Maharashtra,India
MH-80-09-2063,80,9,2,Dadar,Agricultural Equipment Tender Supplier,Agricultural Equipment Tender Supplier in Dadar Maharashtra India,Maharashtra,India
MH-80-10-2064,80,10,1,Dadar,Oem Agricultural Machinery Manufacturer,Oem Agricultural Machinery Manufacturer in Dadar Maharashtra India,Maharashtra,India
MH-80-11-2065,80,11,2,Dadar,Agricultural Machinery Distributor Near Me,Agricultural Machinery Distributor Near Me in Dadar Maharashtra India,Maharashtra,India
MH-80-12-2066,80,12,2,Dadar,Agricultural Equipment Wholesale Distributor,Agricultural Equipment Wholesale Distributor in Dadar Maharashtra India,Maharashtra,India
MH-80-13-2067,80,13,2,Dadar,Bulk Agricultural Machinery Supplier,Bulk Agricultural Machinery Supplier in Dadar Maharashtra India,Maharashtra,India
MH-80-14-2068,80,14,3,Dadar,Agricultural Machinery Marketplace,Agricultural Machinery Marketplace in Dadar Maharashtra India,Maharashtra,India
MH-80-15-2069,80,15,1,Dadar,Agricultural Machinery Procurement Company,Agricultural Machinery Procurement Company in Dadar Maharashtra India,Maharashtra,India
MH-80-16-2070,80,16,1,Dadar,Agricultural Equipment Sourcing Company,Agricultural Equipment Sourcing Company in Dadar Maharashtra India,Maharashtra,India
MH-80-17-2071,80,17,2,Dadar,Farm Machinery Wholesalers,Farm Machinery Wholesalers in Dadar Maharashtra India,Maharashtra,India
MH-80-18-2072,80,18,2,Dadar,Agricultural Machinery Supplier,Agricultural Machinery Supplier in Dadar Maharashtra India,Maharashtra,India
MH-80-19-2073,80,19,2,Dadar,Agricultural Machinery Distributor,Agricultural Machinery Distributor in Dadar Maharashtra India,Maharashtra,India
MH-80-20-2074,80,20,2,Dadar,Agricultural Machinery Dealer,Agricultural Machinery Dealer in Dadar Maharashtra India,Maharashtra,India
MH-80-21-2075,80,21,1,Dadar,Agricultural Equipment Exporter,Agricultural Equipment Exporter in Dadar Maharashtra India,Maharashtra,India
MH-80-22-2076,80,22,2,Dadar,Agricultural Machinery Wholesaler,Agricultural Machinery Wholesaler in Dadar Maharashtra India,Maharashtra,India
MH-80-23-2077,80,23,2,Dadar,Agricultural Machinery Trader,Agricultural Machinery Trader in Dadar Maharashtra India,Maharashtra,India
MH-80-24-2078,80,24,1,Dadar,Agricultural Machinery Manufacturer,Agricultural Machinery Manufacturer in Dadar Maharashtra India,Maharashtra,India
MH-80-25-2079,80,25,1,Dadar,Agricultural Equipment Procurement,Agricultural Equipment Procurement in Dadar Maharashtra India,Maharashtra,India
MH-80-26-2080,80,26,1,Dadar,Agricultural Machinery Importers,Agricultural Machinery Importers in Dadar Maharashtra India,Maharashtra,India
MH-81-01-2081,81,1,1,Nariman Point,Agricultural Machinery Exporters List,Agricultural Machinery Exporters List in Nariman Point Maharashtra India,Maharashtra,India
MH-81-02-2082,81,2,1,Nariman Point,Agricultural Equipment Manufacturers List,Agricultural Equipment Manufacturers List in Nariman Point Maharashtra India,Maharashtra,India
MH-81-03-2083,81,3,2,Nariman Point,Farm Equipment Dealers Directory,Farm Equipment Dealers Directory in Nariman Point Maharashtra India,Maharashtra,India
MH-81-04-2084,81,4,1,Nariman Point,Agricultural Machinery Importer Database,Agricultural Machinery Importer Database in Nariman Point Maharashtra India,Maharashtra,India
MH-81-05-2085,81,5,1,Nariman Point,Agricultural Equipment Buyer List,Agricultural Equipment Buyer List in Nariman Point Maharashtra India,Maharashtra,India
MH-81-06-2086,81,6,2,Nariman Point,Authorized Tractor Dealer,Authorized Tractor Dealer in Nariman Point Maharashtra India,Maharashtra,India
MH-81-07-2087,81,7,1,Nariman Point,Farm Machinery Exporter India,Farm Machinery Exporter India in Nariman Point Maharashtra India,Maharashtra,India
MH-81-08-2088,81,8,1,Nariman Point,Agricultural Machinery Import Export Company,Agricultural Machinery Import Export Company in Nariman Point Maharashtra India,Maharashtra,India
MH-81-09-2089,81,9,2,Nariman Point,Agricultural Equipment Tender Supplier,Agricultural Equipment Tender Supplier in Nariman Point Maharashtra India,Maharashtra,India
MH-81-10-2090,81,10,1,Nariman Point,Oem Agricultural Machinery Manufacturer,Oem Agricultural Machinery Manufacturer in Nariman Point Maharashtra India,Maharashtra,India
MH-81-11-2091,81,11,2,Nariman Point,Agricultural Machinery Distributor Near Me,Agricultural Machinery Distributor Near Me in Nariman Point Maharashtra India,Maharashtra,India
MH-81-12-2092,81,12,2,Nariman Point,Agricultural Equipment Wholesale Distributor,Agricultural Equipment Wholesale Distributor in Nariman Point Maharashtra India,Maharashtra,India
MH-81-13-2093,81,13,2,Nariman Point,Bulk Agricultural Machinery Supplier,Bulk Agricultural Machinery Supplier in Nariman Point Maharashtra India,Maharashtra,India
MH-81-14-2094,81,14,3,Nariman Point,Agricultural Machinery Marketplace,Agricultural Machinery Marketplace in Nariman Point Maharashtra India,Maharashtra,India
MH-81-15-2095,81,15,1,Nariman Point,Agricultural Machinery Procurement Company,Agricultural Machinery Procurement Company in Nariman Point Maharashtra India,Maharashtra,India
MH-81-16-2096,81,16,1,Nariman Point,Agricultural Equipment Sourcing Company,Agricultural Equipment Sourcing Company in Nariman Point Maharashtra India,Maharashtra,India
MH-81-17-2097,81,17,2,Nariman Point,Farm Machinery Wholesalers,Farm Machinery Wholesalers in Nariman Point Maharashtra India,Maharashtra,India
MH-81-18-2098,81,18,2,Nariman Point,Agricultural Machinery Supplier,Agricultural Machinery Supplier in Nariman Point Maharashtra India,Maharashtra,India
MH-81-19-2099,81,19,2,Nariman Point,Agricultural Machinery Distributor,Agricultural Machinery Distributor in Nariman Point Maharashtra India,Maharashtra,India
MH-81-20-2100,81,20,2,Nariman Point,Agricultural Machinery Dealer,Agricultural Machinery Dealer in Nariman Point Maharashtra India,Maharashtra,India
MH-81-21-2101,81,21,1,Nariman Point,Agricultural Equipment Exporter,Agricultural Equipment Exporter in Nariman Point Maharashtra India,Maharashtra,India
MH-81-22-2102,81,22,2,Nariman Point,Agricultural Machinery Wholesaler,Agricultural Machinery Wholesaler in Nariman Point Maharashtra India,Maharashtra,India
MH-81-23-2103,81,23,2,Nariman Point,Agricultural Machinery Trader,Agricultural Machinery Trader in Nariman Point Maharashtra India,Maharashtra,India
MH-81-24-2104,81,24,1,Nariman Point,Agricultural Machinery Manufacturer,Agricultural Machinery Manufacturer in Nariman Point Maharashtra India,Maharashtra,India
MH-81-25-2105,81,25,1,Nariman Point,Agricultural Equipment Procurement,Agricultural Equipment Procurement in Nariman Point Maharashtra India,Maharashtra,India
MH-81-26-2106,81,26,1,Nariman Point,Agricultural Machinery Importers,Agricultural Machinery Importers in Nariman Point Maharashtra India,Maharashtra,India
MH-82-01-2107,82,1,1,Mumbai Suburban,Agricultural Machinery Exporters List,Agricultural Machinery Exporters List in Mumbai Suburban Maharashtra India,Maharashtra,India
MH-82-02-2108,82,2,1,Mumbai Suburban,Agricultural Equipment Manufacturers List,Agricultural Equipment Manufacturers List in Mumbai Suburban Maharashtra India,Maharashtra,India
MH-82-03-2109,82,3,2,Mumbai Suburban,Farm Equipment Dealers Directory,Farm Equipment Dealers Directory in Mumbai Suburban Maharashtra India,Maharashtra,India
MH-82-04-2110,82,4,1,Mumbai Suburban,Agricultural Machinery Importer Database,Agricultural Machinery Importer Database in Mumbai Suburban Maharashtra India,Maharashtra,India
MH-82-05-2111,82,5,1,Mumbai Suburban,Agricultural Equipment Buyer List,Agricultural Equipment Buyer List in Mumbai Suburban Maharashtra India,Maharashtra,India
MH-82-06-2112,82,6,2,Mumbai Suburban,Authorized Tractor Dealer,Authorized Tractor Dealer in Mumbai Suburban Maharashtra India,Maharashtra,India
MH-82-07-2113,82,7,1,Mumbai Suburban,Farm Machinery Exporter India,Farm Machinery Exporter India in Mumbai Suburban Maharashtra India,Maharashtra,India
MH-82-08-2114,82,8,1,Mumbai Suburban,Agricultural Machinery Import Export Company,Agricultural Machinery Import Export Company in Mumbai Suburban Maharashtra India,Maharashtra,India
MH-82-09-2115,82,9,2,Mumbai Suburban,Agricultural Equipment Tender Supplier,Agricultural Equipment Tender Supplier in Mumbai Suburban Maharashtra India,Maharashtra,India
MH-82-10-2116,82,10,1,Mumbai Suburban,Oem Agricultural Machinery Manufacturer,Oem Agricultural Machinery Manufacturer in Mumbai Suburban Maharashtra India,Maharashtra,India
MH-82-11-2117,82,11,2,Mumbai Suburban,Agricultural Machinery Distributor Near Me,Agricultural Machinery Distributor Near Me in Mumbai Suburban Maharashtra India,Maharashtra,India
MH-82-12-2118,82,12,2,Mumbai Suburban,Agricultural Equipment Wholesale Distributor,Agricultural Equipment Wholesale Distributor in Mumbai Suburban Maharashtra India,Maharashtra,India
MH-82-13-2119,82,13,2,Mumbai Suburban,Bulk Agricultural Machinery Supplier,Bulk Agricultural Machinery Supplier in Mumbai Suburban Maharashtra India,Maharashtra,India
MH-82-14-2120,82,14,3,Mumbai Suburban,Agricultural Machinery Marketplace,Agricultural Machinery Marketplace in Mumbai Suburban Maharashtra India,Maharashtra,India
MH-82-15-2121,82,15,1,Mumbai Suburban,Agricultural Machinery Procurement Company,Agricultural Machinery Procurement Company in Mumbai Suburban Maharashtra India,Maharashtra,India
MH-82-16-2122,82,16,1,Mumbai Suburban,Agricultural Equipment Sourcing Company,Agricultural Equipment Sourcing Company in Mumbai Suburban Maharashtra India,Maharashtra,India
MH-82-17-2123,82,17,2,Mumbai Suburban,Farm Machinery Wholesalers,Farm Machinery Wholesalers in Mumbai Suburban Maharashtra India,Maharashtra,India
MH-82-18-2124,82,18,2,Mumbai Suburban,Agricultural Machinery Supplier,Agricultural Machinery Supplier in Mumbai Suburban Maharashtra India,Maharashtra,India
MH-82-19-2125,82,19,2,Mumbai Suburban,Agricultural Machinery Distributor,Agricultural Machinery Distributor in Mumbai Suburban Maharashtra India,Maharashtra,India
MH-82-20-2126,82,20,2,Mumbai Suburban,Agricultural Machinery Dealer,Agricultural Machinery Dealer in Mumbai Suburban Maharashtra India,Maharashtra,India
MH-82-21-2127,82,21,1,Mumbai Suburban,Agricultural Equipment Exporter,Agricultural Equipment Exporter in Mumbai Suburban Maharashtra India,Maharashtra,India
MH-82-22-2128,82,22,2,Mumbai Suburban,Agricultural Machinery Wholesaler,Agricultural Machinery Wholesaler in Mumbai Suburban Maharashtra India,Maharashtra,India
MH-82-23-2129,82,23,2,Mumbai Suburban,Agricultural Machinery Trader,Agricultural Machinery Trader in Mumbai Suburban Maharashtra India,Maharashtra,India
MH-82-24-2130,82,24,1,Mumbai Suburban,Agricultural Machinery Manufacturer,Agricultural Machinery Manufacturer in Mumbai Suburban Maharashtra India,Maharashtra,India
MH-82-25-2131,82,25,1,Mumbai Suburban,Agricultural Equipment Procurement,Agricultural Equipment Procurement in Mumbai Suburban Maharashtra India,Maharashtra,India
MH-82-26-2132,82,26,1,Mumbai Suburban,Agricultural Machinery Importers,Agricultural Machinery Importers in Mumbai Suburban Maharashtra India,Maharashtra,India
MH-83-01-2133,83,1,1,Andheri,Agricultural Machinery Exporters List,Agricultural Machinery Exporters List in Andheri Maharashtra India,Maharashtra,India
MH-83-02-2134,83,2,1,Andheri,Agricultural Equipment Manufacturers List,Agricultural Equipment Manufacturers List in Andheri Maharashtra India,Maharashtra,India
MH-83-03-2135,83,3,2,Andheri,Farm Equipment Dealers Directory,Farm Equipment Dealers Directory in Andheri Maharashtra India,Maharashtra,India
MH-83-04-2136,83,4,1,Andheri,Agricultural Machinery Importer Database,Agricultural Machinery Importer Database in Andheri Maharashtra India,Maharashtra,India
MH-83-05-2137,83,5,1,Andheri,Agricultural Equipment Buyer List,Agricultural Equipment Buyer List in Andheri Maharashtra India,Maharashtra,India
MH-83-06-2138,83,6,2,Andheri,Authorized Tractor Dealer,Authorized Tractor Dealer in Andheri Maharashtra India,Maharashtra,India
MH-83-07-2139,83,7,1,Andheri,Farm Machinery Exporter India,Farm Machinery Exporter India in Andheri Maharashtra India,Maharashtra,India
MH-83-08-2140,83,8,1,Andheri,Agricultural Machinery Import Export Company,Agricultural Machinery Import Export Company in Andheri Maharashtra India,Maharashtra,India
MH-83-09-2141,83,9,2,Andheri,Agricultural Equipment Tender Supplier,Agricultural Equipment Tender Supplier in Andheri Maharashtra India,Maharashtra,India
MH-83-10-2142,83,10,1,Andheri,Oem Agricultural Machinery Manufacturer,Oem Agricultural Machinery Manufacturer in Andheri Maharashtra India,Maharashtra,India
MH-83-11-2143,83,11,2,Andheri,Agricultural Machinery Distributor Near Me,Agricultural Machinery Distributor Near Me in Andheri Maharashtra India,Maharashtra,India
MH-83-12-2144,83,12,2,Andheri,Agricultural Equipment Wholesale Distributor,Agricultural Equipment Wholesale Distributor in Andheri Maharashtra India,Maharashtra,India
MH-83-13-2145,83,13,2,Andheri,Bulk Agricultural Machinery Supplier,Bulk Agricultural Machinery Supplier in Andheri Maharashtra India,Maharashtra,India
MH-83-14-2146,83,14,3,Andheri,Agricultural Machinery Marketplace,Agricultural Machinery Marketplace in Andheri Maharashtra India,Maharashtra,India
MH-83-15-2147,83,15,1,Andheri,Agricultural Machinery Procurement Company,Agricultural Machinery Procurement Company in Andheri Maharashtra India,Maharashtra,India
MH-83-16-2148,83,16,1,Andheri,Agricultural Equipment Sourcing Company,Agricultural Equipment Sourcing Company in Andheri Maharashtra India,Maharashtra,India
MH-83-17-2149,83,17,2,Andheri,Farm Machinery Wholesalers,Farm Machinery Wholesalers in Andheri Maharashtra India,Maharashtra,India
MH-83-18-2150,83,18,2,Andheri,Agricultural Machinery Supplier,Agricultural Machinery Supplier in Andheri Maharashtra India,Maharashtra,India
MH-83-19-2151,83,19,2,Andheri,Agricultural Machinery Distributor,Agricultural Machinery Distributor in Andheri Maharashtra India,Maharashtra,India
MH-83-20-2152,83,20,2,Andheri,Agricultural Machinery Dealer,Agricultural Machinery Dealer in Andheri Maharashtra India,Maharashtra,India
MH-83-21-2153,83,21,1,Andheri,Agricultural Equipment Exporter,Agricultural Equipment Exporter in Andheri Maharashtra India,Maharashtra,India
MH-83-22-2154,83,22,2,Andheri,Agricultural Machinery Wholesaler,Agricultural Machinery Wholesaler in Andheri Maharashtra India,Maharashtra,India
MH-83-23-2155,83,23,2,Andheri,Agricultural Machinery Trader,Agricultural Machinery Trader in Andheri Maharashtra India,Maharashtra,India
MH-83-24-2156,83,24,1,Andheri,Agricultural Machinery Manufacturer,Agricultural Machinery Manufacturer in Andheri Maharashtra India,Maharashtra,India
MH-83-25-2157,83,25,1,Andheri,Agricultural Equipment Procurement,Agricultural Equipment Procurement in Andheri Maharashtra India,Maharashtra,India
MH-83-26-2158,83,26,1,Andheri,Agricultural Machinery Importers,Agricultural Machinery Importers in Andheri Maharashtra India,Maharashtra,India
MH-84-01-2159,84,1,1,Bandra,Agricultural Machinery Exporters List,Agricultural Machinery Exporters List in Bandra Maharashtra India,Maharashtra,India
MH-84-02-2160,84,2,1,Bandra,Agricultural Equipment Manufacturers List,Agricultural Equipment Manufacturers List in Bandra Maharashtra India,Maharashtra,India
MH-84-03-2161,84,3,2,Bandra,Farm Equipment Dealers Directory,Farm Equipment Dealers Directory in Bandra Maharashtra India,Maharashtra,India
MH-84-04-2162,84,4,1,Bandra,Agricultural Machinery Importer Database,Agricultural Machinery Importer Database in Bandra Maharashtra India,Maharashtra,India
MH-84-05-2163,84,5,1,Bandra,Agricultural Equipment Buyer List,Agricultural Equipment Buyer List in Bandra Maharashtra India,Maharashtra,India
MH-84-06-2164,84,6,2,Bandra,Authorized Tractor Dealer,Authorized Tractor Dealer in Bandra Maharashtra India,Maharashtra,India
MH-84-07-2165,84,7,1,Bandra,Farm Machinery Exporter India,Farm Machinery Exporter India in Bandra Maharashtra India,Maharashtra,India
MH-84-08-2166,84,8,1,Bandra,Agricultural Machinery Import Export Company,Agricultural Machinery Import Export Company in Bandra Maharashtra India,Maharashtra,India
MH-84-09-2167,84,9,2,Bandra,Agricultural Equipment Tender Supplier,Agricultural Equipment Tender Supplier in Bandra Maharashtra India,Maharashtra,India
MH-84-10-2168,84,10,1,Bandra,Oem Agricultural Machinery Manufacturer,Oem Agricultural Machinery Manufacturer in Bandra Maharashtra India,Maharashtra,India
MH-84-11-2169,84,11,2,Bandra,Agricultural Machinery Distributor Near Me,Agricultural Machinery Distributor Near Me in Bandra Maharashtra India,Maharashtra,India
MH-84-12-2170,84,12,2,Bandra,Agricultural Equipment Wholesale Distributor,Agricultural Equipment Wholesale Distributor in Bandra Maharashtra India,Maharashtra,India
MH-84-13-2171,84,13,2,Bandra,Bulk Agricultural Machinery Supplier,Bulk Agricultural Machinery Supplier in Bandra Maharashtra India,Maharashtra,India
MH-84-14-2172,84,14,3,Bandra,Agricultural Machinery Marketplace,Agricultural Machinery Marketplace in Bandra Maharashtra India,Maharashtra,India
MH-84-15-2173,84,15,1,Bandra,Agricultural Machinery Procurement Company,Agricultural Machinery Procurement Company in Bandra Maharashtra India,Maharashtra,India
MH-84-16-2174,84,16,1,Bandra,Agricultural Equipment Sourcing Company,Agricultural Equipment Sourcing Company in Bandra Maharashtra India,Maharashtra,India
MH-84-17-2175,84,17,2,Bandra,Farm Machinery Wholesalers,Farm Machinery Wholesalers in Bandra Maharashtra India,Maharashtra,India
MH-84-18-2176,84,18,2,Bandra,Agricultural Machinery Supplier,Agricultural Machinery Supplier in Bandra Maharashtra India,Maharashtra,India
MH-84-19-2177,84,19,2,Bandra,Agricultural Machinery Distributor,Agricultural Machinery Distributor in Bandra Maharashtra India,Maharashtra,India
MH-84-20-2178,84,20,2,Bandra,Agricultural Machinery Dealer,Agricultural Machinery Dealer in Bandra Maharashtra India,Maharashtra,India
MH-84-21-2179,84,21,1,Bandra,Agricultural Equipment Exporter,Agricultural Equipment Exporter in Bandra Maharashtra India,Maharashtra,India
MH-84-22-2180,84,22,2,Bandra,Agricultural Machinery Wholesaler,Agricultural Machinery Wholesaler in Bandra Maharashtra India,Maharashtra,India
MH-84-23-2181,84,23,2,Bandra,Agricultural Machinery Trader,Agricultural Machinery Trader in Bandra Maharashtra India,Maharashtra,India
MH-84-24-2182,84,24,1,Bandra,Agricultural Machinery Manufacturer,Agricultural Machinery Manufacturer in Bandra Maharashtra India,Maharashtra,India
MH-84-25-2183,84,25,1,Bandra,Agricultural Equipment Procurement,Agricultural Equipment Procurement in Bandra Maharashtra India,Maharashtra,India
MH-84-26-2184,84,26,1,Bandra,Agricultural Machinery Importers,Agricultural Machinery Importers in Bandra Maharashtra India,Maharashtra,India
MH-85-01-2185,85,1,1,Goregaon,Agricultural Machinery Exporters List,Agricultural Machinery Exporters List in Goregaon Maharashtra India,Maharashtra,India
MH-85-02-2186,85,2,1,Goregaon,Agricultural Equipment Manufacturers List,Agricultural Equipment Manufacturers List in Goregaon Maharashtra India,Maharashtra,India
MH-85-03-2187,85,3,2,Goregaon,Farm Equipment Dealers Directory,Farm Equipment Dealers Directory in Goregaon Maharashtra India,Maharashtra,India
MH-85-04-2188,85,4,1,Goregaon,Agricultural Machinery Importer Database,Agricultural Machinery Importer Database in Goregaon Maharashtra India,Maharashtra,India
MH-85-05-2189,85,5,1,Goregaon,Agricultural Equipment Buyer List,Agricultural Equipment Buyer List in Goregaon Maharashtra India,Maharashtra,India
MH-85-06-2190,85,6,2,Goregaon,Authorized Tractor Dealer,Authorized Tractor Dealer in Goregaon Maharashtra India,Maharashtra,India
MH-85-07-2191,85,7,1,Goregaon,Farm Machinery Exporter India,Farm Machinery Exporter India in Goregaon Maharashtra India,Maharashtra,India
MH-85-08-2192,85,8,1,Goregaon,Agricultural Machinery Import Export Company,Agricultural Machinery Import Export Company in Goregaon Maharashtra India,Maharashtra,India
MH-85-09-2193,85,9,2,Goregaon,Agricultural Equipment Tender Supplier,Agricultural Equipment Tender Supplier in Goregaon Maharashtra India,Maharashtra,India
MH-85-10-2194,85,10,1,Goregaon,Oem Agricultural Machinery Manufacturer,Oem Agricultural Machinery Manufacturer in Goregaon Maharashtra India,Maharashtra,India
MH-85-11-2195,85,11,2,Goregaon,Agricultural Machinery Distributor Near Me,Agricultural Machinery Distributor Near Me in Goregaon Maharashtra India,Maharashtra,India
MH-85-12-2196,85,12,2,Goregaon,Agricultural Equipment Wholesale Distributor,Agricultural Equipment Wholesale Distributor in Goregaon Maharashtra India,Maharashtra,India
MH-85-13-2197,85,13,2,Goregaon,Bulk Agricultural Machinery Supplier,Bulk Agricultural Machinery Supplier in Goregaon Maharashtra India,Maharashtra,India
MH-85-14-2198,85,14,3,Goregaon,Agricultural Machinery Marketplace,Agricultural Machinery Marketplace in Goregaon Maharashtra India,Maharashtra,India
MH-85-15-2199,85,15,1,Goregaon,Agricultural Machinery Procurement Company,Agricultural Machinery Procurement Company in Goregaon Maharashtra India,Maharashtra,India
MH-85-16-2200,85,16,1,Goregaon,Agricultural Equipment Sourcing Company,Agricultural Equipment Sourcing Company in Goregaon Maharashtra India,Maharashtra,India
MH-85-17-2201,85,17,2,Goregaon,Farm Machinery Wholesalers,Farm Machinery Wholesalers in Goregaon Maharashtra India,Maharashtra,India
MH-85-18-2202,85,18,2,Goregaon,Agricultural Machinery Supplier,Agricultural Machinery Supplier in Goregaon Maharashtra India,Maharashtra,India
MH-85-19-2203,85,19,2,Goregaon,Agricultural Machinery Distributor,Agricultural Machinery Distributor in Goregaon Maharashtra India,Maharashtra,India
MH-85-20-2204,85,20,2,Goregaon,Agricultural Machinery Dealer,Agricultural Machinery Dealer in Goregaon Maharashtra India,Maharashtra,India
MH-85-21-2205,85,21,1,Goregaon,Agricultural Equipment Exporter,Agricultural Equipment Exporter in Goregaon Maharashtra India,Maharashtra,India
MH-85-22-2206,85,22,2,Goregaon,Agricultural Machinery Wholesaler,Agricultural Machinery Wholesaler in Goregaon Maharashtra India,Maharashtra,India
MH-85-23-2207,85,23,2,Goregaon,Agricultural Machinery Trader,Agricultural Machinery Trader in Goregaon Maharashtra India,Maharashtra,India
MH-85-24-2208,85,24,1,Goregaon,Agricultural Machinery Manufacturer,Agricultural Machinery Manufacturer in Goregaon Maharashtra India,Maharashtra,India
MH-85-25-2209,85,25,1,Goregaon,Agricultural Equipment Procurement,Agricultural Equipment Procurement in Goregaon Maharashtra India,Maharashtra,India
MH-85-26-2210,85,26,1,Goregaon,Agricultural Machinery Importers,Agricultural Machinery Importers in Goregaon Maharashtra India,Maharashtra,India
MH-86-01-2211,86,1,1,Borivali,Agricultural Machinery Exporters List,Agricultural Machinery Exporters List in Borivali Maharashtra India,Maharashtra,India
MH-86-02-2212,86,2,1,Borivali,Agricultural Equipment Manufacturers List,Agricultural Equipment Manufacturers List in Borivali Maharashtra India,Maharashtra,India
MH-86-03-2213,86,3,2,Borivali,Farm Equipment Dealers Directory,Farm Equipment Dealers Directory in Borivali Maharashtra India,Maharashtra,India
MH-86-04-2214,86,4,1,Borivali,Agricultural Machinery Importer Database,Agricultural Machinery Importer Database in Borivali Maharashtra India,Maharashtra,India
MH-86-05-2215,86,5,1,Borivali,Agricultural Equipment Buyer List,Agricultural Equipment Buyer List in Borivali Maharashtra India,Maharashtra,India
MH-86-06-2216,86,6,2,Borivali,Authorized Tractor Dealer,Authorized Tractor Dealer in Borivali Maharashtra India,Maharashtra,India
MH-86-07-2217,86,7,1,Borivali,Farm Machinery Exporter India,Farm Machinery Exporter India in Borivali Maharashtra India,Maharashtra,India
MH-86-08-2218,86,8,1,Borivali,Agricultural Machinery Import Export Company,Agricultural Machinery Import Export Company in Borivali Maharashtra India,Maharashtra,India
MH-86-09-2219,86,9,2,Borivali,Agricultural Equipment Tender Supplier,Agricultural Equipment Tender Supplier in Borivali Maharashtra India,Maharashtra,India
MH-86-10-2220,86,10,1,Borivali,Oem Agricultural Machinery Manufacturer,Oem Agricultural Machinery Manufacturer in Borivali Maharashtra India,Maharashtra,India
MH-86-11-2221,86,11,2,Borivali,Agricultural Machinery Distributor Near Me,Agricultural Machinery Distributor Near Me in Borivali Maharashtra India,Maharashtra,India
MH-86-12-2222,86,12,2,Borivali,Agricultural Equipment Wholesale Distributor,Agricultural Equipment Wholesale Distributor in Borivali Maharashtra India,Maharashtra,India
MH-86-13-2223,86,13,2,Borivali,Bulk Agricultural Machinery Supplier,Bulk Agricultural Machinery Supplier in Borivali Maharashtra India,Maharashtra,India
MH-86-14-2224,86,14,3,Borivali,Agricultural Machinery Marketplace,Agricultural Machinery Marketplace in Borivali Maharashtra India,Maharashtra,India
MH-86-15-2225,86,15,1,Borivali,Agricultural Machinery Procurement Company,Agricultural Machinery Procurement Company in Borivali Maharashtra India,Maharashtra,India
MH-86-16-2226,86,16,1,Borivali,Agricultural Equipment Sourcing Company,Agricultural Equipment Sourcing Company in Borivali Maharashtra India,Maharashtra,India
MH-86-17-2227,86,17,2,Borivali,Farm Machinery Wholesalers,Farm Machinery Wholesalers in Borivali Maharashtra India,Maharashtra,India
MH-86-18-2228,86,18,2,Borivali,Agricultural Machinery Supplier,Agricultural Machinery Supplier in Borivali Maharashtra India,Maharashtra,India
MH-86-19-2229,86,19,2,Borivali,Agricultural Machinery Distributor,Agricultural Machinery Distributor in Borivali Maharashtra India,Maharashtra,India
MH-86-20-2230,86,20,2,Borivali,Agricultural Machinery Dealer,Agricultural Machinery Dealer in Borivali Maharashtra India,Maharashtra,India
MH-86-21-2231,86,21,1,Borivali,Agricultural Equipment Exporter,Agricultural Equipment Exporter in Borivali Maharashtra India,Maharashtra,India
MH-86-22-2232,86,22,2,Borivali,Agricultural Machinery Wholesaler,Agricultural Machinery Wholesaler in Borivali Maharashtra India,Maharashtra,India
MH-86-23-2233,86,23,2,Borivali,Agricultural Machinery Trader,Agricultural Machinery Trader in Borivali Maharashtra India,Maharashtra,India
MH-86-24-2234,86,24,1,Borivali,Agricultural Machinery Manufacturer,Agricultural Machinery Manufacturer in Borivali Maharashtra India,Maharashtra,India
MH-86-25-2235,86,25,1,Borivali,Agricultural Equipment Procurement,Agricultural Equipment Procurement in Borivali Maharashtra India,Maharashtra,India
MH-86-26-2236,86,26,1,Borivali,Agricultural Machinery Importers,Agricultural Machinery Importers in Borivali Maharashtra India,Maharashtra,India
MH-87-01-2237,87,1,1,Nagpur,Agricultural Machinery Exporters List,Agricultural Machinery Exporters List in Nagpur Maharashtra India,Maharashtra,India
MH-87-02-2238,87,2,1,Nagpur,Agricultural Equipment Manufacturers List,Agricultural Equipment Manufacturers List in Nagpur Maharashtra India,Maharashtra,India
MH-87-03-2239,87,3,2,Nagpur,Farm Equipment Dealers Directory,Farm Equipment Dealers Directory in Nagpur Maharashtra India,Maharashtra,India
MH-87-04-2240,87,4,1,Nagpur,Agricultural Machinery Importer Database,Agricultural Machinery Importer Database in Nagpur Maharashtra India,Maharashtra,India
MH-87-05-2241,87,5,1,Nagpur,Agricultural Equipment Buyer List,Agricultural Equipment Buyer List in Nagpur Maharashtra India,Maharashtra,India
MH-87-06-2242,87,6,2,Nagpur,Authorized Tractor Dealer,Authorized Tractor Dealer in Nagpur Maharashtra India,Maharashtra,India
MH-87-07-2243,87,7,1,Nagpur,Farm Machinery Exporter India,Farm Machinery Exporter India in Nagpur Maharashtra India,Maharashtra,India
MH-87-08-2244,87,8,1,Nagpur,Agricultural Machinery Import Export Company,Agricultural Machinery Import Export Company in Nagpur Maharashtra India,Maharashtra,India
MH-87-09-2245,87,9,2,Nagpur,Agricultural Equipment Tender Supplier,Agricultural Equipment Tender Supplier in Nagpur Maharashtra India,Maharashtra,India
MH-87-10-2246,87,10,1,Nagpur,Oem Agricultural Machinery Manufacturer,Oem Agricultural Machinery Manufacturer in Nagpur Maharashtra India,Maharashtra,India
MH-87-11-2247,87,11,2,Nagpur,Agricultural Machinery Distributor Near Me,Agricultural Machinery Distributor Near Me in Nagpur Maharashtra India,Maharashtra,India
MH-87-12-2248,87,12,2,Nagpur,Agricultural Equipment Wholesale Distributor,Agricultural Equipment Wholesale Distributor in Nagpur Maharashtra India,Maharashtra,India
MH-87-13-2249,87,13,2,Nagpur,Bulk Agricultural Machinery Supplier,Bulk Agricultural Machinery Supplier in Nagpur Maharashtra India,Maharashtra,India
MH-87-14-2250,87,14,3,Nagpur,Agricultural Machinery Marketplace,Agricultural Machinery Marketplace in Nagpur Maharashtra India,Maharashtra,India
MH-87-15-2251,87,15,1,Nagpur,Agricultural Machinery Procurement Company,Agricultural Machinery Procurement Company in Nagpur Maharashtra India,Maharashtra,India
MH-87-16-2252,87,16,1,Nagpur,Agricultural Equipment Sourcing Company,Agricultural Equipment Sourcing Company in Nagpur Maharashtra India,Maharashtra,India
MH-87-17-2253,87,17,2,Nagpur,Farm Machinery Wholesalers,Farm Machinery Wholesalers in Nagpur Maharashtra India,Maharashtra,India
MH-87-18-2254,87,18,2,Nagpur,Agricultural Machinery Supplier,Agricultural Machinery Supplier in Nagpur Maharashtra India,Maharashtra,India
MH-87-19-2255,87,19,2,Nagpur,Agricultural Machinery Distributor,Agricultural Machinery Distributor in Nagpur Maharashtra India,Maharashtra,India
MH-87-20-2256,87,20,2,Nagpur,Agricultural Machinery Dealer,Agricultural Machinery Dealer in Nagpur Maharashtra India,Maharashtra,India
MH-87-21-2257,87,21,1,Nagpur,Agricultural Equipment Exporter,Agricultural Equipment Exporter in Nagpur Maharashtra India,Maharashtra,India
MH-87-22-2258,87,22,2,Nagpur,Agricultural Machinery Wholesaler,Agricultural Machinery Wholesaler in Nagpur Maharashtra India,Maharashtra,India
MH-87-23-2259,87,23,2,Nagpur,Agricultural Machinery Trader,Agricultural Machinery Trader in Nagpur Maharashtra India,Maharashtra,India
MH-87-24-2260,87,24,1,Nagpur,Agricultural Machinery Manufacturer,Agricultural Machinery Manufacturer in Nagpur Maharashtra India,Maharashtra,India
MH-87-25-2261,87,25,1,Nagpur,Agricultural Equipment Procurement,Agricultural Equipment Procurement in Nagpur Maharashtra India,Maharashtra,India
MH-87-26-2262,87,26,1,Nagpur,Agricultural Machinery Importers,Agricultural Machinery Importers in Nagpur Maharashtra India,Maharashtra,India
MH-88-01-2263,88,1,1,Kamptee,Agricultural Machinery Exporters List,Agricultural Machinery Exporters List in Kamptee Maharashtra India,Maharashtra,India
MH-88-02-2264,88,2,1,Kamptee,Agricultural Equipment Manufacturers List,Agricultural Equipment Manufacturers List in Kamptee Maharashtra India,Maharashtra,India
MH-88-03-2265,88,3,2,Kamptee,Farm Equipment Dealers Directory,Farm Equipment Dealers Directory in Kamptee Maharashtra India,Maharashtra,India
MH-88-04-2266,88,4,1,Kamptee,Agricultural Machinery Importer Database,Agricultural Machinery Importer Database in Kamptee Maharashtra India,Maharashtra,India
MH-88-05-2267,88,5,1,Kamptee,Agricultural Equipment Buyer List,Agricultural Equipment Buyer List in Kamptee Maharashtra India,Maharashtra,India
MH-88-06-2268,88,6,2,Kamptee,Authorized Tractor Dealer,Authorized Tractor Dealer in Kamptee Maharashtra India,Maharashtra,India
MH-88-07-2269,88,7,1,Kamptee,Farm Machinery Exporter India,Farm Machinery Exporter India in Kamptee Maharashtra India,Maharashtra,India
MH-88-08-2270,88,8,1,Kamptee,Agricultural Machinery Import Export Company,Agricultural Machinery Import Export Company in Kamptee Maharashtra India,Maharashtra,India
MH-88-09-2271,88,9,2,Kamptee,Agricultural Equipment Tender Supplier,Agricultural Equipment Tender Supplier in Kamptee Maharashtra India,Maharashtra,India
MH-88-10-2272,88,10,1,Kamptee,Oem Agricultural Machinery Manufacturer,Oem Agricultural Machinery Manufacturer in Kamptee Maharashtra India,Maharashtra,India
MH-88-11-2273,88,11,2,Kamptee,Agricultural Machinery Distributor Near Me,Agricultural Machinery Distributor Near Me in Kamptee Maharashtra India,Maharashtra,India
MH-88-12-2274,88,12,2,Kamptee,Agricultural Equipment Wholesale Distributor,Agricultural Equipment Wholesale Distributor in Kamptee Maharashtra India,Maharashtra,India
MH-88-13-2275,88,13,2,Kamptee,Bulk Agricultural Machinery Supplier,Bulk Agricultural Machinery Supplier in Kamptee Maharashtra India,Maharashtra,India
MH-88-14-2276,88,14,3,Kamptee,Agricultural Machinery Marketplace,Agricultural Machinery Marketplace in Kamptee Maharashtra India,Maharashtra,India
MH-88-15-2277,88,15,1,Kamptee,Agricultural Machinery Procurement Company,Agricultural Machinery Procurement Company in Kamptee Maharashtra India,Maharashtra,India
MH-88-16-2278,88,16,1,Kamptee,Agricultural Equipment Sourcing Company,Agricultural Equipment Sourcing Company in Kamptee Maharashtra India,Maharashtra,India
MH-88-17-2279,88,17,2,Kamptee,Farm Machinery Wholesalers,Farm Machinery Wholesalers in Kamptee Maharashtra India,Maharashtra,India
MH-88-18-2280,88,18,2,Kamptee,Agricultural Machinery Supplier,Agricultural Machinery Supplier in Kamptee Maharashtra India,Maharashtra,India
MH-88-19-2281,88,19,2,Kamptee,Agricultural Machinery Distributor,Agricultural Machinery Distributor in Kamptee Maharashtra India,Maharashtra,India
MH-88-20-2282,88,20,2,Kamptee,Agricultural Machinery Dealer,Agricultural Machinery Dealer in Kamptee Maharashtra India,Maharashtra,India
MH-88-21-2283,88,21,1,Kamptee,Agricultural Equipment Exporter,Agricultural Equipment Exporter in Kamptee Maharashtra India,Maharashtra,India
MH-88-22-2284,88,22,2,Kamptee,Agricultural Machinery Wholesaler,Agricultural Machinery Wholesaler in Kamptee Maharashtra India,Maharashtra,India
MH-88-23-2285,88,23,2,Kamptee,Agricultural Machinery Trader,Agricultural Machinery Trader in Kamptee Maharashtra India,Maharashtra,India
MH-88-24-2286,88,24,1,Kamptee,Agricultural Machinery Manufacturer,Agricultural Machinery Manufacturer in Kamptee Maharashtra India,Maharashtra,India
MH-88-25-2287,88,25,1,Kamptee,Agricultural Equipment Procurement,Agricultural Equipment Procurement in Kamptee Maharashtra India,Maharashtra,India
MH-88-26-2288,88,26,1,Kamptee,Agricultural Machinery Importers,Agricultural Machinery Importers in Kamptee Maharashtra India,Maharashtra,India
MH-89-01-2289,89,1,1,Hingna,Agricultural Machinery Exporters List,Agricultural Machinery Exporters List in Hingna Maharashtra India,Maharashtra,India
MH-89-02-2290,89,2,1,Hingna,Agricultural Equipment Manufacturers List,Agricultural Equipment Manufacturers List in Hingna Maharashtra India,Maharashtra,India
MH-89-03-2291,89,3,2,Hingna,Farm Equipment Dealers Directory,Farm Equipment Dealers Directory in Hingna Maharashtra India,Maharashtra,India
MH-89-04-2292,89,4,1,Hingna,Agricultural Machinery Importer Database,Agricultural Machinery Importer Database in Hingna Maharashtra India,Maharashtra,India
MH-89-05-2293,89,5,1,Hingna,Agricultural Equipment Buyer List,Agricultural Equipment Buyer List in Hingna Maharashtra India,Maharashtra,India
MH-89-06-2294,89,6,2,Hingna,Authorized Tractor Dealer,Authorized Tractor Dealer in Hingna Maharashtra India,Maharashtra,India
MH-89-07-2295,89,7,1,Hingna,Farm Machinery Exporter India,Farm Machinery Exporter India in Hingna Maharashtra India,Maharashtra,India
MH-89-08-2296,89,8,1,Hingna,Agricultural Machinery Import Export Company,Agricultural Machinery Import Export Company in Hingna Maharashtra India,Maharashtra,India
MH-89-09-2297,89,9,2,Hingna,Agricultural Equipment Tender Supplier,Agricultural Equipment Tender Supplier in Hingna Maharashtra India,Maharashtra,India
MH-89-10-2298,89,10,1,Hingna,Oem Agricultural Machinery Manufacturer,Oem Agricultural Machinery Manufacturer in Hingna Maharashtra India,Maharashtra,India
MH-89-11-2299,89,11,2,Hingna,Agricultural Machinery Distributor Near Me,Agricultural Machinery Distributor Near Me in Hingna Maharashtra India,Maharashtra,India
MH-89-12-2300,89,12,2,Hingna,Agricultural Equipment Wholesale Distributor,Agricultural Equipment Wholesale Distributor in Hingna Maharashtra India,Maharashtra,India
MH-89-13-2301,89,13,2,Hingna,Bulk Agricultural Machinery Supplier,Bulk Agricultural Machinery Supplier in Hingna Maharashtra India,Maharashtra,India
MH-89-14-2302,89,14,3,Hingna,Agricultural Machinery Marketplace,Agricultural Machinery Marketplace in Hingna Maharashtra India,Maharashtra,India
MH-89-15-2303,89,15,1,Hingna,Agricultural Machinery Procurement Company,Agricultural Machinery Procurement Company in Hingna Maharashtra India,Maharashtra,India
MH-89-16-2304,89,16,1,Hingna,Agricultural Equipment Sourcing Company,Agricultural Equipment Sourcing Company in Hingna Maharashtra India,Maharashtra,India
MH-89-17-2305,89,17,2,Hingna,Farm Machinery Wholesalers,Farm Machinery Wholesalers in Hingna Maharashtra India,Maharashtra,India
MH-89-18-2306,89,18,2,Hingna,Agricultural Machinery Supplier,Agricultural Machinery Supplier in Hingna Maharashtra India,Maharashtra,India
MH-89-19-2307,89,19,2,Hingna,Agricultural Machinery Distributor,Agricultural Machinery Distributor in Hingna Maharashtra India,Maharashtra,India
MH-89-20-2308,89,20,2,Hingna,Agricultural Machinery Dealer,Agricultural Machinery Dealer in Hingna Maharashtra India,Maharashtra,India
MH-89-21-2309,89,21,1,Hingna,Agricultural Equipment Exporter,Agricultural Equipment Exporter in Hingna Maharashtra India,Maharashtra,India
MH-89-22-2310,89,22,2,Hingna,Agricultural Machinery Wholesaler,Agricultural Machinery Wholesaler in Hingna Maharashtra India,Maharashtra,India
MH-89-23-2311,89,23,2,Hingna,Agricultural Machinery Trader,Agricultural Machinery Trader in Hingna Maharashtra India,Maharashtra,India
MH-89-24-2312,89,24,1,Hingna,Agricultural Machinery Manufacturer,Agricultural Machinery Manufacturer in Hingna Maharashtra India,Maharashtra,India
MH-89-25-2313,89,25,1,Hingna,Agricultural Equipment Procurement,Agricultural Equipment Procurement in Hingna Maharashtra India,Maharashtra,India
MH-89-26-2314,89,26,1,Hingna,Agricultural Machinery Importers,Agricultural Machinery Importers in Hingna Maharashtra India,Maharashtra,India
MH-90-01-2315,90,1,1,Umred,Agricultural Machinery Exporters List,Agricultural Machinery Exporters List in Umred Maharashtra India,Maharashtra,India
MH-90-02-2316,90,2,1,Umred,Agricultural Equipment Manufacturers List,Agricultural Equipment Manufacturers List in Umred Maharashtra India,Maharashtra,India
MH-90-03-2317,90,3,2,Umred,Farm Equipment Dealers Directory,Farm Equipment Dealers Directory in Umred Maharashtra India,Maharashtra,India
MH-90-04-2318,90,4,1,Umred,Agricultural Machinery Importer Database,Agricultural Machinery Importer Database in Umred Maharashtra India,Maharashtra,India
MH-90-05-2319,90,5,1,Umred,Agricultural Equipment Buyer List,Agricultural Equipment Buyer List in Umred Maharashtra India,Maharashtra,India
MH-90-06-2320,90,6,2,Umred,Authorized Tractor Dealer,Authorized Tractor Dealer in Umred Maharashtra India,Maharashtra,India
MH-90-07-2321,90,7,1,Umred,Farm Machinery Exporter India,Farm Machinery Exporter India in Umred Maharashtra India,Maharashtra,India
MH-90-08-2322,90,8,1,Umred,Agricultural Machinery Import Export Company,Agricultural Machinery Import Export Company in Umred Maharashtra India,Maharashtra,India
MH-90-09-2323,90,9,2,Umred,Agricultural Equipment Tender Supplier,Agricultural Equipment Tender Supplier in Umred Maharashtra India,Maharashtra,India
MH-90-10-2324,90,10,1,Umred,Oem Agricultural Machinery Manufacturer,Oem Agricultural Machinery Manufacturer in Umred Maharashtra India,Maharashtra,India
MH-90-11-2325,90,11,2,Umred,Agricultural Machinery Distributor Near Me,Agricultural Machinery Distributor Near Me in Umred Maharashtra India,Maharashtra,India
MH-90-12-2326,90,12,2,Umred,Agricultural Equipment Wholesale Distributor,Agricultural Equipment Wholesale Distributor in Umred Maharashtra India,Maharashtra,India
MH-90-13-2327,90,13,2,Umred,Bulk Agricultural Machinery Supplier,Bulk Agricultural Machinery Supplier in Umred Maharashtra India,Maharashtra,India
MH-90-14-2328,90,14,3,Umred,Agricultural Machinery Marketplace,Agricultural Machinery Marketplace in Umred Maharashtra India,Maharashtra,India
MH-90-15-2329,90,15,1,Umred,Agricultural Machinery Procurement Company,Agricultural Machinery Procurement Company in Umred Maharashtra India,Maharashtra,India
MH-90-16-2330,90,16,1,Umred,Agricultural Equipment Sourcing Company,Agricultural Equipment Sourcing Company in Umred Maharashtra India,Maharashtra,India
MH-90-17-2331,90,17,2,Umred,Farm Machinery Wholesalers,Farm Machinery Wholesalers in Umred Maharashtra India,Maharashtra,India
MH-90-18-2332,90,18,2,Umred,Agricultural Machinery Supplier,Agricultural Machinery Supplier in Umred Maharashtra India,Maharashtra,India
MH-90-19-2333,90,19,2,Umred,Agricultural Machinery Distributor,Agricultural Machinery Distributor in Umred Maharashtra India,Maharashtra,India
MH-90-20-2334,90,20,2,Umred,Agricultural Machinery Dealer,Agricultural Machinery Dealer in Umred Maharashtra India,Maharashtra,India
MH-90-21-2335,90,21,1,Umred,Agricultural Equipment Exporter,Agricultural Equipment Exporter in Umred Maharashtra India,Maharashtra,India
MH-90-22-2336,90,22,2,Umred,Agricultural Machinery Wholesaler,Agricultural Machinery Wholesaler in Umred Maharashtra India,Maharashtra,India
MH-90-23-2337,90,23,2,Umred,Agricultural Machinery Trader,Agricultural Machinery Trader in Umred Maharashtra India,Maharashtra,India
MH-90-24-2338,90,24,1,Umred,Agricultural Machinery Manufacturer,Agricultural Machinery Manufacturer in Umred Maharashtra India,Maharashtra,India
MH-90-25-2339,90,25,1,Umred,Agricultural Equipment Procurement,Agricultural Equipment Procurement in Umred Maharashtra India,Maharashtra,India
MH-90-26-2340,90,26,1,Umred,Agricultural Machinery Importers,Agricultural Machinery Importers in Umred Maharashtra India,Maharashtra,India
MH-91-01-2341,91,1,1,Nanded,Agricultural Machinery Exporters List,Agricultural Machinery Exporters List in Nanded Maharashtra India,Maharashtra,India
MH-91-02-2342,91,2,1,Nanded,Agricultural Equipment Manufacturers List,Agricultural Equipment Manufacturers List in Nanded Maharashtra India,Maharashtra,India
MH-91-03-2343,91,3,2,Nanded,Farm Equipment Dealers Directory,Farm Equipment Dealers Directory in Nanded Maharashtra India,Maharashtra,India
MH-91-04-2344,91,4,1,Nanded,Agricultural Machinery Importer Database,Agricultural Machinery Importer Database in Nanded Maharashtra India,Maharashtra,India
MH-91-05-2345,91,5,1,Nanded,Agricultural Equipment Buyer List,Agricultural Equipment Buyer List in Nanded Maharashtra India,Maharashtra,India
MH-91-06-2346,91,6,2,Nanded,Authorized Tractor Dealer,Authorized Tractor Dealer in Nanded Maharashtra India,Maharashtra,India
MH-91-07-2347,91,7,1,Nanded,Farm Machinery Exporter India,Farm Machinery Exporter India in Nanded Maharashtra India,Maharashtra,India
MH-91-08-2348,91,8,1,Nanded,Agricultural Machinery Import Export Company,Agricultural Machinery Import Export Company in Nanded Maharashtra India,Maharashtra,India
MH-91-09-2349,91,9,2,Nanded,Agricultural Equipment Tender Supplier,Agricultural Equipment Tender Supplier in Nanded Maharashtra India,Maharashtra,India
MH-91-10-2350,91,10,1,Nanded,Oem Agricultural Machinery Manufacturer,Oem Agricultural Machinery Manufacturer in Nanded Maharashtra India,Maharashtra,India
MH-91-11-2351,91,11,2,Nanded,Agricultural Machinery Distributor Near Me,Agricultural Machinery Distributor Near Me in Nanded Maharashtra India,Maharashtra,India
MH-91-12-2352,91,12,2,Nanded,Agricultural Equipment Wholesale Distributor,Agricultural Equipment Wholesale Distributor in Nanded Maharashtra India,Maharashtra,India
MH-91-13-2353,91,13,2,Nanded,Bulk Agricultural Machinery Supplier,Bulk Agricultural Machinery Supplier in Nanded Maharashtra India,Maharashtra,India
MH-91-14-2354,91,14,3,Nanded,Agricultural Machinery Marketplace,Agricultural Machinery Marketplace in Nanded Maharashtra India,Maharashtra,India
MH-91-15-2355,91,15,1,Nanded,Agricultural Machinery Procurement Company,Agricultural Machinery Procurement Company in Nanded Maharashtra India,Maharashtra,India
MH-91-16-2356,91,16,1,Nanded,Agricultural Equipment Sourcing Company,Agricultural Equipment Sourcing Company in Nanded Maharashtra India,Maharashtra,India
MH-91-17-2357,91,17,2,Nanded,Farm Machinery Wholesalers,Farm Machinery Wholesalers in Nanded Maharashtra India,Maharashtra,India
MH-91-18-2358,91,18,2,Nanded,Agricultural Machinery Supplier,Agricultural Machinery Supplier in Nanded Maharashtra India,Maharashtra,India
MH-91-19-2359,91,19,2,Nanded,Agricultural Machinery Distributor,Agricultural Machinery Distributor in Nanded Maharashtra India,Maharashtra,India
MH-91-20-2360,91,20,2,Nanded,Agricultural Machinery Dealer,Agricultural Machinery Dealer in Nanded Maharashtra India,Maharashtra,India
MH-91-21-2361,91,21,1,Nanded,Agricultural Equipment Exporter,Agricultural Equipment Exporter in Nanded Maharashtra India,Maharashtra,India
MH-91-22-2362,91,22,2,Nanded,Agricultural Machinery Wholesaler,Agricultural Machinery Wholesaler in Nanded Maharashtra India,Maharashtra,India
MH-91-23-2363,91,23,2,Nanded,Agricultural Machinery Trader,Agricultural Machinery Trader in Nanded Maharashtra India,Maharashtra,India
MH-91-24-2364,91,24,1,Nanded,Agricultural Machinery Manufacturer,Agricultural Machinery Manufacturer in Nanded Maharashtra India,Maharashtra,India
MH-91-25-2365,91,25,1,Nanded,Agricultural Equipment Procurement,Agricultural Equipment Procurement in Nanded Maharashtra India,Maharashtra,India
MH-91-26-2366,91,26,1,Nanded,Agricultural Machinery Importers,Agricultural Machinery Importers in Nanded Maharashtra India,Maharashtra,India
MH-92-01-2367,92,1,1,Deglur,Agricultural Machinery Exporters List,Agricultural Machinery Exporters List in Deglur Maharashtra India,Maharashtra,India
MH-92-02-2368,92,2,1,Deglur,Agricultural Equipment Manufacturers List,Agricultural Equipment Manufacturers List in Deglur Maharashtra India,Maharashtra,India
MH-92-03-2369,92,3,2,Deglur,Farm Equipment Dealers Directory,Farm Equipment Dealers Directory in Deglur Maharashtra India,Maharashtra,India
MH-92-04-2370,92,4,1,Deglur,Agricultural Machinery Importer Database,Agricultural Machinery Importer Database in Deglur Maharashtra India,Maharashtra,India
MH-92-05-2371,92,5,1,Deglur,Agricultural Equipment Buyer List,Agricultural Equipment Buyer List in Deglur Maharashtra India,Maharashtra,India
MH-92-06-2372,92,6,2,Deglur,Authorized Tractor Dealer,Authorized Tractor Dealer in Deglur Maharashtra India,Maharashtra,India
MH-92-07-2373,92,7,1,Deglur,Farm Machinery Exporter India,Farm Machinery Exporter India in Deglur Maharashtra India,Maharashtra,India
MH-92-08-2374,92,8,1,Deglur,Agricultural Machinery Import Export Company,Agricultural Machinery Import Export Company in Deglur Maharashtra India,Maharashtra,India
MH-92-09-2375,92,9,2,Deglur,Agricultural Equipment Tender Supplier,Agricultural Equipment Tender Supplier in Deglur Maharashtra India,Maharashtra,India
MH-92-10-2376,92,10,1,Deglur,Oem Agricultural Machinery Manufacturer,Oem Agricultural Machinery Manufacturer in Deglur Maharashtra India,Maharashtra,India
MH-92-11-2377,92,11,2,Deglur,Agricultural Machinery Distributor Near Me,Agricultural Machinery Distributor Near Me in Deglur Maharashtra India,Maharashtra,India
MH-92-12-2378,92,12,2,Deglur,Agricultural Equipment Wholesale Distributor,Agricultural Equipment Wholesale Distributor in Deglur Maharashtra India,Maharashtra,India
MH-92-13-2379,92,13,2,Deglur,Bulk Agricultural Machinery Supplier,Bulk Agricultural Machinery Supplier in Deglur Maharashtra India,Maharashtra,India
MH-92-14-2380,92,14,3,Deglur,Agricultural Machinery Marketplace,Agricultural Machinery Marketplace in Deglur Maharashtra India,Maharashtra,India
MH-92-15-2381,92,15,1,Deglur,Agricultural Machinery Procurement Company,Agricultural Machinery Procurement Company in Deglur Maharashtra India,Maharashtra,India
MH-92-16-2382,92,16,1,Deglur,Agricultural Equipment Sourcing Company,Agricultural Equipment Sourcing Company in Deglur Maharashtra India,Maharashtra,India
MH-92-17-2383,92,17,2,Deglur,Farm Machinery Wholesalers,Farm Machinery Wholesalers in Deglur Maharashtra India,Maharashtra,India
MH-92-18-2384,92,18,2,Deglur,Agricultural Machinery Supplier,Agricultural Machinery Supplier in Deglur Maharashtra India,Maharashtra,India
MH-92-19-2385,92,19,2,Deglur,Agricultural Machinery Distributor,Agricultural Machinery Distributor in Deglur Maharashtra India,Maharashtra,India
MH-92-20-2386,92,20,2,Deglur,Agricultural Machinery Dealer,Agricultural Machinery Dealer in Deglur Maharashtra India,Maharashtra,India
MH-92-21-2387,92,21,1,Deglur,Agricultural Equipment Exporter,Agricultural Equipment Exporter in Deglur Maharashtra India,Maharashtra,India
MH-92-22-2388,92,22,2,Deglur,Agricultural Machinery Wholesaler,Agricultural Machinery Wholesaler in Deglur Maharashtra India,Maharashtra,India
MH-92-23-2389,92,23,2,Deglur,Agricultural Machinery Trader,Agricultural Machinery Trader in Deglur Maharashtra India,Maharashtra,India
MH-92-24-2390,92,24,1,Deglur,Agricultural Machinery Manufacturer,Agricultural Machinery Manufacturer in Deglur Maharashtra India,Maharashtra,India
MH-92-25-2391,92,25,1,Deglur,Agricultural Equipment Procurement,Agricultural Equipment Procurement in Deglur Maharashtra India,Maharashtra,India
MH-92-26-2392,92,26,1,Deglur,Agricultural Machinery Importers,Agricultural Machinery Importers in Deglur Maharashtra India,Maharashtra,India
MH-93-01-2393,93,1,1,Mukhed,Agricultural Machinery Exporters List,Agricultural Machinery Exporters List in Mukhed Maharashtra India,Maharashtra,India
MH-93-02-2394,93,2,1,Mukhed,Agricultural Equipment Manufacturers List,Agricultural Equipment Manufacturers List in Mukhed Maharashtra India,Maharashtra,India
MH-93-03-2395,93,3,2,Mukhed,Farm Equipment Dealers Directory,Farm Equipment Dealers Directory in Mukhed Maharashtra India,Maharashtra,India
MH-93-04-2396,93,4,1,Mukhed,Agricultural Machinery Importer Database,Agricultural Machinery Importer Database in Mukhed Maharashtra India,Maharashtra,India
MH-93-05-2397,93,5,1,Mukhed,Agricultural Equipment Buyer List,Agricultural Equipment Buyer List in Mukhed Maharashtra India,Maharashtra,India
MH-93-06-2398,93,6,2,Mukhed,Authorized Tractor Dealer,Authorized Tractor Dealer in Mukhed Maharashtra India,Maharashtra,India
MH-93-07-2399,93,7,1,Mukhed,Farm Machinery Exporter India,Farm Machinery Exporter India in Mukhed Maharashtra India,Maharashtra,India
MH-93-08-2400,93,8,1,Mukhed,Agricultural Machinery Import Export Company,Agricultural Machinery Import Export Company in Mukhed Maharashtra India,Maharashtra,India
MH-93-09-2401,93,9,2,Mukhed,Agricultural Equipment Tender Supplier,Agricultural Equipment Tender Supplier in Mukhed Maharashtra India,Maharashtra,India
MH-93-10-2402,93,10,1,Mukhed,Oem Agricultural Machinery Manufacturer,Oem Agricultural Machinery Manufacturer in Mukhed Maharashtra India,Maharashtra,India
MH-93-11-2403,93,11,2,Mukhed,Agricultural Machinery Distributor Near Me,Agricultural Machinery Distributor Near Me in Mukhed Maharashtra India,Maharashtra,India
MH-93-12-2404,93,12,2,Mukhed,Agricultural Equipment Wholesale Distributor,Agricultural Equipment Wholesale Distributor in Mukhed Maharashtra India,Maharashtra,India
MH-93-13-2405,93,13,2,Mukhed,Bulk Agricultural Machinery Supplier,Bulk Agricultural Machinery Supplier in Mukhed Maharashtra India,Maharashtra,India
MH-93-14-2406,93,14,3,Mukhed,Agricultural Machinery Marketplace,Agricultural Machinery Marketplace in Mukhed Maharashtra India,Maharashtra,India
MH-93-15-2407,93,15,1,Mukhed,Agricultural Machinery Procurement Company,Agricultural Machinery Procurement Company in Mukhed Maharashtra India,Maharashtra,India
MH-93-16-2408,93,16,1,Mukhed,Agricultural Equipment Sourcing Company,Agricultural Equipment Sourcing Company in Mukhed Maharashtra India,Maharashtra,India
MH-93-17-2409,93,17,2,Mukhed,Farm Machinery Wholesalers,Farm Machinery Wholesalers in Mukhed Maharashtra India,Maharashtra,India
MH-93-18-2410,93,18,2,Mukhed,Agricultural Machinery Supplier,Agricultural Machinery Supplier in Mukhed Maharashtra India,Maharashtra,India
MH-93-19-2411,93,19,2,Mukhed,Agricultural Machinery Distributor,Agricultural Machinery Distributor in Mukhed Maharashtra India,Maharashtra,India
MH-93-20-2412,93,20,2,Mukhed,Agricultural Machinery Dealer,Agricultural Machinery Dealer in Mukhed Maharashtra India,Maharashtra,India
MH-93-21-2413,93,21,1,Mukhed,Agricultural Equipment Exporter,Agricultural Equipment Exporter in Mukhed Maharashtra India,Maharashtra,India
MH-93-22-2414,93,22,2,Mukhed,Agricultural Machinery Wholesaler,Agricultural Machinery Wholesaler in Mukhed Maharashtra India,Maharashtra,India
MH-93-23-2415,93,23,2,Mukhed,Agricultural Machinery Trader,Agricultural Machinery Trader in Mukhed Maharashtra India,Maharashtra,India
MH-93-24-2416,93,24,1,Mukhed,Agricultural Machinery Manufacturer,Agricultural Machinery Manufacturer in Mukhed Maharashtra India,Maharashtra,India
MH-93-25-2417,93,25,1,Mukhed,Agricultural Equipment Procurement,Agricultural Equipment Procurement in Mukhed Maharashtra India,Maharashtra,India
MH-93-26-2418,93,26,1,Mukhed,Agricultural Machinery Importers,Agricultural Machinery Importers in Mukhed Maharashtra India,Maharashtra,India
MH-94-01-2419,94,1,1,Kinwat,Agricultural Machinery Exporters List,Agricultural Machinery Exporters List in Kinwat Maharashtra India,Maharashtra,India
MH-94-02-2420,94,2,1,Kinwat,Agricultural Equipment Manufacturers List,Agricultural Equipment Manufacturers List in Kinwat Maharashtra India,Maharashtra,India
MH-94-03-2421,94,3,2,Kinwat,Farm Equipment Dealers Directory,Farm Equipment Dealers Directory in Kinwat Maharashtra India,Maharashtra,India
MH-94-04-2422,94,4,1,Kinwat,Agricultural Machinery Importer Database,Agricultural Machinery Importer Database in Kinwat Maharashtra India,Maharashtra,India
MH-94-05-2423,94,5,1,Kinwat,Agricultural Equipment Buyer List,Agricultural Equipment Buyer List in Kinwat Maharashtra India,Maharashtra,India
MH-94-06-2424,94,6,2,Kinwat,Authorized Tractor Dealer,Authorized Tractor Dealer in Kinwat Maharashtra India,Maharashtra,India
MH-94-07-2425,94,7,1,Kinwat,Farm Machinery Exporter India,Farm Machinery Exporter India in Kinwat Maharashtra India,Maharashtra,India
MH-94-08-2426,94,8,1,Kinwat,Agricultural Machinery Import Export Company,Agricultural Machinery Import Export Company in Kinwat Maharashtra India,Maharashtra,India
MH-94-09-2427,94,9,2,Kinwat,Agricultural Equipment Tender Supplier,Agricultural Equipment Tender Supplier in Kinwat Maharashtra India,Maharashtra,India
MH-94-10-2428,94,10,1,Kinwat,Oem Agricultural Machinery Manufacturer,Oem Agricultural Machinery Manufacturer in Kinwat Maharashtra India,Maharashtra,India
MH-94-11-2429,94,11,2,Kinwat,Agricultural Machinery Distributor Near Me,Agricultural Machinery Distributor Near Me in Kinwat Maharashtra India,Maharashtra,India
MH-94-12-2430,94,12,2,Kinwat,Agricultural Equipment Wholesale Distributor,Agricultural Equipment Wholesale Distributor in Kinwat Maharashtra India,Maharashtra,India
MH-94-13-2431,94,13,2,Kinwat,Bulk Agricultural Machinery Supplier,Bulk Agricultural Machinery Supplier in Kinwat Maharashtra India,Maharashtra,India
MH-94-14-2432,94,14,3,Kinwat,Agricultural Machinery Marketplace,Agricultural Machinery Marketplace in Kinwat Maharashtra India,Maharashtra,India
MH-94-15-2433,94,15,1,Kinwat,Agricultural Machinery Procurement Company,Agricultural Machinery Procurement Company in Kinwat Maharashtra India,Maharashtra,India
MH-94-16-2434,94,16,1,Kinwat,Agricultural Equipment Sourcing Company,Agricultural Equipment Sourcing Company in Kinwat Maharashtra India,Maharashtra,India
MH-94-17-2435,94,17,2,Kinwat,Farm Machinery Wholesalers,Farm Machinery Wholesalers in Kinwat Maharashtra India,Maharashtra,India
MH-94-18-2436,94,18,2,Kinwat,Agricultural Machinery Supplier,Agricultural Machinery Supplier in Kinwat Maharashtra India,Maharashtra,India
MH-94-19-2437,94,19,2,Kinwat,Agricultural Machinery Distributor,Agricultural Machinery Distributor in Kinwat Maharashtra India,Maharashtra,India
MH-94-20-2438,94,20,2,Kinwat,Agricultural Machinery Dealer,Agricultural Machinery Dealer in Kinwat Maharashtra India,Maharashtra,India
MH-94-21-2439,94,21,1,Kinwat,Agricultural Equipment Exporter,Agricultural Equipment Exporter in Kinwat Maharashtra India,Maharashtra,India
MH-94-22-2440,94,22,2,Kinwat,Agricultural Machinery Wholesaler,Agricultural Machinery Wholesaler in Kinwat Maharashtra India,Maharashtra,India
MH-94-23-2441,94,23,2,Kinwat,Agricultural Machinery Trader,Agricultural Machinery Trader in Kinwat Maharashtra India,Maharashtra,India
MH-94-24-2442,94,24,1,Kinwat,Agricultural Machinery Manufacturer,Agricultural Machinery Manufacturer in Kinwat Maharashtra India,Maharashtra,India
MH-94-25-2443,94,25,1,Kinwat,Agricultural Equipment Procurement,Agricultural Equipment Procurement in Kinwat Maharashtra India,Maharashtra,India
MH-94-26-2444,94,26,1,Kinwat,Agricultural Machinery Importers,Agricultural Machinery Importers in Kinwat Maharashtra India,Maharashtra,India
MH-95-01-2445,95,1,1,Palghar,Agricultural Machinery Exporters List,Agricultural Machinery Exporters List in Palghar Maharashtra India,Maharashtra,India
MH-95-02-2446,95,2,1,Palghar,Agricultural Equipment Manufacturers List,Agricultural Equipment Manufacturers List in Palghar Maharashtra India,Maharashtra,India
MH-95-03-2447,95,3,2,Palghar,Farm Equipment Dealers Directory,Farm Equipment Dealers Directory in Palghar Maharashtra India,Maharashtra,India
MH-95-04-2448,95,4,1,Palghar,Agricultural Machinery Importer Database,Agricultural Machinery Importer Database in Palghar Maharashtra India,Maharashtra,India
MH-95-05-2449,95,5,1,Palghar,Agricultural Equipment Buyer List,Agricultural Equipment Buyer List in Palghar Maharashtra India,Maharashtra,India
MH-95-06-2450,95,6,2,Palghar,Authorized Tractor Dealer,Authorized Tractor Dealer in Palghar Maharashtra India,Maharashtra,India
MH-95-07-2451,95,7,1,Palghar,Farm Machinery Exporter India,Farm Machinery Exporter India in Palghar Maharashtra India,Maharashtra,India
MH-95-08-2452,95,8,1,Palghar,Agricultural Machinery Import Export Company,Agricultural Machinery Import Export Company in Palghar Maharashtra India,Maharashtra,India
MH-95-09-2453,95,9,2,Palghar,Agricultural Equipment Tender Supplier,Agricultural Equipment Tender Supplier in Palghar Maharashtra India,Maharashtra,India
MH-95-10-2454,95,10,1,Palghar,Oem Agricultural Machinery Manufacturer,Oem Agricultural Machinery Manufacturer in Palghar Maharashtra India,Maharashtra,India
MH-95-11-2455,95,11,2,Palghar,Agricultural Machinery Distributor Near Me,Agricultural Machinery Distributor Near Me in Palghar Maharashtra India,Maharashtra,India
MH-95-12-2456,95,12,2,Palghar,Agricultural Equipment Wholesale Distributor,Agricultural Equipment Wholesale Distributor in Palghar Maharashtra India,Maharashtra,India
MH-95-13-2457,95,13,2,Palghar,Bulk Agricultural Machinery Supplier,Bulk Agricultural Machinery Supplier in Palghar Maharashtra India,Maharashtra,India
MH-95-14-2458,95,14,3,Palghar,Agricultural Machinery Marketplace,Agricultural Machinery Marketplace in Palghar Maharashtra India,Maharashtra,India
MH-95-15-2459,95,15,1,Palghar,Agricultural Machinery Procurement Company,Agricultural Machinery Procurement Company in Palghar Maharashtra India,Maharashtra,India
MH-95-16-2460,95,16,1,Palghar,Agricultural Equipment Sourcing Company,Agricultural Equipment Sourcing Company in Palghar Maharashtra India,Maharashtra,India
MH-95-17-2461,95,17,2,Palghar,Farm Machinery Wholesalers,Farm Machinery Wholesalers in Palghar Maharashtra India,Maharashtra,India
MH-95-18-2462,95,18,2,Palghar,Agricultural Machinery Supplier,Agricultural Machinery Supplier in Palghar Maharashtra India,Maharashtra,India
MH-95-19-2463,95,19,2,Palghar,Agricultural Machinery Distributor,Agricultural Machinery Distributor in Palghar Maharashtra India,Maharashtra,India
MH-95-20-2464,95,20,2,Palghar,Agricultural Machinery Dealer,Agricultural Machinery Dealer in Palghar Maharashtra India,Maharashtra,India
MH-95-21-2465,95,21,1,Palghar,Agricultural Equipment Exporter,Agricultural Equipment Exporter in Palghar Maharashtra India,Maharashtra,India
MH-95-22-2466,95,22,2,Palghar,Agricultural Machinery Wholesaler,Agricultural Machinery Wholesaler in Palghar Maharashtra India,Maharashtra,India
MH-95-23-2467,95,23,2,Palghar,Agricultural Machinery Trader,Agricultural Machinery Trader in Palghar Maharashtra India,Maharashtra,India
MH-95-24-2468,95,24,1,Palghar,Agricultural Machinery Manufacturer,Agricultural Machinery Manufacturer in Palghar Maharashtra India,Maharashtra,India
MH-95-25-2469,95,25,1,Palghar,Agricultural Equipment Procurement,Agricultural Equipment Procurement in Palghar Maharashtra India,Maharashtra,India
MH-95-26-2470,95,26,1,Palghar,Agricultural Machinery Importers,Agricultural Machinery Importers in Palghar Maharashtra India,Maharashtra,India
MH-96-01-2471,96,1,1,Vasai,Agricultural Machinery Exporters List,Agricultural Machinery Exporters List in Vasai Maharashtra India,Maharashtra,India
MH-96-02-2472,96,2,1,Vasai,Agricultural Equipment Manufacturers List,Agricultural Equipment Manufacturers List in Vasai Maharashtra India,Maharashtra,India
MH-96-03-2473,96,3,2,Vasai,Farm Equipment Dealers Directory,Farm Equipment Dealers Directory in Vasai Maharashtra India,Maharashtra,India
MH-96-04-2474,96,4,1,Vasai,Agricultural Machinery Importer Database,Agricultural Machinery Importer Database in Vasai Maharashtra India,Maharashtra,India
MH-96-05-2475,96,5,1,Vasai,Agricultural Equipment Buyer List,Agricultural Equipment Buyer List in Vasai Maharashtra India,Maharashtra,India
MH-96-06-2476,96,6,2,Vasai,Authorized Tractor Dealer,Authorized Tractor Dealer in Vasai Maharashtra India,Maharashtra,India
MH-96-07-2477,96,7,1,Vasai,Farm Machinery Exporter India,Farm Machinery Exporter India in Vasai Maharashtra India,Maharashtra,India
MH-96-08-2478,96,8,1,Vasai,Agricultural Machinery Import Export Company,Agricultural Machinery Import Export Company in Vasai Maharashtra India,Maharashtra,India
MH-96-09-2479,96,9,2,Vasai,Agricultural Equipment Tender Supplier,Agricultural Equipment Tender Supplier in Vasai Maharashtra India,Maharashtra,India
MH-96-10-2480,96,10,1,Vasai,Oem Agricultural Machinery Manufacturer,Oem Agricultural Machinery Manufacturer in Vasai Maharashtra India,Maharashtra,India
MH-96-11-2481,96,11,2,Vasai,Agricultural Machinery Distributor Near Me,Agricultural Machinery Distributor Near Me in Vasai Maharashtra India,Maharashtra,India
MH-96-12-2482,96,12,2,Vasai,Agricultural Equipment Wholesale Distributor,Agricultural Equipment Wholesale Distributor in Vasai Maharashtra India,Maharashtra,India
MH-96-13-2483,96,13,2,Vasai,Bulk Agricultural Machinery Supplier,Bulk Agricultural Machinery Supplier in Vasai Maharashtra India,Maharashtra,India
MH-96-14-2484,96,14,3,Vasai,Agricultural Machinery Marketplace,Agricultural Machinery Marketplace in Vasai Maharashtra India,Maharashtra,India
MH-96-15-2485,96,15,1,Vasai,Agricultural Machinery Procurement Company,Agricultural Machinery Procurement Company in Vasai Maharashtra India,Maharashtra,India
MH-96-16-2486,96,16,1,Vasai,Agricultural Equipment Sourcing Company,Agricultural Equipment Sourcing Company in Vasai Maharashtra India,Maharashtra,India
MH-96-17-2487,96,17,2,Vasai,Farm Machinery Wholesalers,Farm Machinery Wholesalers in Vasai Maharashtra India,Maharashtra,India
MH-96-18-2488,96,18,2,Vasai,Agricultural Machinery Supplier,Agricultural Machinery Supplier in Vasai Maharashtra India,Maharashtra,India
MH-96-19-2489,96,19,2,Vasai,Agricultural Machinery Distributor,Agricultural Machinery Distributor in Vasai Maharashtra India,Maharashtra,India
MH-96-20-2490,96,20,2,Vasai,Agricultural Machinery Dealer,Agricultural Machinery Dealer in Vasai Maharashtra India,Maharashtra,India
MH-96-21-2491,96,21,1,Vasai,Agricultural Equipment Exporter,Agricultural Equipment Exporter in Vasai Maharashtra India,Maharashtra,India
MH-96-22-2492,96,22,2,Vasai,Agricultural Machinery Wholesaler,Agricultural Machinery Wholesaler in Vasai Maharashtra India,Maharashtra,India
MH-96-23-2493,96,23,2,Vasai,Agricultural Machinery Trader,Agricultural Machinery Trader in Vasai Maharashtra India,Maharashtra,India
MH-96-24-2494,96,24,1,Vasai,Agricultural Machinery Manufacturer,Agricultural Machinery Manufacturer in Vasai Maharashtra India,Maharashtra,India
MH-96-25-2495,96,25,1,Vasai,Agricultural Equipment Procurement,Agricultural Equipment Procurement in Vasai Maharashtra India,Maharashtra,India
MH-96-26-2496,96,26,1,Vasai,Agricultural Machinery Importers,Agricultural Machinery Importers in Vasai Maharashtra India,Maharashtra,India
MH-97-01-2497,97,1,1,Virar,Agricultural Machinery Exporters List,Agricultural Machinery Exporters List in Virar Maharashtra India,Maharashtra,India
MH-97-02-2498,97,2,1,Virar,Agricultural Equipment Manufacturers List,Agricultural Equipment Manufacturers List in Virar Maharashtra India,Maharashtra,India
MH-97-03-2499,97,3,2,Virar,Farm Equipment Dealers Directory,Farm Equipment Dealers Directory in Virar Maharashtra India,Maharashtra,India
MH-97-04-2500,97,4,1,Virar,Agricultural Machinery Importer Database,Agricultural Machinery Importer Database in Virar Maharashtra India,Maharashtra,India
MH-97-05-2501,97,5,1,Virar,Agricultural Equipment Buyer List,Agricultural Equipment Buyer List in Virar Maharashtra India,Maharashtra,India
MH-97-06-2502,97,6,2,Virar,Authorized Tractor Dealer,Authorized Tractor Dealer in Virar Maharashtra India,Maharashtra,India
MH-97-07-2503,97,7,1,Virar,Farm Machinery Exporter India,Farm Machinery Exporter India in Virar Maharashtra India,Maharashtra,India
MH-97-08-2504,97,8,1,Virar,Agricultural Machinery Import Export Company,Agricultural Machinery Import Export Company in Virar Maharashtra India,Maharashtra,India
MH-97-09-2505,97,9,2,Virar,Agricultural Equipment Tender Supplier,Agricultural Equipment Tender Supplier in Virar Maharashtra India,Maharashtra,India
MH-97-10-2506,97,10,1,Virar,Oem Agricultural Machinery Manufacturer,Oem Agricultural Machinery Manufacturer in Virar Maharashtra India,Maharashtra,India
MH-97-11-2507,97,11,2,Virar,Agricultural Machinery Distributor Near Me,Agricultural Machinery Distributor Near Me in Virar Maharashtra India,Maharashtra,India
MH-97-12-2508,97,12,2,Virar,Agricultural Equipment Wholesale Distributor,Agricultural Equipment Wholesale Distributor in Virar Maharashtra India,Maharashtra,India
MH-97-13-2509,97,13,2,Virar,Bulk Agricultural Machinery Supplier,Bulk Agricultural Machinery Supplier in Virar Maharashtra India,Maharashtra,India
MH-97-14-2510,97,14,3,Virar,Agricultural Machinery Marketplace,Agricultural Machinery Marketplace in Virar Maharashtra India,Maharashtra,India
MH-97-15-2511,97,15,1,Virar,Agricultural Machinery Procurement Company,Agricultural Machinery Procurement Company in Virar Maharashtra India,Maharashtra,India
MH-97-16-2512,97,16,1,Virar,Agricultural Equipment Sourcing Company,Agricultural Equipment Sourcing Company in Virar Maharashtra India,Maharashtra,India
MH-97-17-2513,97,17,2,Virar,Farm Machinery Wholesalers,Farm Machinery Wholesalers in Virar Maharashtra India,Maharashtra,India
MH-97-18-2514,97,18,2,Virar,Agricultural Machinery Supplier,Agricultural Machinery Supplier in Virar Maharashtra India,Maharashtra,India
MH-97-19-2515,97,19,2,Virar,Agricultural Machinery Distributor,Agricultural Machinery Distributor in Virar Maharashtra India,Maharashtra,India
MH-97-20-2516,97,20,2,Virar,Agricultural Machinery Dealer,Agricultural Machinery Dealer in Virar Maharashtra India,Maharashtra,India
MH-97-21-2517,97,21,1,Virar,Agricultural Equipment Exporter,Agricultural Equipment Exporter in Virar Maharashtra India,Maharashtra,India
MH-97-22-2518,97,22,2,Virar,Agricultural Machinery Wholesaler,Agricultural Machinery Wholesaler in Virar Maharashtra India,Maharashtra,India
MH-97-23-2519,97,23,2,Virar,Agricultural Machinery Trader,Agricultural Machinery Trader in Virar Maharashtra India,Maharashtra,India
MH-97-24-2520,97,24,1,Virar,Agricultural Machinery Manufacturer,Agricultural Machinery Manufacturer in Virar Maharashtra India,Maharashtra,India
MH-97-25-2521,97,25,1,Virar,Agricultural Equipment Procurement,Agricultural Equipment Procurement in Virar Maharashtra India,Maharashtra,India
MH-97-26-2522,97,26,1,Virar,Agricultural Machinery Importers,Agricultural Machinery Importers in Virar Maharashtra India,Maharashtra,India
MH-98-01-2523,98,1,1,Boisar,Agricultural Machinery Exporters List,Agricultural Machinery Exporters List in Boisar Maharashtra India,Maharashtra,India
MH-98-02-2524,98,2,1,Boisar,Agricultural Equipment Manufacturers List,Agricultural Equipment Manufacturers List in Boisar Maharashtra India,Maharashtra,India
MH-98-03-2525,98,3,2,Boisar,Farm Equipment Dealers Directory,Farm Equipment Dealers Directory in Boisar Maharashtra India,Maharashtra,India
MH-98-04-2526,98,4,1,Boisar,Agricultural Machinery Importer Database,Agricultural Machinery Importer Database in Boisar Maharashtra India,Maharashtra,India
MH-98-05-2527,98,5,1,Boisar,Agricultural Equipment Buyer List,Agricultural Equipment Buyer List in Boisar Maharashtra India,Maharashtra,India
MH-98-06-2528,98,6,2,Boisar,Authorized Tractor Dealer,Authorized Tractor Dealer in Boisar Maharashtra India,Maharashtra,India
MH-98-07-2529,98,7,1,Boisar,Farm Machinery Exporter India,Farm Machinery Exporter India in Boisar Maharashtra India,Maharashtra,India
MH-98-08-2530,98,8,1,Boisar,Agricultural Machinery Import Export Company,Agricultural Machinery Import Export Company in Boisar Maharashtra India,Maharashtra,India
MH-98-09-2531,98,9,2,Boisar,Agricultural Equipment Tender Supplier,Agricultural Equipment Tender Supplier in Boisar Maharashtra India,Maharashtra,India
MH-98-10-2532,98,10,1,Boisar,Oem Agricultural Machinery Manufacturer,Oem Agricultural Machinery Manufacturer in Boisar Maharashtra India,Maharashtra,India
MH-98-11-2533,98,11,2,Boisar,Agricultural Machinery Distributor Near Me,Agricultural Machinery Distributor Near Me in Boisar Maharashtra India,Maharashtra,India
MH-98-12-2534,98,12,2,Boisar,Agricultural Equipment Wholesale Distributor,Agricultural Equipment Wholesale Distributor in Boisar Maharashtra India,Maharashtra,India
MH-98-13-2535,98,13,2,Boisar,Bulk Agricultural Machinery Supplier,Bulk Agricultural Machinery Supplier in Boisar Maharashtra India,Maharashtra,India
MH-98-14-2536,98,14,3,Boisar,Agricultural Machinery Marketplace,Agricultural Machinery Marketplace in Boisar Maharashtra India,Maharashtra,India
MH-98-15-2537,98,15,1,Boisar,Agricultural Machinery Procurement Company,Agricultural Machinery Procurement Company in Boisar Maharashtra India,Maharashtra,India
MH-98-16-2538,98,16,1,Boisar,Agricultural Equipment Sourcing Company,Agricultural Equipment Sourcing Company in Boisar Maharashtra India,Maharashtra,India
MH-98-17-2539,98,17,2,Boisar,Farm Machinery Wholesalers,Farm Machinery Wholesalers in Boisar Maharashtra India,Maharashtra,India
MH-98-18-2540,98,18,2,Boisar,Agricultural Machinery Supplier,Agricultural Machinery Supplier in Boisar Maharashtra India,Maharashtra,India
MH-98-19-2541,98,19,2,Boisar,Agricultural Machinery Distributor,Agricultural Machinery Distributor in Boisar Maharashtra India,Maharashtra,India
MH-98-20-2542,98,20,2,Boisar,Agricultural Machinery Dealer,Agricultural Machinery Dealer in Boisar Maharashtra India,Maharashtra,India
MH-98-21-2543,98,21,1,Boisar,Agricultural Equipment Exporter,Agricultural Equipment Exporter in Boisar Maharashtra India,Maharashtra,India
MH-98-22-2544,98,22,2,Boisar,Agricultural Machinery Wholesaler,Agricultural Machinery Wholesaler in Boisar Maharashtra India,Maharashtra,India
MH-98-23-2545,98,23,2,Boisar,Agricultural Machinery Trader,Agricultural Machinery Trader in Boisar Maharashtra India,Maharashtra,India
MH-98-24-2546,98,24,1,Boisar,Agricultural Machinery Manufacturer,Agricultural Machinery Manufacturer in Boisar Maharashtra India,Maharashtra,India
MH-98-25-2547,98,25,1,Boisar,Agricultural Equipment Procurement,Agricultural Equipment Procurement in Boisar Maharashtra India,Maharashtra,India
MH-98-26-2548,98,26,1,Boisar,Agricultural Machinery Importers,Agricultural Machinery Importers in Boisar Maharashtra India,Maharashtra,India
MH-99-01-2549,99,1,1,Dahanu,Agricultural Machinery Exporters List,Agricultural Machinery Exporters List in Dahanu Maharashtra India,Maharashtra,India
MH-99-02-2550,99,2,1,Dahanu,Agricultural Equipment Manufacturers List,Agricultural Equipment Manufacturers List in Dahanu Maharashtra India,Maharashtra,India
MH-99-03-2551,99,3,2,Dahanu,Farm Equipment Dealers Directory,Farm Equipment Dealers Directory in Dahanu Maharashtra India,Maharashtra,India
MH-99-04-2552,99,4,1,Dahanu,Agricultural Machinery Importer Database,Agricultural Machinery Importer Database in Dahanu Maharashtra India,Maharashtra,India
MH-99-05-2553,99,5,1,Dahanu,Agricultural Equipment Buyer List,Agricultural Equipment Buyer List in Dahanu Maharashtra India,Maharashtra,India
MH-99-06-2554,99,6,2,Dahanu,Authorized Tractor Dealer,Authorized Tractor Dealer in Dahanu Maharashtra India,Maharashtra,India
MH-99-07-2555,99,7,1,Dahanu,Farm Machinery Exporter India,Farm Machinery Exporter India in Dahanu Maharashtra India,Maharashtra,India
MH-99-08-2556,99,8,1,Dahanu,Agricultural Machinery Import Export Company,Agricultural Machinery Import Export Company in Dahanu Maharashtra India,Maharashtra,India
MH-99-09-2557,99,9,2,Dahanu,Agricultural Equipment Tender Supplier,Agricultural Equipment Tender Supplier in Dahanu Maharashtra India,Maharashtra,India
MH-99-10-2558,99,10,1,Dahanu,Oem Agricultural Machinery Manufacturer,Oem Agricultural Machinery Manufacturer in Dahanu Maharashtra India,Maharashtra,India
MH-99-11-2559,99,11,2,Dahanu,Agricultural Machinery Distributor Near Me,Agricultural Machinery Distributor Near Me in Dahanu Maharashtra India,Maharashtra,India
MH-99-12-2560,99,12,2,Dahanu,Agricultural Equipment Wholesale Distributor,Agricultural Equipment Wholesale Distributor in Dahanu Maharashtra India,Maharashtra,India
MH-99-13-2561,99,13,2,Dahanu,Bulk Agricultural Machinery Supplier,Bulk Agricultural Machinery Supplier in Dahanu Maharashtra India,Maharashtra,India
MH-99-14-2562,99,14,3,Dahanu,Agricultural Machinery Marketplace,Agricultural Machinery Marketplace in Dahanu Maharashtra India,Maharashtra,India
MH-99-15-2563,99,15,1,Dahanu,Agricultural Machinery Procurement Company,Agricultural Machinery Procurement Company in Dahanu Maharashtra India,Maharashtra,India
MH-99-16-2564,99,16,1,Dahanu,Agricultural Equipment Sourcing Company,Agricultural Equipment Sourcing Company in Dahanu Maharashtra India,Maharashtra,India
MH-99-17-2565,99,17,2,Dahanu,Farm Machinery Wholesalers,Farm Machinery Wholesalers in Dahanu Maharashtra India,Maharashtra,India
MH-99-18-2566,99,18,2,Dahanu,Agricultural Machinery Supplier,Agricultural Machinery Supplier in Dahanu Maharashtra India,Maharashtra,India
MH-99-19-2567,99,19,2,Dahanu,Agricultural Machinery Distributor,Agricultural Machinery Distributor in Dahanu Maharashtra India,Maharashtra,India
MH-99-20-2568,99,20,2,Dahanu,Agricultural Machinery Dealer,Agricultural Machinery Dealer in Dahanu Maharashtra India,Maharashtra,India
MH-99-21-2569,99,21,1,Dahanu,Agricultural Equipment Exporter,Agricultural Equipment Exporter in Dahanu Maharashtra India,Maharashtra,India
MH-99-22-2570,99,22,2,Dahanu,Agricultural Machinery Wholesaler,Agricultural Machinery Wholesaler in Dahanu Maharashtra India,Maharashtra,India
MH-99-23-2571,99,23,2,Dahanu,Agricultural Machinery Trader,Agricultural Machinery Trader in Dahanu Maharashtra India,Maharashtra,India
MH-99-24-2572,99,24,1,Dahanu,Agricultural Machinery Manufacturer,Agricultural Machinery Manufacturer in Dahanu Maharashtra India,Maharashtra,India
MH-99-25-2573,99,25,1,Dahanu,Agricultural Equipment Procurement,Agricultural Equipment Procurement in Dahanu Maharashtra India,Maharashtra,India
MH-99-26-2574,99,26,1,Dahanu,Agricultural Machinery Importers,Agricultural Machinery Importers in Dahanu Maharashtra India,Maharashtra,India
MH-100-01-2575,100,1,1,Parbhani,Agricultural Machinery Exporters List,Agricultural Machinery Exporters List in Parbhani Maharashtra India,Maharashtra,India
MH-100-02-2576,100,2,1,Parbhani,Agricultural Equipment Manufacturers List,Agricultural Equipment Manufacturers List in Parbhani Maharashtra India,Maharashtra,India
MH-100-03-2577,100,3,2,Parbhani,Farm Equipment Dealers Directory,Farm Equipment Dealers Directory in Parbhani Maharashtra India,Maharashtra,India
MH-100-04-2578,100,4,1,Parbhani,Agricultural Machinery Importer Database,Agricultural Machinery Importer Database in Parbhani Maharashtra India,Maharashtra,India
MH-100-05-2579,100,5,1,Parbhani,Agricultural Equipment Buyer List,Agricultural Equipment Buyer List in Parbhani Maharashtra India,Maharashtra,India
MH-100-06-2580,100,6,2,Parbhani,Authorized Tractor Dealer,Authorized Tractor Dealer in Parbhani Maharashtra India,Maharashtra,India
MH-100-07-2581,100,7,1,Parbhani,Farm Machinery Exporter India,Farm Machinery Exporter India in Parbhani Maharashtra India,Maharashtra,India
MH-100-08-2582,100,8,1,Parbhani,Agricultural Machinery Import Export Company,Agricultural Machinery Import Export Company in Parbhani Maharashtra India,Maharashtra,India
MH-100-09-2583,100,9,2,Parbhani,Agricultural Equipment Tender Supplier,Agricultural Equipment Tender Supplier in Parbhani Maharashtra India,Maharashtra,India
MH-100-10-2584,100,10,1,Parbhani,Oem Agricultural Machinery Manufacturer,Oem Agricultural Machinery Manufacturer in Parbhani Maharashtra India,Maharashtra,India
MH-100-11-2585,100,11,2,Parbhani,Agricultural Machinery Distributor Near Me,Agricultural Machinery Distributor Near Me in Parbhani Maharashtra India,Maharashtra,India
MH-100-12-2586,100,12,2,Parbhani,Agricultural Equipment Wholesale Distributor,Agricultural Equipment Wholesale Distributor in Parbhani Maharashtra India,Maharashtra,India
MH-100-13-2587,100,13,2,Parbhani,Bulk Agricultural Machinery Supplier,Bulk Agricultural Machinery Supplier in Parbhani Maharashtra India,Maharashtra,India
MH-100-14-2588,100,14,3,Parbhani,Agricultural Machinery Marketplace,Agricultural Machinery Marketplace in Parbhani Maharashtra India,Maharashtra,India
MH-100-15-2589,100,15,1,Parbhani,Agricultural Machinery Procurement Company,Agricultural Machinery Procurement Company in Parbhani Maharashtra India,Maharashtra,India
MH-100-16-2590,100,16,1,Parbhani,Agricultural Equipment Sourcing Company,Agricultural Equipment Sourcing Company in Parbhani Maharashtra India,Maharashtra,India
MH-100-17-2591,100,17,2,Parbhani,Farm Machinery Wholesalers,Farm Machinery Wholesalers in Parbhani Maharashtra India,Maharashtra,India
MH-100-18-2592,100,18,2,Parbhani,Agricultural Machinery Supplier,Agricultural Machinery Supplier in Parbhani Maharashtra India,Maharashtra,India
MH-100-19-2593,100,19,2,Parbhani,Agricultural Machinery Distributor,Agricultural Machinery Distributor in Parbhani Maharashtra India,Maharashtra,India
MH-100-20-2594,100,20,2,Parbhani,Agricultural Machinery Dealer,Agricultural Machinery Dealer in Parbhani Maharashtra India,Maharashtra,India
MH-100-21-2595,100,21,1,Parbhani,Agricultural Equipment Exporter,Agricultural Equipment Exporter in Parbhani Maharashtra India,Maharashtra,India
MH-100-22-2596,100,22,2,Parbhani,Agricultural Machinery Wholesaler,Agricultural Machinery Wholesaler in Parbhani Maharashtra India,Maharashtra,India
MH-100-23-2597,100,23,2,Parbhani,Agricultural Machinery Trader,Agricultural Machinery Trader in Parbhani Maharashtra India,Maharashtra,India
MH-100-24-2598,100,24,1,Parbhani,Agricultural Machinery Manufacturer,Agricultural Machinery Manufacturer in Parbhani Maharashtra India,Maharashtra,India
MH-100-25-2599,100,25,1,Parbhani,Agricultural Equipment Procurement,Agricultural Equipment Procurement in Parbhani Maharashtra India,Maharashtra,India
MH-100-26-2600,100,26,1,Parbhani,Agricultural Machinery Importers,Agricultural Machinery Importers in Parbhani Maharashtra India,Maharashtra,India
MH-101-01-2601,101,1,1,Gangakhed,Agricultural Machinery Exporters List,Agricultural Machinery Exporters List in Gangakhed Maharashtra India,Maharashtra,India
MH-101-02-2602,101,2,1,Gangakhed,Agricultural Equipment Manufacturers List,Agricultural Equipment Manufacturers List in Gangakhed Maharashtra India,Maharashtra,India
MH-101-03-2603,101,3,2,Gangakhed,Farm Equipment Dealers Directory,Farm Equipment Dealers Directory in Gangakhed Maharashtra India,Maharashtra,India
MH-101-04-2604,101,4,1,Gangakhed,Agricultural Machinery Importer Database,Agricultural Machinery Importer Database in Gangakhed Maharashtra India,Maharashtra,India
MH-101-05-2605,101,5,1,Gangakhed,Agricultural Equipment Buyer List,Agricultural Equipment Buyer List in Gangakhed Maharashtra India,Maharashtra,India
MH-101-06-2606,101,6,2,Gangakhed,Authorized Tractor Dealer,Authorized Tractor Dealer in Gangakhed Maharashtra India,Maharashtra,India
MH-101-07-2607,101,7,1,Gangakhed,Farm Machinery Exporter India,Farm Machinery Exporter India in Gangakhed Maharashtra India,Maharashtra,India
MH-101-08-2608,101,8,1,Gangakhed,Agricultural Machinery Import Export Company,Agricultural Machinery Import Export Company in Gangakhed Maharashtra India,Maharashtra,India
MH-101-09-2609,101,9,2,Gangakhed,Agricultural Equipment Tender Supplier,Agricultural Equipment Tender Supplier in Gangakhed Maharashtra India,Maharashtra,India
MH-101-10-2610,101,10,1,Gangakhed,Oem Agricultural Machinery Manufacturer,Oem Agricultural Machinery Manufacturer in Gangakhed Maharashtra India,Maharashtra,India
MH-101-11-2611,101,11,2,Gangakhed,Agricultural Machinery Distributor Near Me,Agricultural Machinery Distributor Near Me in Gangakhed Maharashtra India,Maharashtra,India
MH-101-12-2612,101,12,2,Gangakhed,Agricultural Equipment Wholesale Distributor,Agricultural Equipment Wholesale Distributor in Gangakhed Maharashtra India,Maharashtra,India
MH-101-13-2613,101,13,2,Gangakhed,Bulk Agricultural Machinery Supplier,Bulk Agricultural Machinery Supplier in Gangakhed Maharashtra India,Maharashtra,India
MH-101-14-2614,101,14,3,Gangakhed,Agricultural Machinery Marketplace,Agricultural Machinery Marketplace in Gangakhed Maharashtra India,Maharashtra,India
MH-101-15-2615,101,15,1,Gangakhed,Agricultural Machinery Procurement Company,Agricultural Machinery Procurement Company in Gangakhed Maharashtra India,Maharashtra,India
MH-101-16-2616,101,16,1,Gangakhed,Agricultural Equipment Sourcing Company,Agricultural Equipment Sourcing Company in Gangakhed Maharashtra India,Maharashtra,India
MH-101-17-2617,101,17,2,Gangakhed,Farm Machinery Wholesalers,Farm Machinery Wholesalers in Gangakhed Maharashtra India,Maharashtra,India
MH-101-18-2618,101,18,2,Gangakhed,Agricultural Machinery Supplier,Agricultural Machinery Supplier in Gangakhed Maharashtra India,Maharashtra,India
MH-101-19-2619,101,19,2,Gangakhed,Agricultural Machinery Distributor,Agricultural Machinery Distributor in Gangakhed Maharashtra India,Maharashtra,India
MH-101-20-2620,101,20,2,Gangakhed,Agricultural Machinery Dealer,Agricultural Machinery Dealer in Gangakhed Maharashtra India,Maharashtra,India
MH-101-21-2621,101,21,1,Gangakhed,Agricultural Equipment Exporter,Agricultural Equipment Exporter in Gangakhed Maharashtra India,Maharashtra,India
MH-101-22-2622,101,22,2,Gangakhed,Agricultural Machinery Wholesaler,Agricultural Machinery Wholesaler in Gangakhed Maharashtra India,Maharashtra,India
MH-101-23-2623,101,23,2,Gangakhed,Agricultural Machinery Trader,Agricultural Machinery Trader in Gangakhed Maharashtra India,Maharashtra,India
MH-101-24-2624,101,24,1,Gangakhed,Agricultural Machinery Manufacturer,Agricultural Machinery Manufacturer in Gangakhed Maharashtra India,Maharashtra,India
MH-101-25-2625,101,25,1,Gangakhed,Agricultural Equipment Procurement,Agricultural Equipment Procurement in Gangakhed Maharashtra India,Maharashtra,India
MH-101-26-2626,101,26,1,Gangakhed,Agricultural Machinery Importers,Agricultural Machinery Importers in Gangakhed Maharashtra India,Maharashtra,India
MH-102-01-2627,102,1,1,Pathri,Agricultural Machinery Exporters List,Agricultural Machinery Exporters List in Pathri Maharashtra India,Maharashtra,India
MH-102-02-2628,102,2,1,Pathri,Agricultural Equipment Manufacturers List,Agricultural Equipment Manufacturers List in Pathri Maharashtra India,Maharashtra,India
MH-102-03-2629,102,3,2,Pathri,Farm Equipment Dealers Directory,Farm Equipment Dealers Directory in Pathri Maharashtra India,Maharashtra,India
MH-102-04-2630,102,4,1,Pathri,Agricultural Machinery Importer Database,Agricultural Machinery Importer Database in Pathri Maharashtra India,Maharashtra,India
MH-102-05-2631,102,5,1,Pathri,Agricultural Equipment Buyer List,Agricultural Equipment Buyer List in Pathri Maharashtra India,Maharashtra,India
MH-102-06-2632,102,6,2,Pathri,Authorized Tractor Dealer,Authorized Tractor Dealer in Pathri Maharashtra India,Maharashtra,India
MH-102-07-2633,102,7,1,Pathri,Farm Machinery Exporter India,Farm Machinery Exporter India in Pathri Maharashtra India,Maharashtra,India
MH-102-08-2634,102,8,1,Pathri,Agricultural Machinery Import Export Company,Agricultural Machinery Import Export Company in Pathri Maharashtra India,Maharashtra,India
MH-102-09-2635,102,9,2,Pathri,Agricultural Equipment Tender Supplier,Agricultural Equipment Tender Supplier in Pathri Maharashtra India,Maharashtra,India
MH-102-10-2636,102,10,1,Pathri,Oem Agricultural Machinery Manufacturer,Oem Agricultural Machinery Manufacturer in Pathri Maharashtra India,Maharashtra,India
MH-102-11-2637,102,11,2,Pathri,Agricultural Machinery Distributor Near Me,Agricultural Machinery Distributor Near Me in Pathri Maharashtra India,Maharashtra,India
MH-102-12-2638,102,12,2,Pathri,Agricultural Equipment Wholesale Distributor,Agricultural Equipment Wholesale Distributor in Pathri Maharashtra India,Maharashtra,India
MH-102-13-2639,102,13,2,Pathri,Bulk Agricultural Machinery Supplier,Bulk Agricultural Machinery Supplier in Pathri Maharashtra India,Maharashtra,India
MH-102-14-2640,102,14,3,Pathri,Agricultural Machinery Marketplace,Agricultural Machinery Marketplace in Pathri Maharashtra India,Maharashtra,India
MH-102-15-2641,102,15,1,Pathri,Agricultural Machinery Procurement Company,Agricultural Machinery Procurement Company in Pathri Maharashtra India,Maharashtra,India
MH-102-16-2642,102,16,1,Pathri,Agricultural Equipment Sourcing Company,Agricultural Equipment Sourcing Company in Pathri Maharashtra India,Maharashtra,India
MH-102-17-2643,102,17,2,Pathri,Farm Machinery Wholesalers,Farm Machinery Wholesalers in Pathri Maharashtra India,Maharashtra,India
MH-102-18-2644,102,18,2,Pathri,Agricultural Machinery Supplier,Agricultural Machinery Supplier in Pathri Maharashtra India,Maharashtra,India
MH-102-19-2645,102,19,2,Pathri,Agricultural Machinery Distributor,Agricultural Machinery Distributor in Pathri Maharashtra India,Maharashtra,India
MH-102-20-2646,102,20,2,Pathri,Agricultural Machinery Dealer,Agricultural Machinery Dealer in Pathri Maharashtra India,Maharashtra,India
MH-102-21-2647,102,21,1,Pathri,Agricultural Equipment Exporter,Agricultural Equipment Exporter in Pathri Maharashtra India,Maharashtra,India
MH-102-22-2648,102,22,2,Pathri,Agricultural Machinery Wholesaler,Agricultural Machinery Wholesaler in Pathri Maharashtra India,Maharashtra,India
MH-102-23-2649,102,23,2,Pathri,Agricultural Machinery Trader,Agricultural Machinery Trader in Pathri Maharashtra India,Maharashtra,India
MH-102-24-2650,102,24,1,Pathri,Agricultural Machinery Manufacturer,Agricultural Machinery Manufacturer in Pathri Maharashtra India,Maharashtra,India
MH-102-25-2651,102,25,1,Pathri,Agricultural Equipment Procurement,Agricultural Equipment Procurement in Pathri Maharashtra India,Maharashtra,India
MH-102-26-2652,102,26,1,Pathri,Agricultural Machinery Importers,Agricultural Machinery Importers in Pathri Maharashtra India,Maharashtra,India
MH-103-01-2653,103,1,1,Jintur,Agricultural Machinery Exporters List,Agricultural Machinery Exporters List in Jintur Maharashtra India,Maharashtra,India
MH-103-02-2654,103,2,1,Jintur,Agricultural Equipment Manufacturers List,Agricultural Equipment Manufacturers List in Jintur Maharashtra India,Maharashtra,India
MH-103-03-2655,103,3,2,Jintur,Farm Equipment Dealers Directory,Farm Equipment Dealers Directory in Jintur Maharashtra India,Maharashtra,India
MH-103-04-2656,103,4,1,Jintur,Agricultural Machinery Importer Database,Agricultural Machinery Importer Database in Jintur Maharashtra India,Maharashtra,India
MH-103-05-2657,103,5,1,Jintur,Agricultural Equipment Buyer List,Agricultural Equipment Buyer List in Jintur Maharashtra India,Maharashtra,India
MH-103-06-2658,103,6,2,Jintur,Authorized Tractor Dealer,Authorized Tractor Dealer in Jintur Maharashtra India,Maharashtra,India
MH-103-07-2659,103,7,1,Jintur,Farm Machinery Exporter India,Farm Machinery Exporter India in Jintur Maharashtra India,Maharashtra,India
MH-103-08-2660,103,8,1,Jintur,Agricultural Machinery Import Export Company,Agricultural Machinery Import Export Company in Jintur Maharashtra India,Maharashtra,India
MH-103-09-2661,103,9,2,Jintur,Agricultural Equipment Tender Supplier,Agricultural Equipment Tender Supplier in Jintur Maharashtra India,Maharashtra,India
MH-103-10-2662,103,10,1,Jintur,Oem Agricultural Machinery Manufacturer,Oem Agricultural Machinery Manufacturer in Jintur Maharashtra India,Maharashtra,India
MH-103-11-2663,103,11,2,Jintur,Agricultural Machinery Distributor Near Me,Agricultural Machinery Distributor Near Me in Jintur Maharashtra India,Maharashtra,India
MH-103-12-2664,103,12,2,Jintur,Agricultural Equipment Wholesale Distributor,Agricultural Equipment Wholesale Distributor in Jintur Maharashtra India,Maharashtra,India
MH-103-13-2665,103,13,2,Jintur,Bulk Agricultural Machinery Supplier,Bulk Agricultural Machinery Supplier in Jintur Maharashtra India,Maharashtra,India
MH-103-14-2666,103,14,3,Jintur,Agricultural Machinery Marketplace,Agricultural Machinery Marketplace in Jintur Maharashtra India,Maharashtra,India
MH-103-15-2667,103,15,1,Jintur,Agricultural Machinery Procurement Company,Agricultural Machinery Procurement Company in Jintur Maharashtra India,Maharashtra,India
MH-103-16-2668,103,16,1,Jintur,Agricultural Equipment Sourcing Company,Agricultural Equipment Sourcing Company in Jintur Maharashtra India,Maharashtra,India
MH-103-17-2669,103,17,2,Jintur,Farm Machinery Wholesalers,Farm Machinery Wholesalers in Jintur Maharashtra India,Maharashtra,India
MH-103-18-2670,103,18,2,Jintur,Agricultural Machinery Supplier,Agricultural Machinery Supplier in Jintur Maharashtra India,Maharashtra,India
MH-103-19-2671,103,19,2,Jintur,Agricultural Machinery Distributor,Agricultural Machinery Distributor in Jintur Maharashtra India,Maharashtra,India
MH-103-20-2672,103,20,2,Jintur,Agricultural Machinery Dealer,Agricultural Machinery Dealer in Jintur Maharashtra India,Maharashtra,India
MH-103-21-2673,103,21,1,Jintur,Agricultural Equipment Exporter,Agricultural Equipment Exporter in Jintur Maharashtra India,Maharashtra,India
MH-103-22-2674,103,22,2,Jintur,Agricultural Machinery Wholesaler,Agricultural Machinery Wholesaler in Jintur Maharashtra India,Maharashtra,India
MH-103-23-2675,103,23,2,Jintur,Agricultural Machinery Trader,Agricultural Machinery Trader in Jintur Maharashtra India,Maharashtra,India
MH-103-24-2676,103,24,1,Jintur,Agricultural Machinery Manufacturer,Agricultural Machinery Manufacturer in Jintur Maharashtra India,Maharashtra,India
MH-103-25-2677,103,25,1,Jintur,Agricultural Equipment Procurement,Agricultural Equipment Procurement in Jintur Maharashtra India,Maharashtra,India
MH-103-26-2678,103,26,1,Jintur,Agricultural Machinery Importers,Agricultural Machinery Importers in Jintur Maharashtra India,Maharashtra,India
MH-104-01-2679,104,1,1,Pune,Agricultural Machinery Exporters List,Agricultural Machinery Exporters List in Pune Maharashtra India,Maharashtra,India
MH-104-02-2680,104,2,1,Pune,Agricultural Equipment Manufacturers List,Agricultural Equipment Manufacturers List in Pune Maharashtra India,Maharashtra,India
MH-104-03-2681,104,3,2,Pune,Farm Equipment Dealers Directory,Farm Equipment Dealers Directory in Pune Maharashtra India,Maharashtra,India
MH-104-04-2682,104,4,1,Pune,Agricultural Machinery Importer Database,Agricultural Machinery Importer Database in Pune Maharashtra India,Maharashtra,India
MH-104-05-2683,104,5,1,Pune,Agricultural Equipment Buyer List,Agricultural Equipment Buyer List in Pune Maharashtra India,Maharashtra,India
MH-104-06-2684,104,6,2,Pune,Authorized Tractor Dealer,Authorized Tractor Dealer in Pune Maharashtra India,Maharashtra,India
MH-104-07-2685,104,7,1,Pune,Farm Machinery Exporter India,Farm Machinery Exporter India in Pune Maharashtra India,Maharashtra,India
MH-104-08-2686,104,8,1,Pune,Agricultural Machinery Import Export Company,Agricultural Machinery Import Export Company in Pune Maharashtra India,Maharashtra,India
MH-104-09-2687,104,9,2,Pune,Agricultural Equipment Tender Supplier,Agricultural Equipment Tender Supplier in Pune Maharashtra India,Maharashtra,India
MH-104-10-2688,104,10,1,Pune,Oem Agricultural Machinery Manufacturer,Oem Agricultural Machinery Manufacturer in Pune Maharashtra India,Maharashtra,India
MH-104-11-2689,104,11,2,Pune,Agricultural Machinery Distributor Near Me,Agricultural Machinery Distributor Near Me in Pune Maharashtra India,Maharashtra,India
MH-104-12-2690,104,12,2,Pune,Agricultural Equipment Wholesale Distributor,Agricultural Equipment Wholesale Distributor in Pune Maharashtra India,Maharashtra,India
MH-104-13-2691,104,13,2,Pune,Bulk Agricultural Machinery Supplier,Bulk Agricultural Machinery Supplier in Pune Maharashtra India,Maharashtra,India
MH-104-14-2692,104,14,3,Pune,Agricultural Machinery Marketplace,Agricultural Machinery Marketplace in Pune Maharashtra India,Maharashtra,India
MH-104-15-2693,104,15,1,Pune,Agricultural Machinery Procurement Company,Agricultural Machinery Procurement Company in Pune Maharashtra India,Maharashtra,India
MH-104-16-2694,104,16,1,Pune,Agricultural Equipment Sourcing Company,Agricultural Equipment Sourcing Company in Pune Maharashtra India,Maharashtra,India
MH-104-17-2695,104,17,2,Pune,Farm Machinery Wholesalers,Farm Machinery Wholesalers in Pune Maharashtra India,Maharashtra,India
MH-104-18-2696,104,18,2,Pune,Agricultural Machinery Supplier,Agricultural Machinery Supplier in Pune Maharashtra India,Maharashtra,India
MH-104-19-2697,104,19,2,Pune,Agricultural Machinery Distributor,Agricultural Machinery Distributor in Pune Maharashtra India,Maharashtra,India
MH-104-20-2698,104,20,2,Pune,Agricultural Machinery Dealer,Agricultural Machinery Dealer in Pune Maharashtra India,Maharashtra,India
MH-104-21-2699,104,21,1,Pune,Agricultural Equipment Exporter,Agricultural Equipment Exporter in Pune Maharashtra India,Maharashtra,India
MH-104-22-2700,104,22,2,Pune,Agricultural Machinery Wholesaler,Agricultural Machinery Wholesaler in Pune Maharashtra India,Maharashtra,India
MH-104-23-2701,104,23,2,Pune,Agricultural Machinery Trader,Agricultural Machinery Trader in Pune Maharashtra India,Maharashtra,India
MH-104-24-2702,104,24,1,Pune,Agricultural Machinery Manufacturer,Agricultural Machinery Manufacturer in Pune Maharashtra India,Maharashtra,India
MH-104-25-2703,104,25,1,Pune,Agricultural Equipment Procurement,Agricultural Equipment Procurement in Pune Maharashtra India,Maharashtra,India
MH-104-26-2704,104,26,1,Pune,Agricultural Machinery Importers,Agricultural Machinery Importers in Pune Maharashtra India,Maharashtra,India
MH-105-01-2705,105,1,1,Pimpri-Chinchwad,Agricultural Machinery Exporters List,Agricultural Machinery Exporters List in Pimpri-Chinchwad Maharashtra India,Maharashtra,India
MH-105-02-2706,105,2,1,Pimpri-Chinchwad,Agricultural Equipment Manufacturers List,Agricultural Equipment Manufacturers List in Pimpri-Chinchwad Maharashtra India,Maharashtra,India
MH-105-03-2707,105,3,2,Pimpri-Chinchwad,Farm Equipment Dealers Directory,Farm Equipment Dealers Directory in Pimpri-Chinchwad Maharashtra India,Maharashtra,India
MH-105-04-2708,105,4,1,Pimpri-Chinchwad,Agricultural Machinery Importer Database,Agricultural Machinery Importer Database in Pimpri-Chinchwad Maharashtra India,Maharashtra,India
MH-105-05-2709,105,5,1,Pimpri-Chinchwad,Agricultural Equipment Buyer List,Agricultural Equipment Buyer List in Pimpri-Chinchwad Maharashtra India,Maharashtra,India
MH-105-06-2710,105,6,2,Pimpri-Chinchwad,Authorized Tractor Dealer,Authorized Tractor Dealer in Pimpri-Chinchwad Maharashtra India,Maharashtra,India
MH-105-07-2711,105,7,1,Pimpri-Chinchwad,Farm Machinery Exporter India,Farm Machinery Exporter India in Pimpri-Chinchwad Maharashtra India,Maharashtra,India
MH-105-08-2712,105,8,1,Pimpri-Chinchwad,Agricultural Machinery Import Export Company,Agricultural Machinery Import Export Company in Pimpri-Chinchwad Maharashtra India,Maharashtra,India
MH-105-09-2713,105,9,2,Pimpri-Chinchwad,Agricultural Equipment Tender Supplier,Agricultural Equipment Tender Supplier in Pimpri-Chinchwad Maharashtra India,Maharashtra,India
MH-105-10-2714,105,10,1,Pimpri-Chinchwad,Oem Agricultural Machinery Manufacturer,Oem Agricultural Machinery Manufacturer in Pimpri-Chinchwad Maharashtra India,Maharashtra,India
MH-105-11-2715,105,11,2,Pimpri-Chinchwad,Agricultural Machinery Distributor Near Me,Agricultural Machinery Distributor Near Me in Pimpri-Chinchwad Maharashtra India,Maharashtra,India
MH-105-12-2716,105,12,2,Pimpri-Chinchwad,Agricultural Equipment Wholesale Distributor,Agricultural Equipment Wholesale Distributor in Pimpri-Chinchwad Maharashtra India,Maharashtra,India
MH-105-13-2717,105,13,2,Pimpri-Chinchwad,Bulk Agricultural Machinery Supplier,Bulk Agricultural Machinery Supplier in Pimpri-Chinchwad Maharashtra India,Maharashtra,India
MH-105-14-2718,105,14,3,Pimpri-Chinchwad,Agricultural Machinery Marketplace,Agricultural Machinery Marketplace in Pimpri-Chinchwad Maharashtra India,Maharashtra,India
MH-105-15-2719,105,15,1,Pimpri-Chinchwad,Agricultural Machinery Procurement Company,Agricultural Machinery Procurement Company in Pimpri-Chinchwad Maharashtra India,Maharashtra,India
MH-105-16-2720,105,16,1,Pimpri-Chinchwad,Agricultural Equipment Sourcing Company,Agricultural Equipment Sourcing Company in Pimpri-Chinchwad Maharashtra India,Maharashtra,India
MH-105-17-2721,105,17,2,Pimpri-Chinchwad,Farm Machinery Wholesalers,Farm Machinery Wholesalers in Pimpri-Chinchwad Maharashtra India,Maharashtra,India
MH-105-18-2722,105,18,2,Pimpri-Chinchwad,Agricultural Machinery Supplier,Agricultural Machinery Supplier in Pimpri-Chinchwad Maharashtra India,Maharashtra,India
MH-105-19-2723,105,19,2,Pimpri-Chinchwad,Agricultural Machinery Distributor,Agricultural Machinery Distributor in Pimpri-Chinchwad Maharashtra India,Maharashtra,India
MH-105-20-2724,105,20,2,Pimpri-Chinchwad,Agricultural Machinery Dealer,Agricultural Machinery Dealer in Pimpri-Chinchwad Maharashtra India,Maharashtra,India
MH-105-21-2725,105,21,1,Pimpri-Chinchwad,Agricultural Equipment Exporter,Agricultural Equipment Exporter in Pimpri-Chinchwad Maharashtra India,Maharashtra,India
MH-105-22-2726,105,22,2,Pimpri-Chinchwad,Agricultural Machinery Wholesaler,Agricultural Machinery Wholesaler in Pimpri-Chinchwad Maharashtra India,Maharashtra,India
MH-105-23-2727,105,23,2,Pimpri-Chinchwad,Agricultural Machinery Trader,Agricultural Machinery Trader in Pimpri-Chinchwad Maharashtra India,Maharashtra,India
MH-105-24-2728,105,24,1,Pimpri-Chinchwad,Agricultural Machinery Manufacturer,Agricultural Machinery Manufacturer in Pimpri-Chinchwad Maharashtra India,Maharashtra,India
MH-105-25-2729,105,25,1,Pimpri-Chinchwad,Agricultural Equipment Procurement,Agricultural Equipment Procurement in Pimpri-Chinchwad Maharashtra India,Maharashtra,India
MH-105-26-2730,105,26,1,Pimpri-Chinchwad,Agricultural Machinery Importers,Agricultural Machinery Importers in Pimpri-Chinchwad Maharashtra India,Maharashtra,India
MH-106-01-2731,106,1,1,Baramati,Agricultural Machinery Exporters List,Agricultural Machinery Exporters List in Baramati Maharashtra India,Maharashtra,India
MH-106-02-2732,106,2,1,Baramati,Agricultural Equipment Manufacturers List,Agricultural Equipment Manufacturers List in Baramati Maharashtra India,Maharashtra,India
MH-106-03-2733,106,3,2,Baramati,Farm Equipment Dealers Directory,Farm Equipment Dealers Directory in Baramati Maharashtra India,Maharashtra,India
MH-106-04-2734,106,4,1,Baramati,Agricultural Machinery Importer Database,Agricultural Machinery Importer Database in Baramati Maharashtra India,Maharashtra,India
MH-106-05-2735,106,5,1,Baramati,Agricultural Equipment Buyer List,Agricultural Equipment Buyer List in Baramati Maharashtra India,Maharashtra,India
MH-106-06-2736,106,6,2,Baramati,Authorized Tractor Dealer,Authorized Tractor Dealer in Baramati Maharashtra India,Maharashtra,India
MH-106-07-2737,106,7,1,Baramati,Farm Machinery Exporter India,Farm Machinery Exporter India in Baramati Maharashtra India,Maharashtra,India
MH-106-08-2738,106,8,1,Baramati,Agricultural Machinery Import Export Company,Agricultural Machinery Import Export Company in Baramati Maharashtra India,Maharashtra,India
MH-106-09-2739,106,9,2,Baramati,Agricultural Equipment Tender Supplier,Agricultural Equipment Tender Supplier in Baramati Maharashtra India,Maharashtra,India
MH-106-10-2740,106,10,1,Baramati,Oem Agricultural Machinery Manufacturer,Oem Agricultural Machinery Manufacturer in Baramati Maharashtra India,Maharashtra,India
MH-106-11-2741,106,11,2,Baramati,Agricultural Machinery Distributor Near Me,Agricultural Machinery Distributor Near Me in Baramati Maharashtra India,Maharashtra,India
MH-106-12-2742,106,12,2,Baramati,Agricultural Equipment Wholesale Distributor,Agricultural Equipment Wholesale Distributor in Baramati Maharashtra India,Maharashtra,India
MH-106-13-2743,106,13,2,Baramati,Bulk Agricultural Machinery Supplier,Bulk Agricultural Machinery Supplier in Baramati Maharashtra India,Maharashtra,India
MH-106-14-2744,106,14,3,Baramati,Agricultural Machinery Marketplace,Agricultural Machinery Marketplace in Baramati Maharashtra India,Maharashtra,India
MH-106-15-2745,106,15,1,Baramati,Agricultural Machinery Procurement Company,Agricultural Machinery Procurement Company in Baramati Maharashtra India,Maharashtra,India
MH-106-16-2746,106,16,1,Baramati,Agricultural Equipment Sourcing Company,Agricultural Equipment Sourcing Company in Baramati Maharashtra India,Maharashtra,India
MH-106-17-2747,106,17,2,Baramati,Farm Machinery Wholesalers,Farm Machinery Wholesalers in Baramati Maharashtra India,Maharashtra,India
MH-106-18-2748,106,18,2,Baramati,Agricultural Machinery Supplier,Agricultural Machinery Supplier in Baramati Maharashtra India,Maharashtra,India
MH-106-19-2749,106,19,2,Baramati,Agricultural Machinery Distributor,Agricultural Machinery Distributor in Baramati Maharashtra India,Maharashtra,India
MH-106-20-2750,106,20,2,Baramati,Agricultural Machinery Dealer,Agricultural Machinery Dealer in Baramati Maharashtra India,Maharashtra,India
MH-106-21-2751,106,21,1,Baramati,Agricultural Equipment Exporter,Agricultural Equipment Exporter in Baramati Maharashtra India,Maharashtra,India
MH-106-22-2752,106,22,2,Baramati,Agricultural Machinery Wholesaler,Agricultural Machinery Wholesaler in Baramati Maharashtra India,Maharashtra,India
MH-106-23-2753,106,23,2,Baramati,Agricultural Machinery Trader,Agricultural Machinery Trader in Baramati Maharashtra India,Maharashtra,India
MH-106-24-2754,106,24,1,Baramati,Agricultural Machinery Manufacturer,Agricultural Machinery Manufacturer in Baramati Maharashtra India,Maharashtra,India
MH-106-25-2755,106,25,1,Baramati,Agricultural Equipment Procurement,Agricultural Equipment Procurement in Baramati Maharashtra India,Maharashtra,India
MH-106-26-2756,106,26,1,Baramati,Agricultural Machinery Importers,Agricultural Machinery Importers in Baramati Maharashtra India,Maharashtra,India
MH-107-01-2757,107,1,1,Talegaon Dabhade,Agricultural Machinery Exporters List,Agricultural Machinery Exporters List in Talegaon Dabhade Maharashtra India,Maharashtra,India
MH-107-02-2758,107,2,1,Talegaon Dabhade,Agricultural Equipment Manufacturers List,Agricultural Equipment Manufacturers List in Talegaon Dabhade Maharashtra India,Maharashtra,India
MH-107-03-2759,107,3,2,Talegaon Dabhade,Farm Equipment Dealers Directory,Farm Equipment Dealers Directory in Talegaon Dabhade Maharashtra India,Maharashtra,India
MH-107-04-2760,107,4,1,Talegaon Dabhade,Agricultural Machinery Importer Database,Agricultural Machinery Importer Database in Talegaon Dabhade Maharashtra India,Maharashtra,India
MH-107-05-2761,107,5,1,Talegaon Dabhade,Agricultural Equipment Buyer List,Agricultural Equipment Buyer List in Talegaon Dabhade Maharashtra India,Maharashtra,India
MH-107-06-2762,107,6,2,Talegaon Dabhade,Authorized Tractor Dealer,Authorized Tractor Dealer in Talegaon Dabhade Maharashtra India,Maharashtra,India
MH-107-07-2763,107,7,1,Talegaon Dabhade,Farm Machinery Exporter India,Farm Machinery Exporter India in Talegaon Dabhade Maharashtra India,Maharashtra,India
MH-107-08-2764,107,8,1,Talegaon Dabhade,Agricultural Machinery Import Export Company,Agricultural Machinery Import Export Company in Talegaon Dabhade Maharashtra India,Maharashtra,India
MH-107-09-2765,107,9,2,Talegaon Dabhade,Agricultural Equipment Tender Supplier,Agricultural Equipment Tender Supplier in Talegaon Dabhade Maharashtra India,Maharashtra,India
MH-107-10-2766,107,10,1,Talegaon Dabhade,Oem Agricultural Machinery Manufacturer,Oem Agricultural Machinery Manufacturer in Talegaon Dabhade Maharashtra India,Maharashtra,India
MH-107-11-2767,107,11,2,Talegaon Dabhade,Agricultural Machinery Distributor Near Me,Agricultural Machinery Distributor Near Me in Talegaon Dabhade Maharashtra India,Maharashtra,India
MH-107-12-2768,107,12,2,Talegaon Dabhade,Agricultural Equipment Wholesale Distributor,Agricultural Equipment Wholesale Distributor in Talegaon Dabhade Maharashtra India,Maharashtra,India
MH-107-13-2769,107,13,2,Talegaon Dabhade,Bulk Agricultural Machinery Supplier,Bulk Agricultural Machinery Supplier in Talegaon Dabhade Maharashtra India,Maharashtra,India
MH-107-14-2770,107,14,3,Talegaon Dabhade,Agricultural Machinery Marketplace,Agricultural Machinery Marketplace in Talegaon Dabhade Maharashtra India,Maharashtra,India
MH-107-15-2771,107,15,1,Talegaon Dabhade,Agricultural Machinery Procurement Company,Agricultural Machinery Procurement Company in Talegaon Dabhade Maharashtra India,Maharashtra,India
MH-107-16-2772,107,16,1,Talegaon Dabhade,Agricultural Equipment Sourcing Company,Agricultural Equipment Sourcing Company in Talegaon Dabhade Maharashtra India,Maharashtra,India
MH-107-17-2773,107,17,2,Talegaon Dabhade,Farm Machinery Wholesalers,Farm Machinery Wholesalers in Talegaon Dabhade Maharashtra India,Maharashtra,India
MH-107-18-2774,107,18,2,Talegaon Dabhade,Agricultural Machinery Supplier,Agricultural Machinery Supplier in Talegaon Dabhade Maharashtra India,Maharashtra,India
MH-107-19-2775,107,19,2,Talegaon Dabhade,Agricultural Machinery Distributor,Agricultural Machinery Distributor in Talegaon Dabhade Maharashtra India,Maharashtra,India
MH-107-20-2776,107,20,2,Talegaon Dabhade,Agricultural Machinery Dealer,Agricultural Machinery Dealer in Talegaon Dabhade Maharashtra India,Maharashtra,India
MH-107-21-2777,107,21,1,Talegaon Dabhade,Agricultural Equipment Exporter,Agricultural Equipment Exporter in Talegaon Dabhade Maharashtra India,Maharashtra,India
MH-107-22-2778,107,22,2,Talegaon Dabhade,Agricultural Machinery Wholesaler,Agricultural Machinery Wholesaler in Talegaon Dabhade Maharashtra India,Maharashtra,India
MH-107-23-2779,107,23,2,Talegaon Dabhade,Agricultural Machinery Trader,Agricultural Machinery Trader in Talegaon Dabhade Maharashtra India,Maharashtra,India
MH-107-24-2780,107,24,1,Talegaon Dabhade,Agricultural Machinery Manufacturer,Agricultural Machinery Manufacturer in Talegaon Dabhade Maharashtra India,Maharashtra,India
MH-107-25-2781,107,25,1,Talegaon Dabhade,Agricultural Equipment Procurement,Agricultural Equipment Procurement in Talegaon Dabhade Maharashtra India,Maharashtra,India
MH-107-26-2782,107,26,1,Talegaon Dabhade,Agricultural Machinery Importers,Agricultural Machinery Importers in Talegaon Dabhade Maharashtra India,Maharashtra,India
MH-108-01-2783,108,1,1,Raigad,Agricultural Machinery Exporters List,Agricultural Machinery Exporters List in Raigad Maharashtra India,Maharashtra,India
MH-108-02-2784,108,2,1,Raigad,Agricultural Equipment Manufacturers List,Agricultural Equipment Manufacturers List in Raigad Maharashtra India,Maharashtra,India
MH-108-03-2785,108,3,2,Raigad,Farm Equipment Dealers Directory,Farm Equipment Dealers Directory in Raigad Maharashtra India,Maharashtra,India
MH-108-04-2786,108,4,1,Raigad,Agricultural Machinery Importer Database,Agricultural Machinery Importer Database in Raigad Maharashtra India,Maharashtra,India
MH-108-05-2787,108,5,1,Raigad,Agricultural Equipment Buyer List,Agricultural Equipment Buyer List in Raigad Maharashtra India,Maharashtra,India
MH-108-06-2788,108,6,2,Raigad,Authorized Tractor Dealer,Authorized Tractor Dealer in Raigad Maharashtra India,Maharashtra,India
MH-108-07-2789,108,7,1,Raigad,Farm Machinery Exporter India,Farm Machinery Exporter India in Raigad Maharashtra India,Maharashtra,India
MH-108-08-2790,108,8,1,Raigad,Agricultural Machinery Import Export Company,Agricultural Machinery Import Export Company in Raigad Maharashtra India,Maharashtra,India
MH-108-09-2791,108,9,2,Raigad,Agricultural Equipment Tender Supplier,Agricultural Equipment Tender Supplier in Raigad Maharashtra India,Maharashtra,India
MH-108-10-2792,108,10,1,Raigad,Oem Agricultural Machinery Manufacturer,Oem Agricultural Machinery Manufacturer in Raigad Maharashtra India,Maharashtra,India
MH-108-11-2793,108,11,2,Raigad,Agricultural Machinery Distributor Near Me,Agricultural Machinery Distributor Near Me in Raigad Maharashtra India,Maharashtra,India
MH-108-12-2794,108,12,2,Raigad,Agricultural Equipment Wholesale Distributor,Agricultural Equipment Wholesale Distributor in Raigad Maharashtra India,Maharashtra,India
MH-108-13-2795,108,13,2,Raigad,Bulk Agricultural Machinery Supplier,Bulk Agricultural Machinery Supplier in Raigad Maharashtra India,Maharashtra,India
MH-108-14-2796,108,14,3,Raigad,Agricultural Machinery Marketplace,Agricultural Machinery Marketplace in Raigad Maharashtra India,Maharashtra,India
MH-108-15-2797,108,15,1,Raigad,Agricultural Machinery Procurement Company,Agricultural Machinery Procurement Company in Raigad Maharashtra India,Maharashtra,India
MH-108-16-2798,108,16,1,Raigad,Agricultural Equipment Sourcing Company,Agricultural Equipment Sourcing Company in Raigad Maharashtra India,Maharashtra,India
MH-108-17-2799,108,17,2,Raigad,Farm Machinery Wholesalers,Farm Machinery Wholesalers in Raigad Maharashtra India,Maharashtra,India
MH-108-18-2800,108,18,2,Raigad,Agricultural Machinery Supplier,Agricultural Machinery Supplier in Raigad Maharashtra India,Maharashtra,India
MH-108-19-2801,108,19,2,Raigad,Agricultural Machinery Distributor,Agricultural Machinery Distributor in Raigad Maharashtra India,Maharashtra,India
MH-108-20-2802,108,20,2,Raigad,Agricultural Machinery Dealer,Agricultural Machinery Dealer in Raigad Maharashtra India,Maharashtra,India
MH-108-21-2803,108,21,1,Raigad,Agricultural Equipment Exporter,Agricultural Equipment Exporter in Raigad Maharashtra India,Maharashtra,India
MH-108-22-2804,108,22,2,Raigad,Agricultural Machinery Wholesaler,Agricultural Machinery Wholesaler in Raigad Maharashtra India,Maharashtra,India
MH-108-23-2805,108,23,2,Raigad,Agricultural Machinery Trader,Agricultural Machinery Trader in Raigad Maharashtra India,Maharashtra,India
MH-108-24-2806,108,24,1,Raigad,Agricultural Machinery Manufacturer,Agricultural Machinery Manufacturer in Raigad Maharashtra India,Maharashtra,India
MH-108-25-2807,108,25,1,Raigad,Agricultural Equipment Procurement,Agricultural Equipment Procurement in Raigad Maharashtra India,Maharashtra,India
MH-108-26-2808,108,26,1,Raigad,Agricultural Machinery Importers,Agricultural Machinery Importers in Raigad Maharashtra India,Maharashtra,India
MH-109-01-2809,109,1,1,Panvel,Agricultural Machinery Exporters List,Agricultural Machinery Exporters List in Panvel Maharashtra India,Maharashtra,India
MH-109-02-2810,109,2,1,Panvel,Agricultural Equipment Manufacturers List,Agricultural Equipment Manufacturers List in Panvel Maharashtra India,Maharashtra,India
MH-109-03-2811,109,3,2,Panvel,Farm Equipment Dealers Directory,Farm Equipment Dealers Directory in Panvel Maharashtra India,Maharashtra,India
MH-109-04-2812,109,4,1,Panvel,Agricultural Machinery Importer Database,Agricultural Machinery Importer Database in Panvel Maharashtra India,Maharashtra,India
MH-109-05-2813,109,5,1,Panvel,Agricultural Equipment Buyer List,Agricultural Equipment Buyer List in Panvel Maharashtra India,Maharashtra,India
MH-109-06-2814,109,6,2,Panvel,Authorized Tractor Dealer,Authorized Tractor Dealer in Panvel Maharashtra India,Maharashtra,India
MH-109-07-2815,109,7,1,Panvel,Farm Machinery Exporter India,Farm Machinery Exporter India in Panvel Maharashtra India,Maharashtra,India
MH-109-08-2816,109,8,1,Panvel,Agricultural Machinery Import Export Company,Agricultural Machinery Import Export Company in Panvel Maharashtra India,Maharashtra,India
MH-109-09-2817,109,9,2,Panvel,Agricultural Equipment Tender Supplier,Agricultural Equipment Tender Supplier in Panvel Maharashtra India,Maharashtra,India
MH-109-10-2818,109,10,1,Panvel,Oem Agricultural Machinery Manufacturer,Oem Agricultural Machinery Manufacturer in Panvel Maharashtra India,Maharashtra,India
MH-109-11-2819,109,11,2,Panvel,Agricultural Machinery Distributor Near Me,Agricultural Machinery Distributor Near Me in Panvel Maharashtra India,Maharashtra,India
MH-109-12-2820,109,12,2,Panvel,Agricultural Equipment Wholesale Distributor,Agricultural Equipment Wholesale Distributor in Panvel Maharashtra India,Maharashtra,India
MH-109-13-2821,109,13,2,Panvel,Bulk Agricultural Machinery Supplier,Bulk Agricultural Machinery Supplier in Panvel Maharashtra India,Maharashtra,India
MH-109-14-2822,109,14,3,Panvel,Agricultural Machinery Marketplace,Agricultural Machinery Marketplace in Panvel Maharashtra India,Maharashtra,India
MH-109-15-2823,109,15,1,Panvel,Agricultural Machinery Procurement Company,Agricultural Machinery Procurement Company in Panvel Maharashtra India,Maharashtra,India
MH-109-16-2824,109,16,1,Panvel,Agricultural Equipment Sourcing Company,Agricultural Equipment Sourcing Company in Panvel Maharashtra India,Maharashtra,India
MH-109-17-2825,109,17,2,Panvel,Farm Machinery Wholesalers,Farm Machinery Wholesalers in Panvel Maharashtra India,Maharashtra,India
MH-109-18-2826,109,18,2,Panvel,Agricultural Machinery Supplier,Agricultural Machinery Supplier in Panvel Maharashtra India,Maharashtra,India
MH-109-19-2827,109,19,2,Panvel,Agricultural Machinery Distributor,Agricultural Machinery Distributor in Panvel Maharashtra India,Maharashtra,India
MH-109-20-2828,109,20,2,Panvel,Agricultural Machinery Dealer,Agricultural Machinery Dealer in Panvel Maharashtra India,Maharashtra,India
MH-109-21-2829,109,21,1,Panvel,Agricultural Equipment Exporter,Agricultural Equipment Exporter in Panvel Maharashtra India,Maharashtra,India
MH-109-22-2830,109,22,2,Panvel,Agricultural Machinery Wholesaler,Agricultural Machinery Wholesaler in Panvel Maharashtra India,Maharashtra,India
MH-109-23-2831,109,23,2,Panvel,Agricultural Machinery Trader,Agricultural Machinery Trader in Panvel Maharashtra India,Maharashtra,India
MH-109-24-2832,109,24,1,Panvel,Agricultural Machinery Manufacturer,Agricultural Machinery Manufacturer in Panvel Maharashtra India,Maharashtra,India
MH-109-25-2833,109,25,1,Panvel,Agricultural Equipment Procurement,Agricultural Equipment Procurement in Panvel Maharashtra India,Maharashtra,India
MH-109-26-2834,109,26,1,Panvel,Agricultural Machinery Importers,Agricultural Machinery Importers in Panvel Maharashtra India,Maharashtra,India
MH-110-01-2835,110,1,1,Alibag,Agricultural Machinery Exporters List,Agricultural Machinery Exporters List in Alibag Maharashtra India,Maharashtra,India
MH-110-02-2836,110,2,1,Alibag,Agricultural Equipment Manufacturers List,Agricultural Equipment Manufacturers List in Alibag Maharashtra India,Maharashtra,India
MH-110-03-2837,110,3,2,Alibag,Farm Equipment Dealers Directory,Farm Equipment Dealers Directory in Alibag Maharashtra India,Maharashtra,India
MH-110-04-2838,110,4,1,Alibag,Agricultural Machinery Importer Database,Agricultural Machinery Importer Database in Alibag Maharashtra India,Maharashtra,India
MH-110-05-2839,110,5,1,Alibag,Agricultural Equipment Buyer List,Agricultural Equipment Buyer List in Alibag Maharashtra India,Maharashtra,India
MH-110-06-2840,110,6,2,Alibag,Authorized Tractor Dealer,Authorized Tractor Dealer in Alibag Maharashtra India,Maharashtra,India
MH-110-07-2841,110,7,1,Alibag,Farm Machinery Exporter India,Farm Machinery Exporter India in Alibag Maharashtra India,Maharashtra,India
MH-110-08-2842,110,8,1,Alibag,Agricultural Machinery Import Export Company,Agricultural Machinery Import Export Company in Alibag Maharashtra India,Maharashtra,India
MH-110-09-2843,110,9,2,Alibag,Agricultural Equipment Tender Supplier,Agricultural Equipment Tender Supplier in Alibag Maharashtra India,Maharashtra,India
MH-110-10-2844,110,10,1,Alibag,Oem Agricultural Machinery Manufacturer,Oem Agricultural Machinery Manufacturer in Alibag Maharashtra India,Maharashtra,India
MH-110-11-2845,110,11,2,Alibag,Agricultural Machinery Distributor Near Me,Agricultural Machinery Distributor Near Me in Alibag Maharashtra India,Maharashtra,India
MH-110-12-2846,110,12,2,Alibag,Agricultural Equipment Wholesale Distributor,Agricultural Equipment Wholesale Distributor in Alibag Maharashtra India,Maharashtra,India
MH-110-13-2847,110,13,2,Alibag,Bulk Agricultural Machinery Supplier,Bulk Agricultural Machinery Supplier in Alibag Maharashtra India,Maharashtra,India
MH-110-14-2848,110,14,3,Alibag,Agricultural Machinery Marketplace,Agricultural Machinery Marketplace in Alibag Maharashtra India,Maharashtra,India
MH-110-15-2849,110,15,1,Alibag,Agricultural Machinery Procurement Company,Agricultural Machinery Procurement Company in Alibag Maharashtra India,Maharashtra,India
MH-110-16-2850,110,16,1,Alibag,Agricultural Equipment Sourcing Company,Agricultural Equipment Sourcing Company in Alibag Maharashtra India,Maharashtra,India
MH-110-17-2851,110,17,2,Alibag,Farm Machinery Wholesalers,Farm Machinery Wholesalers in Alibag Maharashtra India,Maharashtra,India
MH-110-18-2852,110,18,2,Alibag,Agricultural Machinery Supplier,Agricultural Machinery Supplier in Alibag Maharashtra India,Maharashtra,India
MH-110-19-2853,110,19,2,Alibag,Agricultural Machinery Distributor,Agricultural Machinery Distributor in Alibag Maharashtra India,Maharashtra,India
MH-110-20-2854,110,20,2,Alibag,Agricultural Machinery Dealer,Agricultural Machinery Dealer in Alibag Maharashtra India,Maharashtra,India
MH-110-21-2855,110,21,1,Alibag,Agricultural Equipment Exporter,Agricultural Equipment Exporter in Alibag Maharashtra India,Maharashtra,India
MH-110-22-2856,110,22,2,Alibag,Agricultural Machinery Wholesaler,Agricultural Machinery Wholesaler in Alibag Maharashtra India,Maharashtra,India
MH-110-23-2857,110,23,2,Alibag,Agricultural Machinery Trader,Agricultural Machinery Trader in Alibag Maharashtra India,Maharashtra,India
MH-110-24-2858,110,24,1,Alibag,Agricultural Machinery Manufacturer,Agricultural Machinery Manufacturer in Alibag Maharashtra India,Maharashtra,India
MH-110-25-2859,110,25,1,Alibag,Agricultural Equipment Procurement,Agricultural Equipment Procurement in Alibag Maharashtra India,Maharashtra,India
MH-110-26-2860,110,26,1,Alibag,Agricultural Machinery Importers,Agricultural Machinery Importers in Alibag Maharashtra India,Maharashtra,India
MH-111-01-2861,111,1,1,Uran,Agricultural Machinery Exporters List,Agricultural Machinery Exporters List in Uran Maharashtra India,Maharashtra,India
MH-111-02-2862,111,2,1,Uran,Agricultural Equipment Manufacturers List,Agricultural Equipment Manufacturers List in Uran Maharashtra India,Maharashtra,India
MH-111-03-2863,111,3,2,Uran,Farm Equipment Dealers Directory,Farm Equipment Dealers Directory in Uran Maharashtra India,Maharashtra,India
MH-111-04-2864,111,4,1,Uran,Agricultural Machinery Importer Database,Agricultural Machinery Importer Database in Uran Maharashtra India,Maharashtra,India
MH-111-05-2865,111,5,1,Uran,Agricultural Equipment Buyer List,Agricultural Equipment Buyer List in Uran Maharashtra India,Maharashtra,India
MH-111-06-2866,111,6,2,Uran,Authorized Tractor Dealer,Authorized Tractor Dealer in Uran Maharashtra India,Maharashtra,India
MH-111-07-2867,111,7,1,Uran,Farm Machinery Exporter India,Farm Machinery Exporter India in Uran Maharashtra India,Maharashtra,India
MH-111-08-2868,111,8,1,Uran,Agricultural Machinery Import Export Company,Agricultural Machinery Import Export Company in Uran Maharashtra India,Maharashtra,India
MH-111-09-2869,111,9,2,Uran,Agricultural Equipment Tender Supplier,Agricultural Equipment Tender Supplier in Uran Maharashtra India,Maharashtra,India
MH-111-10-2870,111,10,1,Uran,Oem Agricultural Machinery Manufacturer,Oem Agricultural Machinery Manufacturer in Uran Maharashtra India,Maharashtra,India
MH-111-11-2871,111,11,2,Uran,Agricultural Machinery Distributor Near Me,Agricultural Machinery Distributor Near Me in Uran Maharashtra India,Maharashtra,India
MH-111-12-2872,111,12,2,Uran,Agricultural Equipment Wholesale Distributor,Agricultural Equipment Wholesale Distributor in Uran Maharashtra India,Maharashtra,India
MH-111-13-2873,111,13,2,Uran,Bulk Agricultural Machinery Supplier,Bulk Agricultural Machinery Supplier in Uran Maharashtra India,Maharashtra,India
MH-111-14-2874,111,14,3,Uran,Agricultural Machinery Marketplace,Agricultural Machinery Marketplace in Uran Maharashtra India,Maharashtra,India
MH-111-15-2875,111,15,1,Uran,Agricultural Machinery Procurement Company,Agricultural Machinery Procurement Company in Uran Maharashtra India,Maharashtra,India
MH-111-16-2876,111,16,1,Uran,Agricultural Equipment Sourcing Company,Agricultural Equipment Sourcing Company in Uran Maharashtra India,Maharashtra,India
MH-111-17-2877,111,17,2,Uran,Farm Machinery Wholesalers,Farm Machinery Wholesalers in Uran Maharashtra India,Maharashtra,India
MH-111-18-2878,111,18,2,Uran,Agricultural Machinery Supplier,Agricultural Machinery Supplier in Uran Maharashtra India,Maharashtra,India
MH-111-19-2879,111,19,2,Uran,Agricultural Machinery Distributor,Agricultural Machinery Distributor in Uran Maharashtra India,Maharashtra,India
MH-111-20-2880,111,20,2,Uran,Agricultural Machinery Dealer,Agricultural Machinery Dealer in Uran Maharashtra India,Maharashtra,India
MH-111-21-2881,111,21,1,Uran,Agricultural Equipment Exporter,Agricultural Equipment Exporter in Uran Maharashtra India,Maharashtra,India
MH-111-22-2882,111,22,2,Uran,Agricultural Machinery Wholesaler,Agricultural Machinery Wholesaler in Uran Maharashtra India,Maharashtra,India
MH-111-23-2883,111,23,2,Uran,Agricultural Machinery Trader,Agricultural Machinery Trader in Uran Maharashtra India,Maharashtra,India
MH-111-24-2884,111,24,1,Uran,Agricultural Machinery Manufacturer,Agricultural Machinery Manufacturer in Uran Maharashtra India,Maharashtra,India
MH-111-25-2885,111,25,1,Uran,Agricultural Equipment Procurement,Agricultural Equipment Procurement in Uran Maharashtra India,Maharashtra,India
MH-111-26-2886,111,26,1,Uran,Agricultural Machinery Importers,Agricultural Machinery Importers in Uran Maharashtra India,Maharashtra,India
MH-112-01-2887,112,1,1,Karjat,Agricultural Machinery Exporters List,Agricultural Machinery Exporters List in Karjat Maharashtra India,Maharashtra,India
MH-112-02-2888,112,2,1,Karjat,Agricultural Equipment Manufacturers List,Agricultural Equipment Manufacturers List in Karjat Maharashtra India,Maharashtra,India
MH-112-03-2889,112,3,2,Karjat,Farm Equipment Dealers Directory,Farm Equipment Dealers Directory in Karjat Maharashtra India,Maharashtra,India
MH-112-04-2890,112,4,1,Karjat,Agricultural Machinery Importer Database,Agricultural Machinery Importer Database in Karjat Maharashtra India,Maharashtra,India
MH-112-05-2891,112,5,1,Karjat,Agricultural Equipment Buyer List,Agricultural Equipment Buyer List in Karjat Maharashtra India,Maharashtra,India
MH-112-06-2892,112,6,2,Karjat,Authorized Tractor Dealer,Authorized Tractor Dealer in Karjat Maharashtra India,Maharashtra,India
MH-112-07-2893,112,7,1,Karjat,Farm Machinery Exporter India,Farm Machinery Exporter India in Karjat Maharashtra India,Maharashtra,India
MH-112-08-2894,112,8,1,Karjat,Agricultural Machinery Import Export Company,Agricultural Machinery Import Export Company in Karjat Maharashtra India,Maharashtra,India
MH-112-09-2895,112,9,2,Karjat,Agricultural Equipment Tender Supplier,Agricultural Equipment Tender Supplier in Karjat Maharashtra India,Maharashtra,India
MH-112-10-2896,112,10,1,Karjat,Oem Agricultural Machinery Manufacturer,Oem Agricultural Machinery Manufacturer in Karjat Maharashtra India,Maharashtra,India
MH-112-11-2897,112,11,2,Karjat,Agricultural Machinery Distributor Near Me,Agricultural Machinery Distributor Near Me in Karjat Maharashtra India,Maharashtra,India
MH-112-12-2898,112,12,2,Karjat,Agricultural Equipment Wholesale Distributor,Agricultural Equipment Wholesale Distributor in Karjat Maharashtra India,Maharashtra,India
MH-112-13-2899,112,13,2,Karjat,Bulk Agricultural Machinery Supplier,Bulk Agricultural Machinery Supplier in Karjat Maharashtra India,Maharashtra,India
MH-112-14-2900,112,14,3,Karjat,Agricultural Machinery Marketplace,Agricultural Machinery Marketplace in Karjat Maharashtra India,Maharashtra,India
MH-112-15-2901,112,15,1,Karjat,Agricultural Machinery Procurement Company,Agricultural Machinery Procurement Company in Karjat Maharashtra India,Maharashtra,India
MH-112-16-2902,112,16,1,Karjat,Agricultural Equipment Sourcing Company,Agricultural Equipment Sourcing Company in Karjat Maharashtra India,Maharashtra,India
MH-112-17-2903,112,17,2,Karjat,Farm Machinery Wholesalers,Farm Machinery Wholesalers in Karjat Maharashtra India,Maharashtra,India
MH-112-18-2904,112,18,2,Karjat,Agricultural Machinery Supplier,Agricultural Machinery Supplier in Karjat Maharashtra India,Maharashtra,India
MH-112-19-2905,112,19,2,Karjat,Agricultural Machinery Distributor,Agricultural Machinery Distributor in Karjat Maharashtra India,Maharashtra,India
MH-112-20-2906,112,20,2,Karjat,Agricultural Machinery Dealer,Agricultural Machinery Dealer in Karjat Maharashtra India,Maharashtra,India
MH-112-21-2907,112,21,1,Karjat,Agricultural Equipment Exporter,Agricultural Equipment Exporter in Karjat Maharashtra India,Maharashtra,India
MH-112-22-2908,112,22,2,Karjat,Agricultural Machinery Wholesaler,Agricultural Machinery Wholesaler in Karjat Maharashtra India,Maharashtra,India
MH-112-23-2909,112,23,2,Karjat,Agricultural Machinery Trader,Agricultural Machinery Trader in Karjat Maharashtra India,Maharashtra,India
MH-112-24-2910,112,24,1,Karjat,Agricultural Machinery Manufacturer,Agricultural Machinery Manufacturer in Karjat Maharashtra India,Maharashtra,India
MH-112-25-2911,112,25,1,Karjat,Agricultural Equipment Procurement,Agricultural Equipment Procurement in Karjat Maharashtra India,Maharashtra,India
MH-112-26-2912,112,26,1,Karjat,Agricultural Machinery Importers,Agricultural Machinery Importers in Karjat Maharashtra India,Maharashtra,India
MH-113-01-2913,113,1,1,Ratnagiri,Agricultural Machinery Exporters List,Agricultural Machinery Exporters List in Ratnagiri Maharashtra India,Maharashtra,India
MH-113-02-2914,113,2,1,Ratnagiri,Agricultural Equipment Manufacturers List,Agricultural Equipment Manufacturers List in Ratnagiri Maharashtra India,Maharashtra,India
MH-113-03-2915,113,3,2,Ratnagiri,Farm Equipment Dealers Directory,Farm Equipment Dealers Directory in Ratnagiri Maharashtra India,Maharashtra,India
MH-113-04-2916,113,4,1,Ratnagiri,Agricultural Machinery Importer Database,Agricultural Machinery Importer Database in Ratnagiri Maharashtra India,Maharashtra,India
MH-113-05-2917,113,5,1,Ratnagiri,Agricultural Equipment Buyer List,Agricultural Equipment Buyer List in Ratnagiri Maharashtra India,Maharashtra,India
MH-113-06-2918,113,6,2,Ratnagiri,Authorized Tractor Dealer,Authorized Tractor Dealer in Ratnagiri Maharashtra India,Maharashtra,India
MH-113-07-2919,113,7,1,Ratnagiri,Farm Machinery Exporter India,Farm Machinery Exporter India in Ratnagiri Maharashtra India,Maharashtra,India
MH-113-08-2920,113,8,1,Ratnagiri,Agricultural Machinery Import Export Company,Agricultural Machinery Import Export Company in Ratnagiri Maharashtra India,Maharashtra,India
MH-113-09-2921,113,9,2,Ratnagiri,Agricultural Equipment Tender Supplier,Agricultural Equipment Tender Supplier in Ratnagiri Maharashtra India,Maharashtra,India
MH-113-10-2922,113,10,1,Ratnagiri,Oem Agricultural Machinery Manufacturer,Oem Agricultural Machinery Manufacturer in Ratnagiri Maharashtra India,Maharashtra,India
MH-113-11-2923,113,11,2,Ratnagiri,Agricultural Machinery Distributor Near Me,Agricultural Machinery Distributor Near Me in Ratnagiri Maharashtra India,Maharashtra,India
MH-113-12-2924,113,12,2,Ratnagiri,Agricultural Equipment Wholesale Distributor,Agricultural Equipment Wholesale Distributor in Ratnagiri Maharashtra India,Maharashtra,India
MH-113-13-2925,113,13,2,Ratnagiri,Bulk Agricultural Machinery Supplier,Bulk Agricultural Machinery Supplier in Ratnagiri Maharashtra India,Maharashtra,India
MH-113-14-2926,113,14,3,Ratnagiri,Agricultural Machinery Marketplace,Agricultural Machinery Marketplace in Ratnagiri Maharashtra India,Maharashtra,India
MH-113-15-2927,113,15,1,Ratnagiri,Agricultural Machinery Procurement Company,Agricultural Machinery Procurement Company in Ratnagiri Maharashtra India,Maharashtra,India
MH-113-16-2928,113,16,1,Ratnagiri,Agricultural Equipment Sourcing Company,Agricultural Equipment Sourcing Company in Ratnagiri Maharashtra India,Maharashtra,India
MH-113-17-2929,113,17,2,Ratnagiri,Farm Machinery Wholesalers,Farm Machinery Wholesalers in Ratnagiri Maharashtra India,Maharashtra,India
MH-113-18-2930,113,18,2,Ratnagiri,Agricultural Machinery Supplier,Agricultural Machinery Supplier in Ratnagiri Maharashtra India,Maharashtra,India
MH-113-19-2931,113,19,2,Ratnagiri,Agricultural Machinery Distributor,Agricultural Machinery Distributor in Ratnagiri Maharashtra India,Maharashtra,India
MH-113-20-2932,113,20,2,Ratnagiri,Agricultural Machinery Dealer,Agricultural Machinery Dealer in Ratnagiri Maharashtra India,Maharashtra,India
MH-113-21-2933,113,21,1,Ratnagiri,Agricultural Equipment Exporter,Agricultural Equipment Exporter in Ratnagiri Maharashtra India,Maharashtra,India
MH-113-22-2934,113,22,2,Ratnagiri,Agricultural Machinery Wholesaler,Agricultural Machinery Wholesaler in Ratnagiri Maharashtra India,Maharashtra,India
MH-113-23-2935,113,23,2,Ratnagiri,Agricultural Machinery Trader,Agricultural Machinery Trader in Ratnagiri Maharashtra India,Maharashtra,India
MH-113-24-2936,113,24,1,Ratnagiri,Agricultural Machinery Manufacturer,Agricultural Machinery Manufacturer in Ratnagiri Maharashtra India,Maharashtra,India
MH-113-25-2937,113,25,1,Ratnagiri,Agricultural Equipment Procurement,Agricultural Equipment Procurement in Ratnagiri Maharashtra India,Maharashtra,India
MH-113-26-2938,113,26,1,Ratnagiri,Agricultural Machinery Importers,Agricultural Machinery Importers in Ratnagiri Maharashtra India,Maharashtra,India
MH-114-01-2939,114,1,1,Chiplun,Agricultural Machinery Exporters List,Agricultural Machinery Exporters List in Chiplun Maharashtra India,Maharashtra,India
MH-114-02-2940,114,2,1,Chiplun,Agricultural Equipment Manufacturers List,Agricultural Equipment Manufacturers List in Chiplun Maharashtra India,Maharashtra,India
MH-114-03-2941,114,3,2,Chiplun,Farm Equipment Dealers Directory,Farm Equipment Dealers Directory in Chiplun Maharashtra India,Maharashtra,India
MH-114-04-2942,114,4,1,Chiplun,Agricultural Machinery Importer Database,Agricultural Machinery Importer Database in Chiplun Maharashtra India,Maharashtra,India
MH-114-05-2943,114,5,1,Chiplun,Agricultural Equipment Buyer List,Agricultural Equipment Buyer List in Chiplun Maharashtra India,Maharashtra,India
MH-114-06-2944,114,6,2,Chiplun,Authorized Tractor Dealer,Authorized Tractor Dealer in Chiplun Maharashtra India,Maharashtra,India
MH-114-07-2945,114,7,1,Chiplun,Farm Machinery Exporter India,Farm Machinery Exporter India in Chiplun Maharashtra India,Maharashtra,India
MH-114-08-2946,114,8,1,Chiplun,Agricultural Machinery Import Export Company,Agricultural Machinery Import Export Company in Chiplun Maharashtra India,Maharashtra,India
MH-114-09-2947,114,9,2,Chiplun,Agricultural Equipment Tender Supplier,Agricultural Equipment Tender Supplier in Chiplun Maharashtra India,Maharashtra,India
MH-114-10-2948,114,10,1,Chiplun,Oem Agricultural Machinery Manufacturer,Oem Agricultural Machinery Manufacturer in Chiplun Maharashtra India,Maharashtra,India
MH-114-11-2949,114,11,2,Chiplun,Agricultural Machinery Distributor Near Me,Agricultural Machinery Distributor Near Me in Chiplun Maharashtra India,Maharashtra,India
MH-114-12-2950,114,12,2,Chiplun,Agricultural Equipment Wholesale Distributor,Agricultural Equipment Wholesale Distributor in Chiplun Maharashtra India,Maharashtra,India
MH-114-13-2951,114,13,2,Chiplun,Bulk Agricultural Machinery Supplier,Bulk Agricultural Machinery Supplier in Chiplun Maharashtra India,Maharashtra,India
MH-114-14-2952,114,14,3,Chiplun,Agricultural Machinery Marketplace,Agricultural Machinery Marketplace in Chiplun Maharashtra India,Maharashtra,India
MH-114-15-2953,114,15,1,Chiplun,Agricultural Machinery Procurement Company,Agricultural Machinery Procurement Company in Chiplun Maharashtra India,Maharashtra,India
MH-114-16-2954,114,16,1,Chiplun,Agricultural Equipment Sourcing Company,Agricultural Equipment Sourcing Company in Chiplun Maharashtra India,Maharashtra,India
MH-114-17-2955,114,17,2,Chiplun,Farm Machinery Wholesalers,Farm Machinery Wholesalers in Chiplun Maharashtra India,Maharashtra,India
MH-114-18-2956,114,18,2,Chiplun,Agricultural Machinery Supplier,Agricultural Machinery Supplier in Chiplun Maharashtra India,Maharashtra,India
MH-114-19-2957,114,19,2,Chiplun,Agricultural Machinery Distributor,Agricultural Machinery Distributor in Chiplun Maharashtra India,Maharashtra,India
MH-114-20-2958,114,20,2,Chiplun,Agricultural Machinery Dealer,Agricultural Machinery Dealer in Chiplun Maharashtra India,Maharashtra,India
MH-114-21-2959,114,21,1,Chiplun,Agricultural Equipment Exporter,Agricultural Equipment Exporter in Chiplun Maharashtra India,Maharashtra,India
MH-114-22-2960,114,22,2,Chiplun,Agricultural Machinery Wholesaler,Agricultural Machinery Wholesaler in Chiplun Maharashtra India,Maharashtra,India
MH-114-23-2961,114,23,2,Chiplun,Agricultural Machinery Trader,Agricultural Machinery Trader in Chiplun Maharashtra India,Maharashtra,India
MH-114-24-2962,114,24,1,Chiplun,Agricultural Machinery Manufacturer,Agricultural Machinery Manufacturer in Chiplun Maharashtra India,Maharashtra,India
MH-114-25-2963,114,25,1,Chiplun,Agricultural Equipment Procurement,Agricultural Equipment Procurement in Chiplun Maharashtra India,Maharashtra,India
MH-114-26-2964,114,26,1,Chiplun,Agricultural Machinery Importers,Agricultural Machinery Importers in Chiplun Maharashtra India,Maharashtra,India
MH-115-01-2965,115,1,1,Khed,Agricultural Machinery Exporters List,Agricultural Machinery Exporters List in Khed Maharashtra India,Maharashtra,India
MH-115-02-2966,115,2,1,Khed,Agricultural Equipment Manufacturers List,Agricultural Equipment Manufacturers List in Khed Maharashtra India,Maharashtra,India
MH-115-03-2967,115,3,2,Khed,Farm Equipment Dealers Directory,Farm Equipment Dealers Directory in Khed Maharashtra India,Maharashtra,India
MH-115-04-2968,115,4,1,Khed,Agricultural Machinery Importer Database,Agricultural Machinery Importer Database in Khed Maharashtra India,Maharashtra,India
MH-115-05-2969,115,5,1,Khed,Agricultural Equipment Buyer List,Agricultural Equipment Buyer List in Khed Maharashtra India,Maharashtra,India
MH-115-06-2970,115,6,2,Khed,Authorized Tractor Dealer,Authorized Tractor Dealer in Khed Maharashtra India,Maharashtra,India
MH-115-07-2971,115,7,1,Khed,Farm Machinery Exporter India,Farm Machinery Exporter India in Khed Maharashtra India,Maharashtra,India
MH-115-08-2972,115,8,1,Khed,Agricultural Machinery Import Export Company,Agricultural Machinery Import Export Company in Khed Maharashtra India,Maharashtra,India
MH-115-09-2973,115,9,2,Khed,Agricultural Equipment Tender Supplier,Agricultural Equipment Tender Supplier in Khed Maharashtra India,Maharashtra,India
MH-115-10-2974,115,10,1,Khed,Oem Agricultural Machinery Manufacturer,Oem Agricultural Machinery Manufacturer in Khed Maharashtra India,Maharashtra,India
MH-115-11-2975,115,11,2,Khed,Agricultural Machinery Distributor Near Me,Agricultural Machinery Distributor Near Me in Khed Maharashtra India,Maharashtra,India
MH-115-12-2976,115,12,2,Khed,Agricultural Equipment Wholesale Distributor,Agricultural Equipment Wholesale Distributor in Khed Maharashtra India,Maharashtra,India
MH-115-13-2977,115,13,2,Khed,Bulk Agricultural Machinery Supplier,Bulk Agricultural Machinery Supplier in Khed Maharashtra India,Maharashtra,India
MH-115-14-2978,115,14,3,Khed,Agricultural Machinery Marketplace,Agricultural Machinery Marketplace in Khed Maharashtra India,Maharashtra,India
MH-115-15-2979,115,15,1,Khed,Agricultural Machinery Procurement Company,Agricultural Machinery Procurement Company in Khed Maharashtra India,Maharashtra,India
MH-115-16-2980,115,16,1,Khed,Agricultural Equipment Sourcing Company,Agricultural Equipment Sourcing Company in Khed Maharashtra India,Maharashtra,India
MH-115-17-2981,115,17,2,Khed,Farm Machinery Wholesalers,Farm Machinery Wholesalers in Khed Maharashtra India,Maharashtra,India
MH-115-18-2982,115,18,2,Khed,Agricultural Machinery Supplier,Agricultural Machinery Supplier in Khed Maharashtra India,Maharashtra,India
MH-115-19-2983,115,19,2,Khed,Agricultural Machinery Distributor,Agricultural Machinery Distributor in Khed Maharashtra India,Maharashtra,India
MH-115-20-2984,115,20,2,Khed,Agricultural Machinery Dealer,Agricultural Machinery Dealer in Khed Maharashtra India,Maharashtra,India
MH-115-21-2985,115,21,1,Khed,Agricultural Equipment Exporter,Agricultural Equipment Exporter in Khed Maharashtra India,Maharashtra,India
MH-115-22-2986,115,22,2,Khed,Agricultural Machinery Wholesaler,Agricultural Machinery Wholesaler in Khed Maharashtra India,Maharashtra,India
MH-115-23-2987,115,23,2,Khed,Agricultural Machinery Trader,Agricultural Machinery Trader in Khed Maharashtra India,Maharashtra,India
MH-115-24-2988,115,24,1,Khed,Agricultural Machinery Manufacturer,Agricultural Machinery Manufacturer in Khed Maharashtra India,Maharashtra,India
MH-115-25-2989,115,25,1,Khed,Agricultural Equipment Procurement,Agricultural Equipment Procurement in Khed Maharashtra India,Maharashtra,India
MH-115-26-2990,115,26,1,Khed,Agricultural Machinery Importers,Agricultural Machinery Importers in Khed Maharashtra India,Maharashtra,India
MH-116-01-2991,116,1,1,Dapoli,Agricultural Machinery Exporters List,Agricultural Machinery Exporters List in Dapoli Maharashtra India,Maharashtra,India
MH-116-02-2992,116,2,1,Dapoli,Agricultural Equipment Manufacturers List,Agricultural Equipment Manufacturers List in Dapoli Maharashtra India,Maharashtra,India
MH-116-03-2993,116,3,2,Dapoli,Farm Equipment Dealers Directory,Farm Equipment Dealers Directory in Dapoli Maharashtra India,Maharashtra,India
MH-116-04-2994,116,4,1,Dapoli,Agricultural Machinery Importer Database,Agricultural Machinery Importer Database in Dapoli Maharashtra India,Maharashtra,India
MH-116-05-2995,116,5,1,Dapoli,Agricultural Equipment Buyer List,Agricultural Equipment Buyer List in Dapoli Maharashtra India,Maharashtra,India
MH-116-06-2996,116,6,2,Dapoli,Authorized Tractor Dealer,Authorized Tractor Dealer in Dapoli Maharashtra India,Maharashtra,India
MH-116-07-2997,116,7,1,Dapoli,Farm Machinery Exporter India,Farm Machinery Exporter India in Dapoli Maharashtra India,Maharashtra,India
MH-116-08-2998,116,8,1,Dapoli,Agricultural Machinery Import Export Company,Agricultural Machinery Import Export Company in Dapoli Maharashtra India,Maharashtra,India
MH-116-09-2999,116,9,2,Dapoli,Agricultural Equipment Tender Supplier,Agricultural Equipment Tender Supplier in Dapoli Maharashtra India,Maharashtra,India
MH-116-10-3000,116,10,1,Dapoli,Oem Agricultural Machinery Manufacturer,Oem Agricultural Machinery Manufacturer in Dapoli Maharashtra India,Maharashtra,India
MH-116-11-3001,116,11,2,Dapoli,Agricultural Machinery Distributor Near Me,Agricultural Machinery Distributor Near Me in Dapoli Maharashtra India,Maharashtra,India
MH-116-12-3002,116,12,2,Dapoli,Agricultural Equipment Wholesale Distributor,Agricultural Equipment Wholesale Distributor in Dapoli Maharashtra India,Maharashtra,India
MH-116-13-3003,116,13,2,Dapoli,Bulk Agricultural Machinery Supplier,Bulk Agricultural Machinery Supplier in Dapoli Maharashtra India,Maharashtra,India
MH-116-14-3004,116,14,3,Dapoli,Agricultural Machinery Marketplace,Agricultural Machinery Marketplace in Dapoli Maharashtra India,Maharashtra,India
MH-116-15-3005,116,15,1,Dapoli,Agricultural Machinery Procurement Company,Agricultural Machinery Procurement Company in Dapoli Maharashtra India,Maharashtra,India
MH-116-16-3006,116,16,1,Dapoli,Agricultural Equipment Sourcing Company,Agricultural Equipment Sourcing Company in Dapoli Maharashtra India,Maharashtra,India
MH-116-17-3007,116,17,2,Dapoli,Farm Machinery Wholesalers,Farm Machinery Wholesalers in Dapoli Maharashtra India,Maharashtra,India
MH-116-18-3008,116,18,2,Dapoli,Agricultural Machinery Supplier,Agricultural Machinery Supplier in Dapoli Maharashtra India,Maharashtra,India
MH-116-19-3009,116,19,2,Dapoli,Agricultural Machinery Distributor,Agricultural Machinery Distributor in Dapoli Maharashtra India,Maharashtra,India
MH-116-20-3010,116,20,2,Dapoli,Agricultural Machinery Dealer,Agricultural Machinery Dealer in Dapoli Maharashtra India,Maharashtra,India
MH-116-21-3011,116,21,1,Dapoli,Agricultural Equipment Exporter,Agricultural Equipment Exporter in Dapoli Maharashtra India,Maharashtra,India
MH-116-22-3012,116,22,2,Dapoli,Agricultural Machinery Wholesaler,Agricultural Machinery Wholesaler in Dapoli Maharashtra India,Maharashtra,India
MH-116-23-3013,116,23,2,Dapoli,Agricultural Machinery Trader,Agricultural Machinery Trader in Dapoli Maharashtra India,Maharashtra,India
MH-116-24-3014,116,24,1,Dapoli,Agricultural Machinery Manufacturer,Agricultural Machinery Manufacturer in Dapoli Maharashtra India,Maharashtra,India
MH-116-25-3015,116,25,1,Dapoli,Agricultural Equipment Procurement,Agricultural Equipment Procurement in Dapoli Maharashtra India,Maharashtra,India
MH-116-26-3016,116,26,1,Dapoli,Agricultural Machinery Importers,Agricultural Machinery Importers in Dapoli Maharashtra India,Maharashtra,India
MH-117-01-3017,117,1,1,Sangli,Agricultural Machinery Exporters List,Agricultural Machinery Exporters List in Sangli Maharashtra India,Maharashtra,India
MH-117-02-3018,117,2,1,Sangli,Agricultural Equipment Manufacturers List,Agricultural Equipment Manufacturers List in Sangli Maharashtra India,Maharashtra,India
MH-117-03-3019,117,3,2,Sangli,Farm Equipment Dealers Directory,Farm Equipment Dealers Directory in Sangli Maharashtra India,Maharashtra,India
MH-117-04-3020,117,4,1,Sangli,Agricultural Machinery Importer Database,Agricultural Machinery Importer Database in Sangli Maharashtra India,Maharashtra,India
MH-117-05-3021,117,5,1,Sangli,Agricultural Equipment Buyer List,Agricultural Equipment Buyer List in Sangli Maharashtra India,Maharashtra,India
MH-117-06-3022,117,6,2,Sangli,Authorized Tractor Dealer,Authorized Tractor Dealer in Sangli Maharashtra India,Maharashtra,India
MH-117-07-3023,117,7,1,Sangli,Farm Machinery Exporter India,Farm Machinery Exporter India in Sangli Maharashtra India,Maharashtra,India
MH-117-08-3024,117,8,1,Sangli,Agricultural Machinery Import Export Company,Agricultural Machinery Import Export Company in Sangli Maharashtra India,Maharashtra,India
MH-117-09-3025,117,9,2,Sangli,Agricultural Equipment Tender Supplier,Agricultural Equipment Tender Supplier in Sangli Maharashtra India,Maharashtra,India
MH-117-10-3026,117,10,1,Sangli,Oem Agricultural Machinery Manufacturer,Oem Agricultural Machinery Manufacturer in Sangli Maharashtra India,Maharashtra,India
MH-117-11-3027,117,11,2,Sangli,Agricultural Machinery Distributor Near Me,Agricultural Machinery Distributor Near Me in Sangli Maharashtra India,Maharashtra,India
MH-117-12-3028,117,12,2,Sangli,Agricultural Equipment Wholesale Distributor,Agricultural Equipment Wholesale Distributor in Sangli Maharashtra India,Maharashtra,India
MH-117-13-3029,117,13,2,Sangli,Bulk Agricultural Machinery Supplier,Bulk Agricultural Machinery Supplier in Sangli Maharashtra India,Maharashtra,India
MH-117-14-3030,117,14,3,Sangli,Agricultural Machinery Marketplace,Agricultural Machinery Marketplace in Sangli Maharashtra India,Maharashtra,India
MH-117-15-3031,117,15,1,Sangli,Agricultural Machinery Procurement Company,Agricultural Machinery Procurement Company in Sangli Maharashtra India,Maharashtra,India
MH-117-16-3032,117,16,1,Sangli,Agricultural Equipment Sourcing Company,Agricultural Equipment Sourcing Company in Sangli Maharashtra India,Maharashtra,India
MH-117-17-3033,117,17,2,Sangli,Farm Machinery Wholesalers,Farm Machinery Wholesalers in Sangli Maharashtra India,Maharashtra,India
MH-117-18-3034,117,18,2,Sangli,Agricultural Machinery Supplier,Agricultural Machinery Supplier in Sangli Maharashtra India,Maharashtra,India
MH-117-19-3035,117,19,2,Sangli,Agricultural Machinery Distributor,Agricultural Machinery Distributor in Sangli Maharashtra India,Maharashtra,India
MH-117-20-3036,117,20,2,Sangli,Agricultural Machinery Dealer,Agricultural Machinery Dealer in Sangli Maharashtra India,Maharashtra,India
MH-117-21-3037,117,21,1,Sangli,Agricultural Equipment Exporter,Agricultural Equipment Exporter in Sangli Maharashtra India,Maharashtra,India
MH-117-22-3038,117,22,2,Sangli,Agricultural Machinery Wholesaler,Agricultural Machinery Wholesaler in Sangli Maharashtra India,Maharashtra,India
MH-117-23-3039,117,23,2,Sangli,Agricultural Machinery Trader,Agricultural Machinery Trader in Sangli Maharashtra India,Maharashtra,India
MH-117-24-3040,117,24,1,Sangli,Agricultural Machinery Manufacturer,Agricultural Machinery Manufacturer in Sangli Maharashtra India,Maharashtra,India
MH-117-25-3041,117,25,1,Sangli,Agricultural Equipment Procurement,Agricultural Equipment Procurement in Sangli Maharashtra India,Maharashtra,India
MH-117-26-3042,117,26,1,Sangli,Agricultural Machinery Importers,Agricultural Machinery Importers in Sangli Maharashtra India,Maharashtra,India
MH-118-01-3043,118,1,1,Miraj,Agricultural Machinery Exporters List,Agricultural Machinery Exporters List in Miraj Maharashtra India,Maharashtra,India
MH-118-02-3044,118,2,1,Miraj,Agricultural Equipment Manufacturers List,Agricultural Equipment Manufacturers List in Miraj Maharashtra India,Maharashtra,India
MH-118-03-3045,118,3,2,Miraj,Farm Equipment Dealers Directory,Farm Equipment Dealers Directory in Miraj Maharashtra India,Maharashtra,India
MH-118-04-3046,118,4,1,Miraj,Agricultural Machinery Importer Database,Agricultural Machinery Importer Database in Miraj Maharashtra India,Maharashtra,India
MH-118-05-3047,118,5,1,Miraj,Agricultural Equipment Buyer List,Agricultural Equipment Buyer List in Miraj Maharashtra India,Maharashtra,India
MH-118-06-3048,118,6,2,Miraj,Authorized Tractor Dealer,Authorized Tractor Dealer in Miraj Maharashtra India,Maharashtra,India
MH-118-07-3049,118,7,1,Miraj,Farm Machinery Exporter India,Farm Machinery Exporter India in Miraj Maharashtra India,Maharashtra,India
MH-118-08-3050,118,8,1,Miraj,Agricultural Machinery Import Export Company,Agricultural Machinery Import Export Company in Miraj Maharashtra India,Maharashtra,India
MH-118-09-3051,118,9,2,Miraj,Agricultural Equipment Tender Supplier,Agricultural Equipment Tender Supplier in Miraj Maharashtra India,Maharashtra,India
MH-118-10-3052,118,10,1,Miraj,Oem Agricultural Machinery Manufacturer,Oem Agricultural Machinery Manufacturer in Miraj Maharashtra India,Maharashtra,India
MH-118-11-3053,118,11,2,Miraj,Agricultural Machinery Distributor Near Me,Agricultural Machinery Distributor Near Me in Miraj Maharashtra India,Maharashtra,India
MH-118-12-3054,118,12,2,Miraj,Agricultural Equipment Wholesale Distributor,Agricultural Equipment Wholesale Distributor in Miraj Maharashtra India,Maharashtra,India
MH-118-13-3055,118,13,2,Miraj,Bulk Agricultural Machinery Supplier,Bulk Agricultural Machinery Supplier in Miraj Maharashtra India,Maharashtra,India
MH-118-14-3056,118,14,3,Miraj,Agricultural Machinery Marketplace,Agricultural Machinery Marketplace in Miraj Maharashtra India,Maharashtra,India
MH-118-15-3057,118,15,1,Miraj,Agricultural Machinery Procurement Company,Agricultural Machinery Procurement Company in Miraj Maharashtra India,Maharashtra,India
MH-118-16-3058,118,16,1,Miraj,Agricultural Equipment Sourcing Company,Agricultural Equipment Sourcing Company in Miraj Maharashtra India,Maharashtra,India
MH-118-17-3059,118,17,2,Miraj,Farm Machinery Wholesalers,Farm Machinery Wholesalers in Miraj Maharashtra India,Maharashtra,India
MH-118-18-3060,118,18,2,Miraj,Agricultural Machinery Supplier,Agricultural Machinery Supplier in Miraj Maharashtra India,Maharashtra,India
MH-118-19-3061,118,19,2,Miraj,Agricultural Machinery Distributor,Agricultural Machinery Distributor in Miraj Maharashtra India,Maharashtra,India
MH-118-20-3062,118,20,2,Miraj,Agricultural Machinery Dealer,Agricultural Machinery Dealer in Miraj Maharashtra India,Maharashtra,India
MH-118-21-3063,118,21,1,Miraj,Agricultural Equipment Exporter,Agricultural Equipment Exporter in Miraj Maharashtra India,Maharashtra,India
MH-118-22-3064,118,22,2,Miraj,Agricultural Machinery Wholesaler,Agricultural Machinery Wholesaler in Miraj Maharashtra India,Maharashtra,India
MH-118-23-3065,118,23,2,Miraj,Agricultural Machinery Trader,Agricultural Machinery Trader in Miraj Maharashtra India,Maharashtra,India
MH-118-24-3066,118,24,1,Miraj,Agricultural Machinery Manufacturer,Agricultural Machinery Manufacturer in Miraj Maharashtra India,Maharashtra,India
MH-118-25-3067,118,25,1,Miraj,Agricultural Equipment Procurement,Agricultural Equipment Procurement in Miraj Maharashtra India,Maharashtra,India
MH-118-26-3068,118,26,1,Miraj,Agricultural Machinery Importers,Agricultural Machinery Importers in Miraj Maharashtra India,Maharashtra,India
MH-119-01-3069,119,1,1,Kupwad,Agricultural Machinery Exporters List,Agricultural Machinery Exporters List in Kupwad Maharashtra India,Maharashtra,India
MH-119-02-3070,119,2,1,Kupwad,Agricultural Equipment Manufacturers List,Agricultural Equipment Manufacturers List in Kupwad Maharashtra India,Maharashtra,India
MH-119-03-3071,119,3,2,Kupwad,Farm Equipment Dealers Directory,Farm Equipment Dealers Directory in Kupwad Maharashtra India,Maharashtra,India
MH-119-04-3072,119,4,1,Kupwad,Agricultural Machinery Importer Database,Agricultural Machinery Importer Database in Kupwad Maharashtra India,Maharashtra,India
MH-119-05-3073,119,5,1,Kupwad,Agricultural Equipment Buyer List,Agricultural Equipment Buyer List in Kupwad Maharashtra India,Maharashtra,India
MH-119-06-3074,119,6,2,Kupwad,Authorized Tractor Dealer,Authorized Tractor Dealer in Kupwad Maharashtra India,Maharashtra,India
MH-119-07-3075,119,7,1,Kupwad,Farm Machinery Exporter India,Farm Machinery Exporter India in Kupwad Maharashtra India,Maharashtra,India
MH-119-08-3076,119,8,1,Kupwad,Agricultural Machinery Import Export Company,Agricultural Machinery Import Export Company in Kupwad Maharashtra India,Maharashtra,India
MH-119-09-3077,119,9,2,Kupwad,Agricultural Equipment Tender Supplier,Agricultural Equipment Tender Supplier in Kupwad Maharashtra India,Maharashtra,India
MH-119-10-3078,119,10,1,Kupwad,Oem Agricultural Machinery Manufacturer,Oem Agricultural Machinery Manufacturer in Kupwad Maharashtra India,Maharashtra,India
MH-119-11-3079,119,11,2,Kupwad,Agricultural Machinery Distributor Near Me,Agricultural Machinery Distributor Near Me in Kupwad Maharashtra India,Maharashtra,India
MH-119-12-3080,119,12,2,Kupwad,Agricultural Equipment Wholesale Distributor,Agricultural Equipment Wholesale Distributor in Kupwad Maharashtra India,Maharashtra,India
MH-119-13-3081,119,13,2,Kupwad,Bulk Agricultural Machinery Supplier,Bulk Agricultural Machinery Supplier in Kupwad Maharashtra India,Maharashtra,India
MH-119-14-3082,119,14,3,Kupwad,Agricultural Machinery Marketplace,Agricultural Machinery Marketplace in Kupwad Maharashtra India,Maharashtra,India
MH-119-15-3083,119,15,1,Kupwad,Agricultural Machinery Procurement Company,Agricultural Machinery Procurement Company in Kupwad Maharashtra India,Maharashtra,India
MH-119-16-3084,119,16,1,Kupwad,Agricultural Equipment Sourcing Company,Agricultural Equipment Sourcing Company in Kupwad Maharashtra India,Maharashtra,India
MH-119-17-3085,119,17,2,Kupwad,Farm Machinery Wholesalers,Farm Machinery Wholesalers in Kupwad Maharashtra India,Maharashtra,India
MH-119-18-3086,119,18,2,Kupwad,Agricultural Machinery Supplier,Agricultural Machinery Supplier in Kupwad Maharashtra India,Maharashtra,India
MH-119-19-3087,119,19,2,Kupwad,Agricultural Machinery Distributor,Agricultural Machinery Distributor in Kupwad Maharashtra India,Maharashtra,India
MH-119-20-3088,119,20,2,Kupwad,Agricultural Machinery Dealer,Agricultural Machinery Dealer in Kupwad Maharashtra India,Maharashtra,India
MH-119-21-3089,119,21,1,Kupwad,Agricultural Equipment Exporter,Agricultural Equipment Exporter in Kupwad Maharashtra India,Maharashtra,India
MH-119-22-3090,119,22,2,Kupwad,Agricultural Machinery Wholesaler,Agricultural Machinery Wholesaler in Kupwad Maharashtra India,Maharashtra,India
MH-119-23-3091,119,23,2,Kupwad,Agricultural Machinery Trader,Agricultural Machinery Trader in Kupwad Maharashtra India,Maharashtra,India
MH-119-24-3092,119,24,1,Kupwad,Agricultural Machinery Manufacturer,Agricultural Machinery Manufacturer in Kupwad Maharashtra India,Maharashtra,India
MH-119-25-3093,119,25,1,Kupwad,Agricultural Equipment Procurement,Agricultural Equipment Procurement in Kupwad Maharashtra India,Maharashtra,India
MH-119-26-3094,119,26,1,Kupwad,Agricultural Machinery Importers,Agricultural Machinery Importers in Kupwad Maharashtra India,Maharashtra,India
MH-120-01-3095,120,1,1,Tasgaon,Agricultural Machinery Exporters List,Agricultural Machinery Exporters List in Tasgaon Maharashtra India,Maharashtra,India
MH-120-02-3096,120,2,1,Tasgaon,Agricultural Equipment Manufacturers List,Agricultural Equipment Manufacturers List in Tasgaon Maharashtra India,Maharashtra,India
MH-120-03-3097,120,3,2,Tasgaon,Farm Equipment Dealers Directory,Farm Equipment Dealers Directory in Tasgaon Maharashtra India,Maharashtra,India
MH-120-04-3098,120,4,1,Tasgaon,Agricultural Machinery Importer Database,Agricultural Machinery Importer Database in Tasgaon Maharashtra India,Maharashtra,India
MH-120-05-3099,120,5,1,Tasgaon,Agricultural Equipment Buyer List,Agricultural Equipment Buyer List in Tasgaon Maharashtra India,Maharashtra,India
MH-120-06-3100,120,6,2,Tasgaon,Authorized Tractor Dealer,Authorized Tractor Dealer in Tasgaon Maharashtra India,Maharashtra,India
MH-120-07-3101,120,7,1,Tasgaon,Farm Machinery Exporter India,Farm Machinery Exporter India in Tasgaon Maharashtra India,Maharashtra,India
MH-120-08-3102,120,8,1,Tasgaon,Agricultural Machinery Import Export Company,Agricultural Machinery Import Export Company in Tasgaon Maharashtra India,Maharashtra,India
MH-120-09-3103,120,9,2,Tasgaon,Agricultural Equipment Tender Supplier,Agricultural Equipment Tender Supplier in Tasgaon Maharashtra India,Maharashtra,India
MH-120-10-3104,120,10,1,Tasgaon,Oem Agricultural Machinery Manufacturer,Oem Agricultural Machinery Manufacturer in Tasgaon Maharashtra India,Maharashtra,India
MH-120-11-3105,120,11,2,Tasgaon,Agricultural Machinery Distributor Near Me,Agricultural Machinery Distributor Near Me in Tasgaon Maharashtra India,Maharashtra,India
MH-120-12-3106,120,12,2,Tasgaon,Agricultural Equipment Wholesale Distributor,Agricultural Equipment Wholesale Distributor in Tasgaon Maharashtra India,Maharashtra,India
MH-120-13-3107,120,13,2,Tasgaon,Bulk Agricultural Machinery Supplier,Bulk Agricultural Machinery Supplier in Tasgaon Maharashtra India,Maharashtra,India
MH-120-14-3108,120,14,3,Tasgaon,Agricultural Machinery Marketplace,Agricultural Machinery Marketplace in Tasgaon Maharashtra India,Maharashtra,India
MH-120-15-3109,120,15,1,Tasgaon,Agricultural Machinery Procurement Company,Agricultural Machinery Procurement Company in Tasgaon Maharashtra India,Maharashtra,India
MH-120-16-3110,120,16,1,Tasgaon,Agricultural Equipment Sourcing Company,Agricultural Equipment Sourcing Company in Tasgaon Maharashtra India,Maharashtra,India
MH-120-17-3111,120,17,2,Tasgaon,Farm Machinery Wholesalers,Farm Machinery Wholesalers in Tasgaon Maharashtra India,Maharashtra,India
MH-120-18-3112,120,18,2,Tasgaon,Agricultural Machinery Supplier,Agricultural Machinery Supplier in Tasgaon Maharashtra India,Maharashtra,India
MH-120-19-3113,120,19,2,Tasgaon,Agricultural Machinery Distributor,Agricultural Machinery Distributor in Tasgaon Maharashtra India,Maharashtra,India
MH-120-20-3114,120,20,2,Tasgaon,Agricultural Machinery Dealer,Agricultural Machinery Dealer in Tasgaon Maharashtra India,Maharashtra,India
MH-120-21-3115,120,21,1,Tasgaon,Agricultural Equipment Exporter,Agricultural Equipment Exporter in Tasgaon Maharashtra India,Maharashtra,India
MH-120-22-3116,120,22,2,Tasgaon,Agricultural Machinery Wholesaler,Agricultural Machinery Wholesaler in Tasgaon Maharashtra India,Maharashtra,India
MH-120-23-3117,120,23,2,Tasgaon,Agricultural Machinery Trader,Agricultural Machinery Trader in Tasgaon Maharashtra India,Maharashtra,India
MH-120-24-3118,120,24,1,Tasgaon,Agricultural Machinery Manufacturer,Agricultural Machinery Manufacturer in Tasgaon Maharashtra India,Maharashtra,India
MH-120-25-3119,120,25,1,Tasgaon,Agricultural Equipment Procurement,Agricultural Equipment Procurement in Tasgaon Maharashtra India,Maharashtra,India
MH-120-26-3120,120,26,1,Tasgaon,Agricultural Machinery Importers,Agricultural Machinery Importers in Tasgaon Maharashtra India,Maharashtra,India
MH-121-01-3121,121,1,1,Satara,Agricultural Machinery Exporters List,Agricultural Machinery Exporters List in Satara Maharashtra India,Maharashtra,India
MH-121-02-3122,121,2,1,Satara,Agricultural Equipment Manufacturers List,Agricultural Equipment Manufacturers List in Satara Maharashtra India,Maharashtra,India
MH-121-03-3123,121,3,2,Satara,Farm Equipment Dealers Directory,Farm Equipment Dealers Directory in Satara Maharashtra India,Maharashtra,India
MH-121-04-3124,121,4,1,Satara,Agricultural Machinery Importer Database,Agricultural Machinery Importer Database in Satara Maharashtra India,Maharashtra,India
MH-121-05-3125,121,5,1,Satara,Agricultural Equipment Buyer List,Agricultural Equipment Buyer List in Satara Maharashtra India,Maharashtra,India
MH-121-06-3126,121,6,2,Satara,Authorized Tractor Dealer,Authorized Tractor Dealer in Satara Maharashtra India,Maharashtra,India
MH-121-07-3127,121,7,1,Satara,Farm Machinery Exporter India,Farm Machinery Exporter India in Satara Maharashtra India,Maharashtra,India
MH-121-08-3128,121,8,1,Satara,Agricultural Machinery Import Export Company,Agricultural Machinery Import Export Company in Satara Maharashtra India,Maharashtra,India
MH-121-09-3129,121,9,2,Satara,Agricultural Equipment Tender Supplier,Agricultural Equipment Tender Supplier in Satara Maharashtra India,Maharashtra,India
MH-121-10-3130,121,10,1,Satara,Oem Agricultural Machinery Manufacturer,Oem Agricultural Machinery Manufacturer in Satara Maharashtra India,Maharashtra,India
MH-121-11-3131,121,11,2,Satara,Agricultural Machinery Distributor Near Me,Agricultural Machinery Distributor Near Me in Satara Maharashtra India,Maharashtra,India
MH-121-12-3132,121,12,2,Satara,Agricultural Equipment Wholesale Distributor,Agricultural Equipment Wholesale Distributor in Satara Maharashtra India,Maharashtra,India
MH-121-13-3133,121,13,2,Satara,Bulk Agricultural Machinery Supplier,Bulk Agricultural Machinery Supplier in Satara Maharashtra India,Maharashtra,India
MH-121-14-3134,121,14,3,Satara,Agricultural Machinery Marketplace,Agricultural Machinery Marketplace in Satara Maharashtra India,Maharashtra,India
MH-121-15-3135,121,15,1,Satara,Agricultural Machinery Procurement Company,Agricultural Machinery Procurement Company in Satara Maharashtra India,Maharashtra,India
MH-121-16-3136,121,16,1,Satara,Agricultural Equipment Sourcing Company,Agricultural Equipment Sourcing Company in Satara Maharashtra India,Maharashtra,India
MH-121-17-3137,121,17,2,Satara,Farm Machinery Wholesalers,Farm Machinery Wholesalers in Satara Maharashtra India,Maharashtra,India
MH-121-18-3138,121,18,2,Satara,Agricultural Machinery Supplier,Agricultural Machinery Supplier in Satara Maharashtra India,Maharashtra,India
MH-121-19-3139,121,19,2,Satara,Agricultural Machinery Distributor,Agricultural Machinery Distributor in Satara Maharashtra India,Maharashtra,India
MH-121-20-3140,121,20,2,Satara,Agricultural Machinery Dealer,Agricultural Machinery Dealer in Satara Maharashtra India,Maharashtra,India
MH-121-21-3141,121,21,1,Satara,Agricultural Equipment Exporter,Agricultural Equipment Exporter in Satara Maharashtra India,Maharashtra,India
MH-121-22-3142,121,22,2,Satara,Agricultural Machinery Wholesaler,Agricultural Machinery Wholesaler in Satara Maharashtra India,Maharashtra,India
MH-121-23-3143,121,23,2,Satara,Agricultural Machinery Trader,Agricultural Machinery Trader in Satara Maharashtra India,Maharashtra,India
MH-121-24-3144,121,24,1,Satara,Agricultural Machinery Manufacturer,Agricultural Machinery Manufacturer in Satara Maharashtra India,Maharashtra,India
MH-121-25-3145,121,25,1,Satara,Agricultural Equipment Procurement,Agricultural Equipment Procurement in Satara Maharashtra India,Maharashtra,India
MH-121-26-3146,121,26,1,Satara,Agricultural Machinery Importers,Agricultural Machinery Importers in Satara Maharashtra India,Maharashtra,India
MH-122-01-3147,122,1,1,Karad,Agricultural Machinery Exporters List,Agricultural Machinery Exporters List in Karad Maharashtra India,Maharashtra,India
MH-122-02-3148,122,2,1,Karad,Agricultural Equipment Manufacturers List,Agricultural Equipment Manufacturers List in Karad Maharashtra India,Maharashtra,India
MH-122-03-3149,122,3,2,Karad,Farm Equipment Dealers Directory,Farm Equipment Dealers Directory in Karad Maharashtra India,Maharashtra,India
MH-122-04-3150,122,4,1,Karad,Agricultural Machinery Importer Database,Agricultural Machinery Importer Database in Karad Maharashtra India,Maharashtra,India
MH-122-05-3151,122,5,1,Karad,Agricultural Equipment Buyer List,Agricultural Equipment Buyer List in Karad Maharashtra India,Maharashtra,India
MH-122-06-3152,122,6,2,Karad,Authorized Tractor Dealer,Authorized Tractor Dealer in Karad Maharashtra India,Maharashtra,India
MH-122-07-3153,122,7,1,Karad,Farm Machinery Exporter India,Farm Machinery Exporter India in Karad Maharashtra India,Maharashtra,India
MH-122-08-3154,122,8,1,Karad,Agricultural Machinery Import Export Company,Agricultural Machinery Import Export Company in Karad Maharashtra India,Maharashtra,India
MH-122-09-3155,122,9,2,Karad,Agricultural Equipment Tender Supplier,Agricultural Equipment Tender Supplier in Karad Maharashtra India,Maharashtra,India
MH-122-10-3156,122,10,1,Karad,Oem Agricultural Machinery Manufacturer,Oem Agricultural Machinery Manufacturer in Karad Maharashtra India,Maharashtra,India
MH-122-11-3157,122,11,2,Karad,Agricultural Machinery Distributor Near Me,Agricultural Machinery Distributor Near Me in Karad Maharashtra India,Maharashtra,India
MH-122-12-3158,122,12,2,Karad,Agricultural Equipment Wholesale Distributor,Agricultural Equipment Wholesale Distributor in Karad Maharashtra India,Maharashtra,India
MH-122-13-3159,122,13,2,Karad,Bulk Agricultural Machinery Supplier,Bulk Agricultural Machinery Supplier in Karad Maharashtra India,Maharashtra,India
MH-122-14-3160,122,14,3,Karad,Agricultural Machinery Marketplace,Agricultural Machinery Marketplace in Karad Maharashtra India,Maharashtra,India
MH-122-15-3161,122,15,1,Karad,Agricultural Machinery Procurement Company,Agricultural Machinery Procurement Company in Karad Maharashtra India,Maharashtra,India
MH-122-16-3162,122,16,1,Karad,Agricultural Equipment Sourcing Company,Agricultural Equipment Sourcing Company in Karad Maharashtra India,Maharashtra,India
MH-122-17-3163,122,17,2,Karad,Farm Machinery Wholesalers,Farm Machinery Wholesalers in Karad Maharashtra India,Maharashtra,India
MH-122-18-3164,122,18,2,Karad,Agricultural Machinery Supplier,Agricultural Machinery Supplier in Karad Maharashtra India,Maharashtra,India
MH-122-19-3165,122,19,2,Karad,Agricultural Machinery Distributor,Agricultural Machinery Distributor in Karad Maharashtra India,Maharashtra,India
MH-122-20-3166,122,20,2,Karad,Agricultural Machinery Dealer,Agricultural Machinery Dealer in Karad Maharashtra India,Maharashtra,India
MH-122-21-3167,122,21,1,Karad,Agricultural Equipment Exporter,Agricultural Equipment Exporter in Karad Maharashtra India,Maharashtra,India
MH-122-22-3168,122,22,2,Karad,Agricultural Machinery Wholesaler,Agricultural Machinery Wholesaler in Karad Maharashtra India,Maharashtra,India
MH-122-23-3169,122,23,2,Karad,Agricultural Machinery Trader,Agricultural Machinery Trader in Karad Maharashtra India,Maharashtra,India
MH-122-24-3170,122,24,1,Karad,Agricultural Machinery Manufacturer,Agricultural Machinery Manufacturer in Karad Maharashtra India,Maharashtra,India
MH-122-25-3171,122,25,1,Karad,Agricultural Equipment Procurement,Agricultural Equipment Procurement in Karad Maharashtra India,Maharashtra,India
MH-122-26-3172,122,26,1,Karad,Agricultural Machinery Importers,Agricultural Machinery Importers in Karad Maharashtra India,Maharashtra,India
MH-123-01-3173,123,1,1,Wai,Agricultural Machinery Exporters List,Agricultural Machinery Exporters List in Wai Maharashtra India,Maharashtra,India
MH-123-02-3174,123,2,1,Wai,Agricultural Equipment Manufacturers List,Agricultural Equipment Manufacturers List in Wai Maharashtra India,Maharashtra,India
MH-123-03-3175,123,3,2,Wai,Farm Equipment Dealers Directory,Farm Equipment Dealers Directory in Wai Maharashtra India,Maharashtra,India
MH-123-04-3176,123,4,1,Wai,Agricultural Machinery Importer Database,Agricultural Machinery Importer Database in Wai Maharashtra India,Maharashtra,India
MH-123-05-3177,123,5,1,Wai,Agricultural Equipment Buyer List,Agricultural Equipment Buyer List in Wai Maharashtra India,Maharashtra,India
MH-123-06-3178,123,6,2,Wai,Authorized Tractor Dealer,Authorized Tractor Dealer in Wai Maharashtra India,Maharashtra,India
MH-123-07-3179,123,7,1,Wai,Farm Machinery Exporter India,Farm Machinery Exporter India in Wai Maharashtra India,Maharashtra,India
MH-123-08-3180,123,8,1,Wai,Agricultural Machinery Import Export Company,Agricultural Machinery Import Export Company in Wai Maharashtra India,Maharashtra,India
MH-123-09-3181,123,9,2,Wai,Agricultural Equipment Tender Supplier,Agricultural Equipment Tender Supplier in Wai Maharashtra India,Maharashtra,India
MH-123-10-3182,123,10,1,Wai,Oem Agricultural Machinery Manufacturer,Oem Agricultural Machinery Manufacturer in Wai Maharashtra India,Maharashtra,India
MH-123-11-3183,123,11,2,Wai,Agricultural Machinery Distributor Near Me,Agricultural Machinery Distributor Near Me in Wai Maharashtra India,Maharashtra,India
MH-123-12-3184,123,12,2,Wai,Agricultural Equipment Wholesale Distributor,Agricultural Equipment Wholesale Distributor in Wai Maharashtra India,Maharashtra,India
MH-123-13-3185,123,13,2,Wai,Bulk Agricultural Machinery Supplier,Bulk Agricultural Machinery Supplier in Wai Maharashtra India,Maharashtra,India
MH-123-14-3186,123,14,3,Wai,Agricultural Machinery Marketplace,Agricultural Machinery Marketplace in Wai Maharashtra India,Maharashtra,India
MH-123-15-3187,123,15,1,Wai,Agricultural Machinery Procurement Company,Agricultural Machinery Procurement Company in Wai Maharashtra India,Maharashtra,India
MH-123-16-3188,123,16,1,Wai,Agricultural Equipment Sourcing Company,Agricultural Equipment Sourcing Company in Wai Maharashtra India,Maharashtra,India
MH-123-17-3189,123,17,2,Wai,Farm Machinery Wholesalers,Farm Machinery Wholesalers in Wai Maharashtra India,Maharashtra,India
MH-123-18-3190,123,18,2,Wai,Agricultural Machinery Supplier,Agricultural Machinery Supplier in Wai Maharashtra India,Maharashtra,India
MH-123-19-3191,123,19,2,Wai,Agricultural Machinery Distributor,Agricultural Machinery Distributor in Wai Maharashtra India,Maharashtra,India
MH-123-20-3192,123,20,2,Wai,Agricultural Machinery Dealer,Agricultural Machinery Dealer in Wai Maharashtra India,Maharashtra,India
MH-123-21-3193,123,21,1,Wai,Agricultural Equipment Exporter,Agricultural Equipment Exporter in Wai Maharashtra India,Maharashtra,India
MH-123-22-3194,123,22,2,Wai,Agricultural Machinery Wholesaler,Agricultural Machinery Wholesaler in Wai Maharashtra India,Maharashtra,India
MH-123-23-3195,123,23,2,Wai,Agricultural Machinery Trader,Agricultural Machinery Trader in Wai Maharashtra India,Maharashtra,India
MH-123-24-3196,123,24,1,Wai,Agricultural Machinery Manufacturer,Agricultural Machinery Manufacturer in Wai Maharashtra India,Maharashtra,India
MH-123-25-3197,123,25,1,Wai,Agricultural Equipment Procurement,Agricultural Equipment Procurement in Wai Maharashtra India,Maharashtra,India
MH-123-26-3198,123,26,1,Wai,Agricultural Machinery Importers,Agricultural Machinery Importers in Wai Maharashtra India,Maharashtra,India
MH-124-01-3199,124,1,1,Phaltan,Agricultural Machinery Exporters List,Agricultural Machinery Exporters List in Phaltan Maharashtra India,Maharashtra,India
MH-124-02-3200,124,2,1,Phaltan,Agricultural Equipment Manufacturers List,Agricultural Equipment Manufacturers List in Phaltan Maharashtra India,Maharashtra,India
MH-124-03-3201,124,3,2,Phaltan,Farm Equipment Dealers Directory,Farm Equipment Dealers Directory in Phaltan Maharashtra India,Maharashtra,India
MH-124-04-3202,124,4,1,Phaltan,Agricultural Machinery Importer Database,Agricultural Machinery Importer Database in Phaltan Maharashtra India,Maharashtra,India
MH-124-05-3203,124,5,1,Phaltan,Agricultural Equipment Buyer List,Agricultural Equipment Buyer List in Phaltan Maharashtra India,Maharashtra,India
MH-124-06-3204,124,6,2,Phaltan,Authorized Tractor Dealer,Authorized Tractor Dealer in Phaltan Maharashtra India,Maharashtra,India
MH-124-07-3205,124,7,1,Phaltan,Farm Machinery Exporter India,Farm Machinery Exporter India in Phaltan Maharashtra India,Maharashtra,India
MH-124-08-3206,124,8,1,Phaltan,Agricultural Machinery Import Export Company,Agricultural Machinery Import Export Company in Phaltan Maharashtra India,Maharashtra,India
MH-124-09-3207,124,9,2,Phaltan,Agricultural Equipment Tender Supplier,Agricultural Equipment Tender Supplier in Phaltan Maharashtra India,Maharashtra,India
MH-124-10-3208,124,10,1,Phaltan,Oem Agricultural Machinery Manufacturer,Oem Agricultural Machinery Manufacturer in Phaltan Maharashtra India,Maharashtra,India
MH-124-11-3209,124,11,2,Phaltan,Agricultural Machinery Distributor Near Me,Agricultural Machinery Distributor Near Me in Phaltan Maharashtra India,Maharashtra,India
MH-124-12-3210,124,12,2,Phaltan,Agricultural Equipment Wholesale Distributor,Agricultural Equipment Wholesale Distributor in Phaltan Maharashtra India,Maharashtra,India
MH-124-13-3211,124,13,2,Phaltan,Bulk Agricultural Machinery Supplier,Bulk Agricultural Machinery Supplier in Phaltan Maharashtra India,Maharashtra,India
MH-124-14-3212,124,14,3,Phaltan,Agricultural Machinery Marketplace,Agricultural Machinery Marketplace in Phaltan Maharashtra India,Maharashtra,India
MH-124-15-3213,124,15,1,Phaltan,Agricultural Machinery Procurement Company,Agricultural Machinery Procurement Company in Phaltan Maharashtra India,Maharashtra,India
MH-124-16-3214,124,16,1,Phaltan,Agricultural Equipment Sourcing Company,Agricultural Equipment Sourcing Company in Phaltan Maharashtra India,Maharashtra,India
MH-124-17-3215,124,17,2,Phaltan,Farm Machinery Wholesalers,Farm Machinery Wholesalers in Phaltan Maharashtra India,Maharashtra,India
MH-124-18-3216,124,18,2,Phaltan,Agricultural Machinery Supplier,Agricultural Machinery Supplier in Phaltan Maharashtra India,Maharashtra,India
MH-124-19-3217,124,19,2,Phaltan,Agricultural Machinery Distributor,Agricultural Machinery Distributor in Phaltan Maharashtra India,Maharashtra,India
MH-124-20-3218,124,20,2,Phaltan,Agricultural Machinery Dealer,Agricultural Machinery Dealer in Phaltan Maharashtra India,Maharashtra,India
MH-124-21-3219,124,21,1,Phaltan,Agricultural Equipment Exporter,Agricultural Equipment Exporter in Phaltan Maharashtra India,Maharashtra,India
MH-124-22-3220,124,22,2,Phaltan,Agricultural Machinery Wholesaler,Agricultural Machinery Wholesaler in Phaltan Maharashtra India,Maharashtra,India
MH-124-23-3221,124,23,2,Phaltan,Agricultural Machinery Trader,Agricultural Machinery Trader in Phaltan Maharashtra India,Maharashtra,India
MH-124-24-3222,124,24,1,Phaltan,Agricultural Machinery Manufacturer,Agricultural Machinery Manufacturer in Phaltan Maharashtra India,Maharashtra,India
MH-124-25-3223,124,25,1,Phaltan,Agricultural Equipment Procurement,Agricultural Equipment Procurement in Phaltan Maharashtra India,Maharashtra,India
MH-124-26-3224,124,26,1,Phaltan,Agricultural Machinery Importers,Agricultural Machinery Importers in Phaltan Maharashtra India,Maharashtra,India
MH-125-01-3225,125,1,1,Sindhudurg,Agricultural Machinery Exporters List,Agricultural Machinery Exporters List in Sindhudurg Maharashtra India,Maharashtra,India
MH-125-02-3226,125,2,1,Sindhudurg,Agricultural Equipment Manufacturers List,Agricultural Equipment Manufacturers List in Sindhudurg Maharashtra India,Maharashtra,India
MH-125-03-3227,125,3,2,Sindhudurg,Farm Equipment Dealers Directory,Farm Equipment Dealers Directory in Sindhudurg Maharashtra India,Maharashtra,India
MH-125-04-3228,125,4,1,Sindhudurg,Agricultural Machinery Importer Database,Agricultural Machinery Importer Database in Sindhudurg Maharashtra India,Maharashtra,India
MH-125-05-3229,125,5,1,Sindhudurg,Agricultural Equipment Buyer List,Agricultural Equipment Buyer List in Sindhudurg Maharashtra India,Maharashtra,India
MH-125-06-3230,125,6,2,Sindhudurg,Authorized Tractor Dealer,Authorized Tractor Dealer in Sindhudurg Maharashtra India,Maharashtra,India
MH-125-07-3231,125,7,1,Sindhudurg,Farm Machinery Exporter India,Farm Machinery Exporter India in Sindhudurg Maharashtra India,Maharashtra,India
MH-125-08-3232,125,8,1,Sindhudurg,Agricultural Machinery Import Export Company,Agricultural Machinery Import Export Company in Sindhudurg Maharashtra India,Maharashtra,India
MH-125-09-3233,125,9,2,Sindhudurg,Agricultural Equipment Tender Supplier,Agricultural Equipment Tender Supplier in Sindhudurg Maharashtra India,Maharashtra,India
MH-125-10-3234,125,10,1,Sindhudurg,Oem Agricultural Machinery Manufacturer,Oem Agricultural Machinery Manufacturer in Sindhudurg Maharashtra India,Maharashtra,India
MH-125-11-3235,125,11,2,Sindhudurg,Agricultural Machinery Distributor Near Me,Agricultural Machinery Distributor Near Me in Sindhudurg Maharashtra India,Maharashtra,India
MH-125-12-3236,125,12,2,Sindhudurg,Agricultural Equipment Wholesale Distributor,Agricultural Equipment Wholesale Distributor in Sindhudurg Maharashtra India,Maharashtra,India
MH-125-13-3237,125,13,2,Sindhudurg,Bulk Agricultural Machinery Supplier,Bulk Agricultural Machinery Supplier in Sindhudurg Maharashtra India,Maharashtra,India
MH-125-14-3238,125,14,3,Sindhudurg,Agricultural Machinery Marketplace,Agricultural Machinery Marketplace in Sindhudurg Maharashtra India,Maharashtra,India
MH-125-15-3239,125,15,1,Sindhudurg,Agricultural Machinery Procurement Company,Agricultural Machinery Procurement Company in Sindhudurg Maharashtra India,Maharashtra,India
MH-125-16-3240,125,16,1,Sindhudurg,Agricultural Equipment Sourcing Company,Agricultural Equipment Sourcing Company in Sindhudurg Maharashtra India,Maharashtra,India
MH-125-17-3241,125,17,2,Sindhudurg,Farm Machinery Wholesalers,Farm Machinery Wholesalers in Sindhudurg Maharashtra India,Maharashtra,India
MH-125-18-3242,125,18,2,Sindhudurg,Agricultural Machinery Supplier,Agricultural Machinery Supplier in Sindhudurg Maharashtra India,Maharashtra,India
MH-125-19-3243,125,19,2,Sindhudurg,Agricultural Machinery Distributor,Agricultural Machinery Distributor in Sindhudurg Maharashtra India,Maharashtra,India
MH-125-20-3244,125,20,2,Sindhudurg,Agricultural Machinery Dealer,Agricultural Machinery Dealer in Sindhudurg Maharashtra India,Maharashtra,India
MH-125-21-3245,125,21,1,Sindhudurg,Agricultural Equipment Exporter,Agricultural Equipment Exporter in Sindhudurg Maharashtra India,Maharashtra,India
MH-125-22-3246,125,22,2,Sindhudurg,Agricultural Machinery Wholesaler,Agricultural Machinery Wholesaler in Sindhudurg Maharashtra India,Maharashtra,India
MH-125-23-3247,125,23,2,Sindhudurg,Agricultural Machinery Trader,Agricultural Machinery Trader in Sindhudurg Maharashtra India,Maharashtra,India
MH-125-24-3248,125,24,1,Sindhudurg,Agricultural Machinery Manufacturer,Agricultural Machinery Manufacturer in Sindhudurg Maharashtra India,Maharashtra,India
MH-125-25-3249,125,25,1,Sindhudurg,Agricultural Equipment Procurement,Agricultural Equipment Procurement in Sindhudurg Maharashtra India,Maharashtra,India
MH-125-26-3250,125,26,1,Sindhudurg,Agricultural Machinery Importers,Agricultural Machinery Importers in Sindhudurg Maharashtra India,Maharashtra,India
MH-126-01-3251,126,1,1,Kudal,Agricultural Machinery Exporters List,Agricultural Machinery Exporters List in Kudal Maharashtra India,Maharashtra,India
MH-126-02-3252,126,2,1,Kudal,Agricultural Equipment Manufacturers List,Agricultural Equipment Manufacturers List in Kudal Maharashtra India,Maharashtra,India
MH-126-03-3253,126,3,2,Kudal,Farm Equipment Dealers Directory,Farm Equipment Dealers Directory in Kudal Maharashtra India,Maharashtra,India
MH-126-04-3254,126,4,1,Kudal,Agricultural Machinery Importer Database,Agricultural Machinery Importer Database in Kudal Maharashtra India,Maharashtra,India
MH-126-05-3255,126,5,1,Kudal,Agricultural Equipment Buyer List,Agricultural Equipment Buyer List in Kudal Maharashtra India,Maharashtra,India
MH-126-06-3256,126,6,2,Kudal,Authorized Tractor Dealer,Authorized Tractor Dealer in Kudal Maharashtra India,Maharashtra,India
MH-126-07-3257,126,7,1,Kudal,Farm Machinery Exporter India,Farm Machinery Exporter India in Kudal Maharashtra India,Maharashtra,India
MH-126-08-3258,126,8,1,Kudal,Agricultural Machinery Import Export Company,Agricultural Machinery Import Export Company in Kudal Maharashtra India,Maharashtra,India
MH-126-09-3259,126,9,2,Kudal,Agricultural Equipment Tender Supplier,Agricultural Equipment Tender Supplier in Kudal Maharashtra India,Maharashtra,India
MH-126-10-3260,126,10,1,Kudal,Oem Agricultural Machinery Manufacturer,Oem Agricultural Machinery Manufacturer in Kudal Maharashtra India,Maharashtra,India
MH-126-11-3261,126,11,2,Kudal,Agricultural Machinery Distributor Near Me,Agricultural Machinery Distributor Near Me in Kudal Maharashtra India,Maharashtra,India
MH-126-12-3262,126,12,2,Kudal,Agricultural Equipment Wholesale Distributor,Agricultural Equipment Wholesale Distributor in Kudal Maharashtra India,Maharashtra,India
MH-126-13-3263,126,13,2,Kudal,Bulk Agricultural Machinery Supplier,Bulk Agricultural Machinery Supplier in Kudal Maharashtra India,Maharashtra,India
MH-126-14-3264,126,14,3,Kudal,Agricultural Machinery Marketplace,Agricultural Machinery Marketplace in Kudal Maharashtra India,Maharashtra,India
MH-126-15-3265,126,15,1,Kudal,Agricultural Machinery Procurement Company,Agricultural Machinery Procurement Company in Kudal Maharashtra India,Maharashtra,India
MH-126-16-3266,126,16,1,Kudal,Agricultural Equipment Sourcing Company,Agricultural Equipment Sourcing Company in Kudal Maharashtra India,Maharashtra,India
MH-126-17-3267,126,17,2,Kudal,Farm Machinery Wholesalers,Farm Machinery Wholesalers in Kudal Maharashtra India,Maharashtra,India
MH-126-18-3268,126,18,2,Kudal,Agricultural Machinery Supplier,Agricultural Machinery Supplier in Kudal Maharashtra India,Maharashtra,India
MH-126-19-3269,126,19,2,Kudal,Agricultural Machinery Distributor,Agricultural Machinery Distributor in Kudal Maharashtra India,Maharashtra,India
MH-126-20-3270,126,20,2,Kudal,Agricultural Machinery Dealer,Agricultural Machinery Dealer in Kudal Maharashtra India,Maharashtra,India
MH-126-21-3271,126,21,1,Kudal,Agricultural Equipment Exporter,Agricultural Equipment Exporter in Kudal Maharashtra India,Maharashtra,India
MH-126-22-3272,126,22,2,Kudal,Agricultural Machinery Wholesaler,Agricultural Machinery Wholesaler in Kudal Maharashtra India,Maharashtra,India
MH-126-23-3273,126,23,2,Kudal,Agricultural Machinery Trader,Agricultural Machinery Trader in Kudal Maharashtra India,Maharashtra,India
MH-126-24-3274,126,24,1,Kudal,Agricultural Machinery Manufacturer,Agricultural Machinery Manufacturer in Kudal Maharashtra India,Maharashtra,India
MH-126-25-3275,126,25,1,Kudal,Agricultural Equipment Procurement,Agricultural Equipment Procurement in Kudal Maharashtra India,Maharashtra,India
MH-126-26-3276,126,26,1,Kudal,Agricultural Machinery Importers,Agricultural Machinery Importers in Kudal Maharashtra India,Maharashtra,India
MH-127-01-3277,127,1,1,Sawantwadi,Agricultural Machinery Exporters List,Agricultural Machinery Exporters List in Sawantwadi Maharashtra India,Maharashtra,India
MH-127-02-3278,127,2,1,Sawantwadi,Agricultural Equipment Manufacturers List,Agricultural Equipment Manufacturers List in Sawantwadi Maharashtra India,Maharashtra,India
MH-127-03-3279,127,3,2,Sawantwadi,Farm Equipment Dealers Directory,Farm Equipment Dealers Directory in Sawantwadi Maharashtra India,Maharashtra,India
MH-127-04-3280,127,4,1,Sawantwadi,Agricultural Machinery Importer Database,Agricultural Machinery Importer Database in Sawantwadi Maharashtra India,Maharashtra,India
MH-127-05-3281,127,5,1,Sawantwadi,Agricultural Equipment Buyer List,Agricultural Equipment Buyer List in Sawantwadi Maharashtra India,Maharashtra,India
MH-127-06-3282,127,6,2,Sawantwadi,Authorized Tractor Dealer,Authorized Tractor Dealer in Sawantwadi Maharashtra India,Maharashtra,India
MH-127-07-3283,127,7,1,Sawantwadi,Farm Machinery Exporter India,Farm Machinery Exporter India in Sawantwadi Maharashtra India,Maharashtra,India
MH-127-08-3284,127,8,1,Sawantwadi,Agricultural Machinery Import Export Company,Agricultural Machinery Import Export Company in Sawantwadi Maharashtra India,Maharashtra,India
MH-127-09-3285,127,9,2,Sawantwadi,Agricultural Equipment Tender Supplier,Agricultural Equipment Tender Supplier in Sawantwadi Maharashtra India,Maharashtra,India
MH-127-10-3286,127,10,1,Sawantwadi,Oem Agricultural Machinery Manufacturer,Oem Agricultural Machinery Manufacturer in Sawantwadi Maharashtra India,Maharashtra,India
MH-127-11-3287,127,11,2,Sawantwadi,Agricultural Machinery Distributor Near Me,Agricultural Machinery Distributor Near Me in Sawantwadi Maharashtra India,Maharashtra,India
MH-127-12-3288,127,12,2,Sawantwadi,Agricultural Equipment Wholesale Distributor,Agricultural Equipment Wholesale Distributor in Sawantwadi Maharashtra India,Maharashtra,India
MH-127-13-3289,127,13,2,Sawantwadi,Bulk Agricultural Machinery Supplier,Bulk Agricultural Machinery Supplier in Sawantwadi Maharashtra India,Maharashtra,India
MH-127-14-3290,127,14,3,Sawantwadi,Agricultural Machinery Marketplace,Agricultural Machinery Marketplace in Sawantwadi Maharashtra India,Maharashtra,India
MH-127-15-3291,127,15,1,Sawantwadi,Agricultural Machinery Procurement Company,Agricultural Machinery Procurement Company in Sawantwadi Maharashtra India,Maharashtra,India
MH-127-16-3292,127,16,1,Sawantwadi,Agricultural Equipment Sourcing Company,Agricultural Equipment Sourcing Company in Sawantwadi Maharashtra India,Maharashtra,India
MH-127-17-3293,127,17,2,Sawantwadi,Farm Machinery Wholesalers,Farm Machinery Wholesalers in Sawantwadi Maharashtra India,Maharashtra,India
MH-127-18-3294,127,18,2,Sawantwadi,Agricultural Machinery Supplier,Agricultural Machinery Supplier in Sawantwadi Maharashtra India,Maharashtra,India
MH-127-19-3295,127,19,2,Sawantwadi,Agricultural Machinery Distributor,Agricultural Machinery Distributor in Sawantwadi Maharashtra India,Maharashtra,India
MH-127-20-3296,127,20,2,Sawantwadi,Agricultural Machinery Dealer,Agricultural Machinery Dealer in Sawantwadi Maharashtra India,Maharashtra,India
MH-127-21-3297,127,21,1,Sawantwadi,Agricultural Equipment Exporter,Agricultural Equipment Exporter in Sawantwadi Maharashtra India,Maharashtra,India
MH-127-22-3298,127,22,2,Sawantwadi,Agricultural Machinery Wholesaler,Agricultural Machinery Wholesaler in Sawantwadi Maharashtra India,Maharashtra,India
MH-127-23-3299,127,23,2,Sawantwadi,Agricultural Machinery Trader,Agricultural Machinery Trader in Sawantwadi Maharashtra India,Maharashtra,India
MH-127-24-3300,127,24,1,Sawantwadi,Agricultural Machinery Manufacturer,Agricultural Machinery Manufacturer in Sawantwadi Maharashtra India,Maharashtra,India
MH-127-25-3301,127,25,1,Sawantwadi,Agricultural Equipment Procurement,Agricultural Equipment Procurement in Sawantwadi Maharashtra India,Maharashtra,India
MH-127-26-3302,127,26,1,Sawantwadi,Agricultural Machinery Importers,Agricultural Machinery Importers in Sawantwadi Maharashtra India,Maharashtra,India
MH-128-01-3303,128,1,1,Malvan,Agricultural Machinery Exporters List,Agricultural Machinery Exporters List in Malvan Maharashtra India,Maharashtra,India
MH-128-02-3304,128,2,1,Malvan,Agricultural Equipment Manufacturers List,Agricultural Equipment Manufacturers List in Malvan Maharashtra India,Maharashtra,India
MH-128-03-3305,128,3,2,Malvan,Farm Equipment Dealers Directory,Farm Equipment Dealers Directory in Malvan Maharashtra India,Maharashtra,India
MH-128-04-3306,128,4,1,Malvan,Agricultural Machinery Importer Database,Agricultural Machinery Importer Database in Malvan Maharashtra India,Maharashtra,India
MH-128-05-3307,128,5,1,Malvan,Agricultural Equipment Buyer List,Agricultural Equipment Buyer List in Malvan Maharashtra India,Maharashtra,India
MH-128-06-3308,128,6,2,Malvan,Authorized Tractor Dealer,Authorized Tractor Dealer in Malvan Maharashtra India,Maharashtra,India
MH-128-07-3309,128,7,1,Malvan,Farm Machinery Exporter India,Farm Machinery Exporter India in Malvan Maharashtra India,Maharashtra,India
MH-128-08-3310,128,8,1,Malvan,Agricultural Machinery Import Export Company,Agricultural Machinery Import Export Company in Malvan Maharashtra India,Maharashtra,India
MH-128-09-3311,128,9,2,Malvan,Agricultural Equipment Tender Supplier,Agricultural Equipment Tender Supplier in Malvan Maharashtra India,Maharashtra,India
MH-128-10-3312,128,10,1,Malvan,Oem Agricultural Machinery Manufacturer,Oem Agricultural Machinery Manufacturer in Malvan Maharashtra India,Maharashtra,India
MH-128-11-3313,128,11,2,Malvan,Agricultural Machinery Distributor Near Me,Agricultural Machinery Distributor Near Me in Malvan Maharashtra India,Maharashtra,India
MH-128-12-3314,128,12,2,Malvan,Agricultural Equipment Wholesale Distributor,Agricultural Equipment Wholesale Distributor in Malvan Maharashtra India,Maharashtra,India
MH-128-13-3315,128,13,2,Malvan,Bulk Agricultural Machinery Supplier,Bulk Agricultural Machinery Supplier in Malvan Maharashtra India,Maharashtra,India
MH-128-14-3316,128,14,3,Malvan,Agricultural Machinery Marketplace,Agricultural Machinery Marketplace in Malvan Maharashtra India,Maharashtra,India
MH-128-15-3317,128,15,1,Malvan,Agricultural Machinery Procurement Company,Agricultural Machinery Procurement Company in Malvan Maharashtra India,Maharashtra,India
MH-128-16-3318,128,16,1,Malvan,Agricultural Equipment Sourcing Company,Agricultural Equipment Sourcing Company in Malvan Maharashtra India,Maharashtra,India
MH-128-17-3319,128,17,2,Malvan,Farm Machinery Wholesalers,Farm Machinery Wholesalers in Malvan Maharashtra India,Maharashtra,India
MH-128-18-3320,128,18,2,Malvan,Agricultural Machinery Supplier,Agricultural Machinery Supplier in Malvan Maharashtra India,Maharashtra,India
MH-128-19-3321,128,19,2,Malvan,Agricultural Machinery Distributor,Agricultural Machinery Distributor in Malvan Maharashtra India,Maharashtra,India
MH-128-20-3322,128,20,2,Malvan,Agricultural Machinery Dealer,Agricultural Machinery Dealer in Malvan Maharashtra India,Maharashtra,India
MH-128-21-3323,128,21,1,Malvan,Agricultural Equipment Exporter,Agricultural Equipment Exporter in Malvan Maharashtra India,Maharashtra,India
MH-128-22-3324,128,22,2,Malvan,Agricultural Machinery Wholesaler,Agricultural Machinery Wholesaler in Malvan Maharashtra India,Maharashtra,India
MH-128-23-3325,128,23,2,Malvan,Agricultural Machinery Trader,Agricultural Machinery Trader in Malvan Maharashtra India,Maharashtra,India
MH-128-24-3326,128,24,1,Malvan,Agricultural Machinery Manufacturer,Agricultural Machinery Manufacturer in Malvan Maharashtra India,Maharashtra,India
MH-128-25-3327,128,25,1,Malvan,Agricultural Equipment Procurement,Agricultural Equipment Procurement in Malvan Maharashtra India,Maharashtra,India
MH-128-26-3328,128,26,1,Malvan,Agricultural Machinery Importers,Agricultural Machinery Importers in Malvan Maharashtra India,Maharashtra,India
MH-129-01-3329,129,1,1,Oros,Agricultural Machinery Exporters List,Agricultural Machinery Exporters List in Oros Maharashtra India,Maharashtra,India
MH-129-02-3330,129,2,1,Oros,Agricultural Equipment Manufacturers List,Agricultural Equipment Manufacturers List in Oros Maharashtra India,Maharashtra,India
MH-129-03-3331,129,3,2,Oros,Farm Equipment Dealers Directory,Farm Equipment Dealers Directory in Oros Maharashtra India,Maharashtra,India
MH-129-04-3332,129,4,1,Oros,Agricultural Machinery Importer Database,Agricultural Machinery Importer Database in Oros Maharashtra India,Maharashtra,India
MH-129-05-3333,129,5,1,Oros,Agricultural Equipment Buyer List,Agricultural Equipment Buyer List in Oros Maharashtra India,Maharashtra,India
MH-129-06-3334,129,6,2,Oros,Authorized Tractor Dealer,Authorized Tractor Dealer in Oros Maharashtra India,Maharashtra,India
MH-129-07-3335,129,7,1,Oros,Farm Machinery Exporter India,Farm Machinery Exporter India in Oros Maharashtra India,Maharashtra,India
MH-129-08-3336,129,8,1,Oros,Agricultural Machinery Import Export Company,Agricultural Machinery Import Export Company in Oros Maharashtra India,Maharashtra,India
MH-129-09-3337,129,9,2,Oros,Agricultural Equipment Tender Supplier,Agricultural Equipment Tender Supplier in Oros Maharashtra India,Maharashtra,India
MH-129-10-3338,129,10,1,Oros,Oem Agricultural Machinery Manufacturer,Oem Agricultural Machinery Manufacturer in Oros Maharashtra India,Maharashtra,India
MH-129-11-3339,129,11,2,Oros,Agricultural Machinery Distributor Near Me,Agricultural Machinery Distributor Near Me in Oros Maharashtra India,Maharashtra,India
MH-129-12-3340,129,12,2,Oros,Agricultural Equipment Wholesale Distributor,Agricultural Equipment Wholesale Distributor in Oros Maharashtra India,Maharashtra,India
MH-129-13-3341,129,13,2,Oros,Bulk Agricultural Machinery Supplier,Bulk Agricultural Machinery Supplier in Oros Maharashtra India,Maharashtra,India
MH-129-14-3342,129,14,3,Oros,Agricultural Machinery Marketplace,Agricultural Machinery Marketplace in Oros Maharashtra India,Maharashtra,India
MH-129-15-3343,129,15,1,Oros,Agricultural Machinery Procurement Company,Agricultural Machinery Procurement Company in Oros Maharashtra India,Maharashtra,India
MH-129-16-3344,129,16,1,Oros,Agricultural Equipment Sourcing Company,Agricultural Equipment Sourcing Company in Oros Maharashtra India,Maharashtra,India
MH-129-17-3345,129,17,2,Oros,Farm Machinery Wholesalers,Farm Machinery Wholesalers in Oros Maharashtra India,Maharashtra,India
MH-129-18-3346,129,18,2,Oros,Agricultural Machinery Supplier,Agricultural Machinery Supplier in Oros Maharashtra India,Maharashtra,India
MH-129-19-3347,129,19,2,Oros,Agricultural Machinery Distributor,Agricultural Machinery Distributor in Oros Maharashtra India,Maharashtra,India
MH-129-20-3348,129,20,2,Oros,Agricultural Machinery Dealer,Agricultural Machinery Dealer in Oros Maharashtra India,Maharashtra,India
MH-129-21-3349,129,21,1,Oros,Agricultural Equipment Exporter,Agricultural Equipment Exporter in Oros Maharashtra India,Maharashtra,India
MH-129-22-3350,129,22,2,Oros,Agricultural Machinery Wholesaler,Agricultural Machinery Wholesaler in Oros Maharashtra India,Maharashtra,India
MH-129-23-3351,129,23,2,Oros,Agricultural Machinery Trader,Agricultural Machinery Trader in Oros Maharashtra India,Maharashtra,India
MH-129-24-3352,129,24,1,Oros,Agricultural Machinery Manufacturer,Agricultural Machinery Manufacturer in Oros Maharashtra India,Maharashtra,India
MH-129-25-3353,129,25,1,Oros,Agricultural Equipment Procurement,Agricultural Equipment Procurement in Oros Maharashtra India,Maharashtra,India
MH-129-26-3354,129,26,1,Oros,Agricultural Machinery Importers,Agricultural Machinery Importers in Oros Maharashtra India,Maharashtra,India
MH-130-01-3355,130,1,1,Solapur,Agricultural Machinery Exporters List,Agricultural Machinery Exporters List in Solapur Maharashtra India,Maharashtra,India
MH-130-02-3356,130,2,1,Solapur,Agricultural Equipment Manufacturers List,Agricultural Equipment Manufacturers List in Solapur Maharashtra India,Maharashtra,India
MH-130-03-3357,130,3,2,Solapur,Farm Equipment Dealers Directory,Farm Equipment Dealers Directory in Solapur Maharashtra India,Maharashtra,India
MH-130-04-3358,130,4,1,Solapur,Agricultural Machinery Importer Database,Agricultural Machinery Importer Database in Solapur Maharashtra India,Maharashtra,India
MH-130-05-3359,130,5,1,Solapur,Agricultural Equipment Buyer List,Agricultural Equipment Buyer List in Solapur Maharashtra India,Maharashtra,India
MH-130-06-3360,130,6,2,Solapur,Authorized Tractor Dealer,Authorized Tractor Dealer in Solapur Maharashtra India,Maharashtra,India
MH-130-07-3361,130,7,1,Solapur,Farm Machinery Exporter India,Farm Machinery Exporter India in Solapur Maharashtra India,Maharashtra,India
MH-130-08-3362,130,8,1,Solapur,Agricultural Machinery Import Export Company,Agricultural Machinery Import Export Company in Solapur Maharashtra India,Maharashtra,India
MH-130-09-3363,130,9,2,Solapur,Agricultural Equipment Tender Supplier,Agricultural Equipment Tender Supplier in Solapur Maharashtra India,Maharashtra,India
MH-130-10-3364,130,10,1,Solapur,Oem Agricultural Machinery Manufacturer,Oem Agricultural Machinery Manufacturer in Solapur Maharashtra India,Maharashtra,India
MH-130-11-3365,130,11,2,Solapur,Agricultural Machinery Distributor Near Me,Agricultural Machinery Distributor Near Me in Solapur Maharashtra India,Maharashtra,India
MH-130-12-3366,130,12,2,Solapur,Agricultural Equipment Wholesale Distributor,Agricultural Equipment Wholesale Distributor in Solapur Maharashtra India,Maharashtra,India
MH-130-13-3367,130,13,2,Solapur,Bulk Agricultural Machinery Supplier,Bulk Agricultural Machinery Supplier in Solapur Maharashtra India,Maharashtra,India
MH-130-14-3368,130,14,3,Solapur,Agricultural Machinery Marketplace,Agricultural Machinery Marketplace in Solapur Maharashtra India,Maharashtra,India
MH-130-15-3369,130,15,1,Solapur,Agricultural Machinery Procurement Company,Agricultural Machinery Procurement Company in Solapur Maharashtra India,Maharashtra,India
MH-130-16-3370,130,16,1,Solapur,Agricultural Equipment Sourcing Company,Agricultural Equipment Sourcing Company in Solapur Maharashtra India,Maharashtra,India
MH-130-17-3371,130,17,2,Solapur,Farm Machinery Wholesalers,Farm Machinery Wholesalers in Solapur Maharashtra India,Maharashtra,India
MH-130-18-3372,130,18,2,Solapur,Agricultural Machinery Supplier,Agricultural Machinery Supplier in Solapur Maharashtra India,Maharashtra,India
MH-130-19-3373,130,19,2,Solapur,Agricultural Machinery Distributor,Agricultural Machinery Distributor in Solapur Maharashtra India,Maharashtra,India
MH-130-20-3374,130,20,2,Solapur,Agricultural Machinery Dealer,Agricultural Machinery Dealer in Solapur Maharashtra India,Maharashtra,India
MH-130-21-3375,130,21,1,Solapur,Agricultural Equipment Exporter,Agricultural Equipment Exporter in Solapur Maharashtra India,Maharashtra,India
MH-130-22-3376,130,22,2,Solapur,Agricultural Machinery Wholesaler,Agricultural Machinery Wholesaler in Solapur Maharashtra India,Maharashtra,India
MH-130-23-3377,130,23,2,Solapur,Agricultural Machinery Trader,Agricultural Machinery Trader in Solapur Maharashtra India,Maharashtra,India
MH-130-24-3378,130,24,1,Solapur,Agricultural Machinery Manufacturer,Agricultural Machinery Manufacturer in Solapur Maharashtra India,Maharashtra,India
MH-130-25-3379,130,25,1,Solapur,Agricultural Equipment Procurement,Agricultural Equipment Procurement in Solapur Maharashtra India,Maharashtra,India
MH-130-26-3380,130,26,1,Solapur,Agricultural Machinery Importers,Agricultural Machinery Importers in Solapur Maharashtra India,Maharashtra,India
MH-131-01-3381,131,1,1,Pandharpur,Agricultural Machinery Exporters List,Agricultural Machinery Exporters List in Pandharpur Maharashtra India,Maharashtra,India
MH-131-02-3382,131,2,1,Pandharpur,Agricultural Equipment Manufacturers List,Agricultural Equipment Manufacturers List in Pandharpur Maharashtra India,Maharashtra,India
MH-131-03-3383,131,3,2,Pandharpur,Farm Equipment Dealers Directory,Farm Equipment Dealers Directory in Pandharpur Maharashtra India,Maharashtra,India
MH-131-04-3384,131,4,1,Pandharpur,Agricultural Machinery Importer Database,Agricultural Machinery Importer Database in Pandharpur Maharashtra India,Maharashtra,India
MH-131-05-3385,131,5,1,Pandharpur,Agricultural Equipment Buyer List,Agricultural Equipment Buyer List in Pandharpur Maharashtra India,Maharashtra,India
MH-131-06-3386,131,6,2,Pandharpur,Authorized Tractor Dealer,Authorized Tractor Dealer in Pandharpur Maharashtra India,Maharashtra,India
MH-131-07-3387,131,7,1,Pandharpur,Farm Machinery Exporter India,Farm Machinery Exporter India in Pandharpur Maharashtra India,Maharashtra,India
MH-131-08-3388,131,8,1,Pandharpur,Agricultural Machinery Import Export Company,Agricultural Machinery Import Export Company in Pandharpur Maharashtra India,Maharashtra,India
MH-131-09-3389,131,9,2,Pandharpur,Agricultural Equipment Tender Supplier,Agricultural Equipment Tender Supplier in Pandharpur Maharashtra India,Maharashtra,India
MH-131-10-3390,131,10,1,Pandharpur,Oem Agricultural Machinery Manufacturer,Oem Agricultural Machinery Manufacturer in Pandharpur Maharashtra India,Maharashtra,India
MH-131-11-3391,131,11,2,Pandharpur,Agricultural Machinery Distributor Near Me,Agricultural Machinery Distributor Near Me in Pandharpur Maharashtra India,Maharashtra,India
MH-131-12-3392,131,12,2,Pandharpur,Agricultural Equipment Wholesale Distributor,Agricultural Equipment Wholesale Distributor in Pandharpur Maharashtra India,Maharashtra,India
MH-131-13-3393,131,13,2,Pandharpur,Bulk Agricultural Machinery Supplier,Bulk Agricultural Machinery Supplier in Pandharpur Maharashtra India,Maharashtra,India
MH-131-14-3394,131,14,3,Pandharpur,Agricultural Machinery Marketplace,Agricultural Machinery Marketplace in Pandharpur Maharashtra India,Maharashtra,India
MH-131-15-3395,131,15,1,Pandharpur,Agricultural Machinery Procurement Company,Agricultural Machinery Procurement Company in Pandharpur Maharashtra India,Maharashtra,India
MH-131-16-3396,131,16,1,Pandharpur,Agricultural Equipment Sourcing Company,Agricultural Equipment Sourcing Company in Pandharpur Maharashtra India,Maharashtra,India
MH-131-17-3397,131,17,2,Pandharpur,Farm Machinery Wholesalers,Farm Machinery Wholesalers in Pandharpur Maharashtra India,Maharashtra,India
MH-131-18-3398,131,18,2,Pandharpur,Agricultural Machinery Supplier,Agricultural Machinery Supplier in Pandharpur Maharashtra India,Maharashtra,India
MH-131-19-3399,131,19,2,Pandharpur,Agricultural Machinery Distributor,Agricultural Machinery Distributor in Pandharpur Maharashtra India,Maharashtra,India
MH-131-20-3400,131,20,2,Pandharpur,Agricultural Machinery Dealer,Agricultural Machinery Dealer in Pandharpur Maharashtra India,Maharashtra,India
MH-131-21-3401,131,21,1,Pandharpur,Agricultural Equipment Exporter,Agricultural Equipment Exporter in Pandharpur Maharashtra India,Maharashtra,India
MH-131-22-3402,131,22,2,Pandharpur,Agricultural Machinery Wholesaler,Agricultural Machinery Wholesaler in Pandharpur Maharashtra India,Maharashtra,India
MH-131-23-3403,131,23,2,Pandharpur,Agricultural Machinery Trader,Agricultural Machinery Trader in Pandharpur Maharashtra India,Maharashtra,India
MH-131-24-3404,131,24,1,Pandharpur,Agricultural Machinery Manufacturer,Agricultural Machinery Manufacturer in Pandharpur Maharashtra India,Maharashtra,India
MH-131-25-3405,131,25,1,Pandharpur,Agricultural Equipment Procurement,Agricultural Equipment Procurement in Pandharpur Maharashtra India,Maharashtra,India
MH-131-26-3406,131,26,1,Pandharpur,Agricultural Machinery Importers,Agricultural Machinery Importers in Pandharpur Maharashtra India,Maharashtra,India
MH-132-01-3407,132,1,1,Barshi,Agricultural Machinery Exporters List,Agricultural Machinery Exporters List in Barshi Maharashtra India,Maharashtra,India
MH-132-02-3408,132,2,1,Barshi,Agricultural Equipment Manufacturers List,Agricultural Equipment Manufacturers List in Barshi Maharashtra India,Maharashtra,India
MH-132-03-3409,132,3,2,Barshi,Farm Equipment Dealers Directory,Farm Equipment Dealers Directory in Barshi Maharashtra India,Maharashtra,India
MH-132-04-3410,132,4,1,Barshi,Agricultural Machinery Importer Database,Agricultural Machinery Importer Database in Barshi Maharashtra India,Maharashtra,India
MH-132-05-3411,132,5,1,Barshi,Agricultural Equipment Buyer List,Agricultural Equipment Buyer List in Barshi Maharashtra India,Maharashtra,India
MH-132-06-3412,132,6,2,Barshi,Authorized Tractor Dealer,Authorized Tractor Dealer in Barshi Maharashtra India,Maharashtra,India
MH-132-07-3413,132,7,1,Barshi,Farm Machinery Exporter India,Farm Machinery Exporter India in Barshi Maharashtra India,Maharashtra,India
MH-132-08-3414,132,8,1,Barshi,Agricultural Machinery Import Export Company,Agricultural Machinery Import Export Company in Barshi Maharashtra India,Maharashtra,India
MH-132-09-3415,132,9,2,Barshi,Agricultural Equipment Tender Supplier,Agricultural Equipment Tender Supplier in Barshi Maharashtra India,Maharashtra,India
MH-132-10-3416,132,10,1,Barshi,Oem Agricultural Machinery Manufacturer,Oem Agricultural Machinery Manufacturer in Barshi Maharashtra India,Maharashtra,India
MH-132-11-3417,132,11,2,Barshi,Agricultural Machinery Distributor Near Me,Agricultural Machinery Distributor Near Me in Barshi Maharashtra India,Maharashtra,India
MH-132-12-3418,132,12,2,Barshi,Agricultural Equipment Wholesale Distributor,Agricultural Equipment Wholesale Distributor in Barshi Maharashtra India,Maharashtra,India
MH-132-13-3419,132,13,2,Barshi,Bulk Agricultural Machinery Supplier,Bulk Agricultural Machinery Supplier in Barshi Maharashtra India,Maharashtra,India
MH-132-14-3420,132,14,3,Barshi,Agricultural Machinery Marketplace,Agricultural Machinery Marketplace in Barshi Maharashtra India,Maharashtra,India
MH-132-15-3421,132,15,1,Barshi,Agricultural Machinery Procurement Company,Agricultural Machinery Procurement Company in Barshi Maharashtra India,Maharashtra,India
MH-132-16-3422,132,16,1,Barshi,Agricultural Equipment Sourcing Company,Agricultural Equipment Sourcing Company in Barshi Maharashtra India,Maharashtra,India
MH-132-17-3423,132,17,2,Barshi,Farm Machinery Wholesalers,Farm Machinery Wholesalers in Barshi Maharashtra India,Maharashtra,India
MH-132-18-3424,132,18,2,Barshi,Agricultural Machinery Supplier,Agricultural Machinery Supplier in Barshi Maharashtra India,Maharashtra,India
MH-132-19-3425,132,19,2,Barshi,Agricultural Machinery Distributor,Agricultural Machinery Distributor in Barshi Maharashtra India,Maharashtra,India
MH-132-20-3426,132,20,2,Barshi,Agricultural Machinery Dealer,Agricultural Machinery Dealer in Barshi Maharashtra India,Maharashtra,India
MH-132-21-3427,132,21,1,Barshi,Agricultural Equipment Exporter,Agricultural Equipment Exporter in Barshi Maharashtra India,Maharashtra,India
MH-132-22-3428,132,22,2,Barshi,Agricultural Machinery Wholesaler,Agricultural Machinery Wholesaler in Barshi Maharashtra India,Maharashtra,India
MH-132-23-3429,132,23,2,Barshi,Agricultural Machinery Trader,Agricultural Machinery Trader in Barshi Maharashtra India,Maharashtra,India
MH-132-24-3430,132,24,1,Barshi,Agricultural Machinery Manufacturer,Agricultural Machinery Manufacturer in Barshi Maharashtra India,Maharashtra,India
MH-132-25-3431,132,25,1,Barshi,Agricultural Equipment Procurement,Agricultural Equipment Procurement in Barshi Maharashtra India,Maharashtra,India
MH-132-26-3432,132,26,1,Barshi,Agricultural Machinery Importers,Agricultural Machinery Importers in Barshi Maharashtra India,Maharashtra,India
MH-133-01-3433,133,1,1,Akkalkot,Agricultural Machinery Exporters List,Agricultural Machinery Exporters List in Akkalkot Maharashtra India,Maharashtra,India
MH-133-02-3434,133,2,1,Akkalkot,Agricultural Equipment Manufacturers List,Agricultural Equipment Manufacturers List in Akkalkot Maharashtra India,Maharashtra,India
MH-133-03-3435,133,3,2,Akkalkot,Farm Equipment Dealers Directory,Farm Equipment Dealers Directory in Akkalkot Maharashtra India,Maharashtra,India
MH-133-04-3436,133,4,1,Akkalkot,Agricultural Machinery Importer Database,Agricultural Machinery Importer Database in Akkalkot Maharashtra India,Maharashtra,India
MH-133-05-3437,133,5,1,Akkalkot,Agricultural Equipment Buyer List,Agricultural Equipment Buyer List in Akkalkot Maharashtra India,Maharashtra,India
MH-133-06-3438,133,6,2,Akkalkot,Authorized Tractor Dealer,Authorized Tractor Dealer in Akkalkot Maharashtra India,Maharashtra,India
MH-133-07-3439,133,7,1,Akkalkot,Farm Machinery Exporter India,Farm Machinery Exporter India in Akkalkot Maharashtra India,Maharashtra,India
MH-133-08-3440,133,8,1,Akkalkot,Agricultural Machinery Import Export Company,Agricultural Machinery Import Export Company in Akkalkot Maharashtra India,Maharashtra,India
MH-133-09-3441,133,9,2,Akkalkot,Agricultural Equipment Tender Supplier,Agricultural Equipment Tender Supplier in Akkalkot Maharashtra India,Maharashtra,India
MH-133-10-3442,133,10,1,Akkalkot,Oem Agricultural Machinery Manufacturer,Oem Agricultural Machinery Manufacturer in Akkalkot Maharashtra India,Maharashtra,India
MH-133-11-3443,133,11,2,Akkalkot,Agricultural Machinery Distributor Near Me,Agricultural Machinery Distributor Near Me in Akkalkot Maharashtra India,Maharashtra,India
MH-133-12-3444,133,12,2,Akkalkot,Agricultural Equipment Wholesale Distributor,Agricultural Equipment Wholesale Distributor in Akkalkot Maharashtra India,Maharashtra,India
MH-133-13-3445,133,13,2,Akkalkot,Bulk Agricultural Machinery Supplier,Bulk Agricultural Machinery Supplier in Akkalkot Maharashtra India,Maharashtra,India
MH-133-14-3446,133,14,3,Akkalkot,Agricultural Machinery Marketplace,Agricultural Machinery Marketplace in Akkalkot Maharashtra India,Maharashtra,India
MH-133-15-3447,133,15,1,Akkalkot,Agricultural Machinery Procurement Company,Agricultural Machinery Procurement Company in Akkalkot Maharashtra India,Maharashtra,India
MH-133-16-3448,133,16,1,Akkalkot,Agricultural Equipment Sourcing Company,Agricultural Equipment Sourcing Company in Akkalkot Maharashtra India,Maharashtra,India
MH-133-17-3449,133,17,2,Akkalkot,Farm Machinery Wholesalers,Farm Machinery Wholesalers in Akkalkot Maharashtra India,Maharashtra,India
MH-133-18-3450,133,18,2,Akkalkot,Agricultural Machinery Supplier,Agricultural Machinery Supplier in Akkalkot Maharashtra India,Maharashtra,India
MH-133-19-3451,133,19,2,Akkalkot,Agricultural Machinery Distributor,Agricultural Machinery Distributor in Akkalkot Maharashtra India,Maharashtra,India
MH-133-20-3452,133,20,2,Akkalkot,Agricultural Machinery Dealer,Agricultural Machinery Dealer in Akkalkot Maharashtra India,Maharashtra,India
MH-133-21-3453,133,21,1,Akkalkot,Agricultural Equipment Exporter,Agricultural Equipment Exporter in Akkalkot Maharashtra India,Maharashtra,India
MH-133-22-3454,133,22,2,Akkalkot,Agricultural Machinery Wholesaler,Agricultural Machinery Wholesaler in Akkalkot Maharashtra India,Maharashtra,India
MH-133-23-3455,133,23,2,Akkalkot,Agricultural Machinery Trader,Agricultural Machinery Trader in Akkalkot Maharashtra India,Maharashtra,India
MH-133-24-3456,133,24,1,Akkalkot,Agricultural Machinery Manufacturer,Agricultural Machinery Manufacturer in Akkalkot Maharashtra India,Maharashtra,India
MH-133-25-3457,133,25,1,Akkalkot,Agricultural Equipment Procurement,Agricultural Equipment Procurement in Akkalkot Maharashtra India,Maharashtra,India
MH-133-26-3458,133,26,1,Akkalkot,Agricultural Machinery Importers,Agricultural Machinery Importers in Akkalkot Maharashtra India,Maharashtra,India
MH-134-01-3459,134,1,1,Thane,Agricultural Machinery Exporters List,Agricultural Machinery Exporters List in Thane Maharashtra India,Maharashtra,India
MH-134-02-3460,134,2,1,Thane,Agricultural Equipment Manufacturers List,Agricultural Equipment Manufacturers List in Thane Maharashtra India,Maharashtra,India
MH-134-03-3461,134,3,2,Thane,Farm Equipment Dealers Directory,Farm Equipment Dealers Directory in Thane Maharashtra India,Maharashtra,India
MH-134-04-3462,134,4,1,Thane,Agricultural Machinery Importer Database,Agricultural Machinery Importer Database in Thane Maharashtra India,Maharashtra,India
MH-134-05-3463,134,5,1,Thane,Agricultural Equipment Buyer List,Agricultural Equipment Buyer List in Thane Maharashtra India,Maharashtra,India
MH-134-06-3464,134,6,2,Thane,Authorized Tractor Dealer,Authorized Tractor Dealer in Thane Maharashtra India,Maharashtra,India
MH-134-07-3465,134,7,1,Thane,Farm Machinery Exporter India,Farm Machinery Exporter India in Thane Maharashtra India,Maharashtra,India
MH-134-08-3466,134,8,1,Thane,Agricultural Machinery Import Export Company,Agricultural Machinery Import Export Company in Thane Maharashtra India,Maharashtra,India
MH-134-09-3467,134,9,2,Thane,Agricultural Equipment Tender Supplier,Agricultural Equipment Tender Supplier in Thane Maharashtra India,Maharashtra,India
MH-134-10-3468,134,10,1,Thane,Oem Agricultural Machinery Manufacturer,Oem Agricultural Machinery Manufacturer in Thane Maharashtra India,Maharashtra,India
MH-134-11-3469,134,11,2,Thane,Agricultural Machinery Distributor Near Me,Agricultural Machinery Distributor Near Me in Thane Maharashtra India,Maharashtra,India
MH-134-12-3470,134,12,2,Thane,Agricultural Equipment Wholesale Distributor,Agricultural Equipment Wholesale Distributor in Thane Maharashtra India,Maharashtra,India
MH-134-13-3471,134,13,2,Thane,Bulk Agricultural Machinery Supplier,Bulk Agricultural Machinery Supplier in Thane Maharashtra India,Maharashtra,India
MH-134-14-3472,134,14,3,Thane,Agricultural Machinery Marketplace,Agricultural Machinery Marketplace in Thane Maharashtra India,Maharashtra,India
MH-134-15-3473,134,15,1,Thane,Agricultural Machinery Procurement Company,Agricultural Machinery Procurement Company in Thane Maharashtra India,Maharashtra,India
MH-134-16-3474,134,16,1,Thane,Agricultural Equipment Sourcing Company,Agricultural Equipment Sourcing Company in Thane Maharashtra India,Maharashtra,India
MH-134-17-3475,134,17,2,Thane,Farm Machinery Wholesalers,Farm Machinery Wholesalers in Thane Maharashtra India,Maharashtra,India
MH-134-18-3476,134,18,2,Thane,Agricultural Machinery Supplier,Agricultural Machinery Supplier in Thane Maharashtra India,Maharashtra,India
MH-134-19-3477,134,19,2,Thane,Agricultural Machinery Distributor,Agricultural Machinery Distributor in Thane Maharashtra India,Maharashtra,India
MH-134-20-3478,134,20,2,Thane,Agricultural Machinery Dealer,Agricultural Machinery Dealer in Thane Maharashtra India,Maharashtra,India
MH-134-21-3479,134,21,1,Thane,Agricultural Equipment Exporter,Agricultural Equipment Exporter in Thane Maharashtra India,Maharashtra,India
MH-134-22-3480,134,22,2,Thane,Agricultural Machinery Wholesaler,Agricultural Machinery Wholesaler in Thane Maharashtra India,Maharashtra,India
MH-134-23-3481,134,23,2,Thane,Agricultural Machinery Trader,Agricultural Machinery Trader in Thane Maharashtra India,Maharashtra,India
MH-134-24-3482,134,24,1,Thane,Agricultural Machinery Manufacturer,Agricultural Machinery Manufacturer in Thane Maharashtra India,Maharashtra,India
MH-134-25-3483,134,25,1,Thane,Agricultural Equipment Procurement,Agricultural Equipment Procurement in Thane Maharashtra India,Maharashtra,India
MH-134-26-3484,134,26,1,Thane,Agricultural Machinery Importers,Agricultural Machinery Importers in Thane Maharashtra India,Maharashtra,India
MH-135-01-3485,135,1,1,Kalyan,Agricultural Machinery Exporters List,Agricultural Machinery Exporters List in Kalyan Maharashtra India,Maharashtra,India
MH-135-02-3486,135,2,1,Kalyan,Agricultural Equipment Manufacturers List,Agricultural Equipment Manufacturers List in Kalyan Maharashtra India,Maharashtra,India
MH-135-03-3487,135,3,2,Kalyan,Farm Equipment Dealers Directory,Farm Equipment Dealers Directory in Kalyan Maharashtra India,Maharashtra,India
MH-135-04-3488,135,4,1,Kalyan,Agricultural Machinery Importer Database,Agricultural Machinery Importer Database in Kalyan Maharashtra India,Maharashtra,India
MH-135-05-3489,135,5,1,Kalyan,Agricultural Equipment Buyer List,Agricultural Equipment Buyer List in Kalyan Maharashtra India,Maharashtra,India
MH-135-06-3490,135,6,2,Kalyan,Authorized Tractor Dealer,Authorized Tractor Dealer in Kalyan Maharashtra India,Maharashtra,India
MH-135-07-3491,135,7,1,Kalyan,Farm Machinery Exporter India,Farm Machinery Exporter India in Kalyan Maharashtra India,Maharashtra,India
MH-135-08-3492,135,8,1,Kalyan,Agricultural Machinery Import Export Company,Agricultural Machinery Import Export Company in Kalyan Maharashtra India,Maharashtra,India
MH-135-09-3493,135,9,2,Kalyan,Agricultural Equipment Tender Supplier,Agricultural Equipment Tender Supplier in Kalyan Maharashtra India,Maharashtra,India
MH-135-10-3494,135,10,1,Kalyan,Oem Agricultural Machinery Manufacturer,Oem Agricultural Machinery Manufacturer in Kalyan Maharashtra India,Maharashtra,India
MH-135-11-3495,135,11,2,Kalyan,Agricultural Machinery Distributor Near Me,Agricultural Machinery Distributor Near Me in Kalyan Maharashtra India,Maharashtra,India
MH-135-12-3496,135,12,2,Kalyan,Agricultural Equipment Wholesale Distributor,Agricultural Equipment Wholesale Distributor in Kalyan Maharashtra India,Maharashtra,India
MH-135-13-3497,135,13,2,Kalyan,Bulk Agricultural Machinery Supplier,Bulk Agricultural Machinery Supplier in Kalyan Maharashtra India,Maharashtra,India
MH-135-14-3498,135,14,3,Kalyan,Agricultural Machinery Marketplace,Agricultural Machinery Marketplace in Kalyan Maharashtra India,Maharashtra,India
MH-135-15-3499,135,15,1,Kalyan,Agricultural Machinery Procurement Company,Agricultural Machinery Procurement Company in Kalyan Maharashtra India,Maharashtra,India
MH-135-16-3500,135,16,1,Kalyan,Agricultural Equipment Sourcing Company,Agricultural Equipment Sourcing Company in Kalyan Maharashtra India,Maharashtra,India
MH-135-17-3501,135,17,2,Kalyan,Farm Machinery Wholesalers,Farm Machinery Wholesalers in Kalyan Maharashtra India,Maharashtra,India
MH-135-18-3502,135,18,2,Kalyan,Agricultural Machinery Supplier,Agricultural Machinery Supplier in Kalyan Maharashtra India,Maharashtra,India
MH-135-19-3503,135,19,2,Kalyan,Agricultural Machinery Distributor,Agricultural Machinery Distributor in Kalyan Maharashtra India,Maharashtra,India
MH-135-20-3504,135,20,2,Kalyan,Agricultural Machinery Dealer,Agricultural Machinery Dealer in Kalyan Maharashtra India,Maharashtra,India
MH-135-21-3505,135,21,1,Kalyan,Agricultural Equipment Exporter,Agricultural Equipment Exporter in Kalyan Maharashtra India,Maharashtra,India
MH-135-22-3506,135,22,2,Kalyan,Agricultural Machinery Wholesaler,Agricultural Machinery Wholesaler in Kalyan Maharashtra India,Maharashtra,India
MH-135-23-3507,135,23,2,Kalyan,Agricultural Machinery Trader,Agricultural Machinery Trader in Kalyan Maharashtra India,Maharashtra,India
MH-135-24-3508,135,24,1,Kalyan,Agricultural Machinery Manufacturer,Agricultural Machinery Manufacturer in Kalyan Maharashtra India,Maharashtra,India
MH-135-25-3509,135,25,1,Kalyan,Agricultural Equipment Procurement,Agricultural Equipment Procurement in Kalyan Maharashtra India,Maharashtra,India
MH-135-26-3510,135,26,1,Kalyan,Agricultural Machinery Importers,Agricultural Machinery Importers in Kalyan Maharashtra India,Maharashtra,India
MH-136-01-3511,136,1,1,Dombivli,Agricultural Machinery Exporters List,Agricultural Machinery Exporters List in Dombivli Maharashtra India,Maharashtra,India
MH-136-02-3512,136,2,1,Dombivli,Agricultural Equipment Manufacturers List,Agricultural Equipment Manufacturers List in Dombivli Maharashtra India,Maharashtra,India
MH-136-03-3513,136,3,2,Dombivli,Farm Equipment Dealers Directory,Farm Equipment Dealers Directory in Dombivli Maharashtra India,Maharashtra,India
MH-136-04-3514,136,4,1,Dombivli,Agricultural Machinery Importer Database,Agricultural Machinery Importer Database in Dombivli Maharashtra India,Maharashtra,India
MH-136-05-3515,136,5,1,Dombivli,Agricultural Equipment Buyer List,Agricultural Equipment Buyer List in Dombivli Maharashtra India,Maharashtra,India
MH-136-06-3516,136,6,2,Dombivli,Authorized Tractor Dealer,Authorized Tractor Dealer in Dombivli Maharashtra India,Maharashtra,India
MH-136-07-3517,136,7,1,Dombivli,Farm Machinery Exporter India,Farm Machinery Exporter India in Dombivli Maharashtra India,Maharashtra,India
MH-136-08-3518,136,8,1,Dombivli,Agricultural Machinery Import Export Company,Agricultural Machinery Import Export Company in Dombivli Maharashtra India,Maharashtra,India
MH-136-09-3519,136,9,2,Dombivli,Agricultural Equipment Tender Supplier,Agricultural Equipment Tender Supplier in Dombivli Maharashtra India,Maharashtra,India
MH-136-10-3520,136,10,1,Dombivli,Oem Agricultural Machinery Manufacturer,Oem Agricultural Machinery Manufacturer in Dombivli Maharashtra India,Maharashtra,India
MH-136-11-3521,136,11,2,Dombivli,Agricultural Machinery Distributor Near Me,Agricultural Machinery Distributor Near Me in Dombivli Maharashtra India,Maharashtra,India
MH-136-12-3522,136,12,2,Dombivli,Agricultural Equipment Wholesale Distributor,Agricultural Equipment Wholesale Distributor in Dombivli Maharashtra India,Maharashtra,India
MH-136-13-3523,136,13,2,Dombivli,Bulk Agricultural Machinery Supplier,Bulk Agricultural Machinery Supplier in Dombivli Maharashtra India,Maharashtra,India
MH-136-14-3524,136,14,3,Dombivli,Agricultural Machinery Marketplace,Agricultural Machinery Marketplace in Dombivli Maharashtra India,Maharashtra,India
MH-136-15-3525,136,15,1,Dombivli,Agricultural Machinery Procurement Company,Agricultural Machinery Procurement Company in Dombivli Maharashtra India,Maharashtra,India
MH-136-16-3526,136,16,1,Dombivli,Agricultural Equipment Sourcing Company,Agricultural Equipment Sourcing Company in Dombivli Maharashtra India,Maharashtra,India
MH-136-17-3527,136,17,2,Dombivli,Farm Machinery Wholesalers,Farm Machinery Wholesalers in Dombivli Maharashtra India,Maharashtra,India
MH-136-18-3528,136,18,2,Dombivli,Agricultural Machinery Supplier,Agricultural Machinery Supplier in Dombivli Maharashtra India,Maharashtra,India
MH-136-19-3529,136,19,2,Dombivli,Agricultural Machinery Distributor,Agricultural Machinery Distributor in Dombivli Maharashtra India,Maharashtra,India
MH-136-20-3530,136,20,2,Dombivli,Agricultural Machinery Dealer,Agricultural Machinery Dealer in Dombivli Maharashtra India,Maharashtra,India
MH-136-21-3531,136,21,1,Dombivli,Agricultural Equipment Exporter,Agricultural Equipment Exporter in Dombivli Maharashtra India,Maharashtra,India
MH-136-22-3532,136,22,2,Dombivli,Agricultural Machinery Wholesaler,Agricultural Machinery Wholesaler in Dombivli Maharashtra India,Maharashtra,India
MH-136-23-3533,136,23,2,Dombivli,Agricultural Machinery Trader,Agricultural Machinery Trader in Dombivli Maharashtra India,Maharashtra,India
MH-136-24-3534,136,24,1,Dombivli,Agricultural Machinery Manufacturer,Agricultural Machinery Manufacturer in Dombivli Maharashtra India,Maharashtra,India
MH-136-25-3535,136,25,1,Dombivli,Agricultural Equipment Procurement,Agricultural Equipment Procurement in Dombivli Maharashtra India,Maharashtra,India
MH-136-26-3536,136,26,1,Dombivli,Agricultural Machinery Importers,Agricultural Machinery Importers in Dombivli Maharashtra India,Maharashtra,India
MH-137-01-3537,137,1,1,Bhiwandi,Agricultural Machinery Exporters List,Agricultural Machinery Exporters List in Bhiwandi Maharashtra India,Maharashtra,India
MH-137-02-3538,137,2,1,Bhiwandi,Agricultural Equipment Manufacturers List,Agricultural Equipment Manufacturers List in Bhiwandi Maharashtra India,Maharashtra,India
MH-137-03-3539,137,3,2,Bhiwandi,Farm Equipment Dealers Directory,Farm Equipment Dealers Directory in Bhiwandi Maharashtra India,Maharashtra,India
MH-137-04-3540,137,4,1,Bhiwandi,Agricultural Machinery Importer Database,Agricultural Machinery Importer Database in Bhiwandi Maharashtra India,Maharashtra,India
MH-137-05-3541,137,5,1,Bhiwandi,Agricultural Equipment Buyer List,Agricultural Equipment Buyer List in Bhiwandi Maharashtra India,Maharashtra,India
MH-137-06-3542,137,6,2,Bhiwandi,Authorized Tractor Dealer,Authorized Tractor Dealer in Bhiwandi Maharashtra India,Maharashtra,India
MH-137-07-3543,137,7,1,Bhiwandi,Farm Machinery Exporter India,Farm Machinery Exporter India in Bhiwandi Maharashtra India,Maharashtra,India
MH-137-08-3544,137,8,1,Bhiwandi,Agricultural Machinery Import Export Company,Agricultural Machinery Import Export Company in Bhiwandi Maharashtra India,Maharashtra,India
MH-137-09-3545,137,9,2,Bhiwandi,Agricultural Equipment Tender Supplier,Agricultural Equipment Tender Supplier in Bhiwandi Maharashtra India,Maharashtra,India
MH-137-10-3546,137,10,1,Bhiwandi,Oem Agricultural Machinery Manufacturer,Oem Agricultural Machinery Manufacturer in Bhiwandi Maharashtra India,Maharashtra,India
MH-137-11-3547,137,11,2,Bhiwandi,Agricultural Machinery Distributor Near Me,Agricultural Machinery Distributor Near Me in Bhiwandi Maharashtra India,Maharashtra,India
MH-137-12-3548,137,12,2,Bhiwandi,Agricultural Equipment Wholesale Distributor,Agricultural Equipment Wholesale Distributor in Bhiwandi Maharashtra India,Maharashtra,India
MH-137-13-3549,137,13,2,Bhiwandi,Bulk Agricultural Machinery Supplier,Bulk Agricultural Machinery Supplier in Bhiwandi Maharashtra India,Maharashtra,India
MH-137-14-3550,137,14,3,Bhiwandi,Agricultural Machinery Marketplace,Agricultural Machinery Marketplace in Bhiwandi Maharashtra India,Maharashtra,India
MH-137-15-3551,137,15,1,Bhiwandi,Agricultural Machinery Procurement Company,Agricultural Machinery Procurement Company in Bhiwandi Maharashtra India,Maharashtra,India
MH-137-16-3552,137,16,1,Bhiwandi,Agricultural Equipment Sourcing Company,Agricultural Equipment Sourcing Company in Bhiwandi Maharashtra India,Maharashtra,India
MH-137-17-3553,137,17,2,Bhiwandi,Farm Machinery Wholesalers,Farm Machinery Wholesalers in Bhiwandi Maharashtra India,Maharashtra,India
MH-137-18-3554,137,18,2,Bhiwandi,Agricultural Machinery Supplier,Agricultural Machinery Supplier in Bhiwandi Maharashtra India,Maharashtra,India
MH-137-19-3555,137,19,2,Bhiwandi,Agricultural Machinery Distributor,Agricultural Machinery Distributor in Bhiwandi Maharashtra India,Maharashtra,India
MH-137-20-3556,137,20,2,Bhiwandi,Agricultural Machinery Dealer,Agricultural Machinery Dealer in Bhiwandi Maharashtra India,Maharashtra,India
MH-137-21-3557,137,21,1,Bhiwandi,Agricultural Equipment Exporter,Agricultural Equipment Exporter in Bhiwandi Maharashtra India,Maharashtra,India
MH-137-22-3558,137,22,2,Bhiwandi,Agricultural Machinery Wholesaler,Agricultural Machinery Wholesaler in Bhiwandi Maharashtra India,Maharashtra,India
MH-137-23-3559,137,23,2,Bhiwandi,Agricultural Machinery Trader,Agricultural Machinery Trader in Bhiwandi Maharashtra India,Maharashtra,India
MH-137-24-3560,137,24,1,Bhiwandi,Agricultural Machinery Manufacturer,Agricultural Machinery Manufacturer in Bhiwandi Maharashtra India,Maharashtra,India
MH-137-25-3561,137,25,1,Bhiwandi,Agricultural Equipment Procurement,Agricultural Equipment Procurement in Bhiwandi Maharashtra India,Maharashtra,India
MH-137-26-3562,137,26,1,Bhiwandi,Agricultural Machinery Importers,Agricultural Machinery Importers in Bhiwandi Maharashtra India,Maharashtra,India
MH-138-01-3563,138,1,1,Wardha,Agricultural Machinery Exporters List,Agricultural Machinery Exporters List in Wardha Maharashtra India,Maharashtra,India
MH-138-02-3564,138,2,1,Wardha,Agricultural Equipment Manufacturers List,Agricultural Equipment Manufacturers List in Wardha Maharashtra India,Maharashtra,India
MH-138-03-3565,138,3,2,Wardha,Farm Equipment Dealers Directory,Farm Equipment Dealers Directory in Wardha Maharashtra India,Maharashtra,India
MH-138-04-3566,138,4,1,Wardha,Agricultural Machinery Importer Database,Agricultural Machinery Importer Database in Wardha Maharashtra India,Maharashtra,India
MH-138-05-3567,138,5,1,Wardha,Agricultural Equipment Buyer List,Agricultural Equipment Buyer List in Wardha Maharashtra India,Maharashtra,India
MH-138-06-3568,138,6,2,Wardha,Authorized Tractor Dealer,Authorized Tractor Dealer in Wardha Maharashtra India,Maharashtra,India
MH-138-07-3569,138,7,1,Wardha,Farm Machinery Exporter India,Farm Machinery Exporter India in Wardha Maharashtra India,Maharashtra,India
MH-138-08-3570,138,8,1,Wardha,Agricultural Machinery Import Export Company,Agricultural Machinery Import Export Company in Wardha Maharashtra India,Maharashtra,India
MH-138-09-3571,138,9,2,Wardha,Agricultural Equipment Tender Supplier,Agricultural Equipment Tender Supplier in Wardha Maharashtra India,Maharashtra,India
MH-138-10-3572,138,10,1,Wardha,Oem Agricultural Machinery Manufacturer,Oem Agricultural Machinery Manufacturer in Wardha Maharashtra India,Maharashtra,India
MH-138-11-3573,138,11,2,Wardha,Agricultural Machinery Distributor Near Me,Agricultural Machinery Distributor Near Me in Wardha Maharashtra India,Maharashtra,India
MH-138-12-3574,138,12,2,Wardha,Agricultural Equipment Wholesale Distributor,Agricultural Equipment Wholesale Distributor in Wardha Maharashtra India,Maharashtra,India
MH-138-13-3575,138,13,2,Wardha,Bulk Agricultural Machinery Supplier,Bulk Agricultural Machinery Supplier in Wardha Maharashtra India,Maharashtra,India
MH-138-14-3576,138,14,3,Wardha,Agricultural Machinery Marketplace,Agricultural Machinery Marketplace in Wardha Maharashtra India,Maharashtra,India
MH-138-15-3577,138,15,1,Wardha,Agricultural Machinery Procurement Company,Agricultural Machinery Procurement Company in Wardha Maharashtra India,Maharashtra,India
MH-138-16-3578,138,16,1,Wardha,Agricultural Equipment Sourcing Company,Agricultural Equipment Sourcing Company in Wardha Maharashtra India,Maharashtra,India
MH-138-17-3579,138,17,2,Wardha,Farm Machinery Wholesalers,Farm Machinery Wholesalers in Wardha Maharashtra India,Maharashtra,India
MH-138-18-3580,138,18,2,Wardha,Agricultural Machinery Supplier,Agricultural Machinery Supplier in Wardha Maharashtra India,Maharashtra,India
MH-138-19-3581,138,19,2,Wardha,Agricultural Machinery Distributor,Agricultural Machinery Distributor in Wardha Maharashtra India,Maharashtra,India
MH-138-20-3582,138,20,2,Wardha,Agricultural Machinery Dealer,Agricultural Machinery Dealer in Wardha Maharashtra India,Maharashtra,India
MH-138-21-3583,138,21,1,Wardha,Agricultural Equipment Exporter,Agricultural Equipment Exporter in Wardha Maharashtra India,Maharashtra,India
MH-138-22-3584,138,22,2,Wardha,Agricultural Machinery Wholesaler,Agricultural Machinery Wholesaler in Wardha Maharashtra India,Maharashtra,India
MH-138-23-3585,138,23,2,Wardha,Agricultural Machinery Trader,Agricultural Machinery Trader in Wardha Maharashtra India,Maharashtra,India
MH-138-24-3586,138,24,1,Wardha,Agricultural Machinery Manufacturer,Agricultural Machinery Manufacturer in Wardha Maharashtra India,Maharashtra,India
MH-138-25-3587,138,25,1,Wardha,Agricultural Equipment Procurement,Agricultural Equipment Procurement in Wardha Maharashtra India,Maharashtra,India
MH-138-26-3588,138,26,1,Wardha,Agricultural Machinery Importers,Agricultural Machinery Importers in Wardha Maharashtra India,Maharashtra,India
MH-139-01-3589,139,1,1,Hinganghat,Agricultural Machinery Exporters List,Agricultural Machinery Exporters List in Hinganghat Maharashtra India,Maharashtra,India
MH-139-02-3590,139,2,1,Hinganghat,Agricultural Equipment Manufacturers List,Agricultural Equipment Manufacturers List in Hinganghat Maharashtra India,Maharashtra,India
MH-139-03-3591,139,3,2,Hinganghat,Farm Equipment Dealers Directory,Farm Equipment Dealers Directory in Hinganghat Maharashtra India,Maharashtra,India
MH-139-04-3592,139,4,1,Hinganghat,Agricultural Machinery Importer Database,Agricultural Machinery Importer Database in Hinganghat Maharashtra India,Maharashtra,India
MH-139-05-3593,139,5,1,Hinganghat,Agricultural Equipment Buyer List,Agricultural Equipment Buyer List in Hinganghat Maharashtra India,Maharashtra,India
MH-139-06-3594,139,6,2,Hinganghat,Authorized Tractor Dealer,Authorized Tractor Dealer in Hinganghat Maharashtra India,Maharashtra,India
MH-139-07-3595,139,7,1,Hinganghat,Farm Machinery Exporter India,Farm Machinery Exporter India in Hinganghat Maharashtra India,Maharashtra,India
MH-139-08-3596,139,8,1,Hinganghat,Agricultural Machinery Import Export Company,Agricultural Machinery Import Export Company in Hinganghat Maharashtra India,Maharashtra,India
MH-139-09-3597,139,9,2,Hinganghat,Agricultural Equipment Tender Supplier,Agricultural Equipment Tender Supplier in Hinganghat Maharashtra India,Maharashtra,India
MH-139-10-3598,139,10,1,Hinganghat,Oem Agricultural Machinery Manufacturer,Oem Agricultural Machinery Manufacturer in Hinganghat Maharashtra India,Maharashtra,India
MH-139-11-3599,139,11,2,Hinganghat,Agricultural Machinery Distributor Near Me,Agricultural Machinery Distributor Near Me in Hinganghat Maharashtra India,Maharashtra,India
MH-139-12-3600,139,12,2,Hinganghat,Agricultural Equipment Wholesale Distributor,Agricultural Equipment Wholesale Distributor in Hinganghat Maharashtra India,Maharashtra,India
MH-139-13-3601,139,13,2,Hinganghat,Bulk Agricultural Machinery Supplier,Bulk Agricultural Machinery Supplier in Hinganghat Maharashtra India,Maharashtra,India
MH-139-14-3602,139,14,3,Hinganghat,Agricultural Machinery Marketplace,Agricultural Machinery Marketplace in Hinganghat Maharashtra India,Maharashtra,India
MH-139-15-3603,139,15,1,Hinganghat,Agricultural Machinery Procurement Company,Agricultural Machinery Procurement Company in Hinganghat Maharashtra India,Maharashtra,India
MH-139-16-3604,139,16,1,Hinganghat,Agricultural Equipment Sourcing Company,Agricultural Equipment Sourcing Company in Hinganghat Maharashtra India,Maharashtra,India
MH-139-17-3605,139,17,2,Hinganghat,Farm Machinery Wholesalers,Farm Machinery Wholesalers in Hinganghat Maharashtra India,Maharashtra,India
MH-139-18-3606,139,18,2,Hinganghat,Agricultural Machinery Supplier,Agricultural Machinery Supplier in Hinganghat Maharashtra India,Maharashtra,India
MH-139-19-3607,139,19,2,Hinganghat,Agricultural Machinery Distributor,Agricultural Machinery Distributor in Hinganghat Maharashtra India,Maharashtra,India
MH-139-20-3608,139,20,2,Hinganghat,Agricultural Machinery Dealer,Agricultural Machinery Dealer in Hinganghat Maharashtra India,Maharashtra,India
MH-139-21-3609,139,21,1,Hinganghat,Agricultural Equipment Exporter,Agricultural Equipment Exporter in Hinganghat Maharashtra India,Maharashtra,India
MH-139-22-3610,139,22,2,Hinganghat,Agricultural Machinery Wholesaler,Agricultural Machinery Wholesaler in Hinganghat Maharashtra India,Maharashtra,India
MH-139-23-3611,139,23,2,Hinganghat,Agricultural Machinery Trader,Agricultural Machinery Trader in Hinganghat Maharashtra India,Maharashtra,India
MH-139-24-3612,139,24,1,Hinganghat,Agricultural Machinery Manufacturer,Agricultural Machinery Manufacturer in Hinganghat Maharashtra India,Maharashtra,India
MH-139-25-3613,139,25,1,Hinganghat,Agricultural Equipment Procurement,Agricultural Equipment Procurement in Hinganghat Maharashtra India,Maharashtra,India
MH-139-26-3614,139,26,1,Hinganghat,Agricultural Machinery Importers,Agricultural Machinery Importers in Hinganghat Maharashtra India,Maharashtra,India
MH-140-01-3615,140,1,1,Arvi,Agricultural Machinery Exporters List,Agricultural Machinery Exporters List in Arvi Maharashtra India,Maharashtra,India
MH-140-02-3616,140,2,1,Arvi,Agricultural Equipment Manufacturers List,Agricultural Equipment Manufacturers List in Arvi Maharashtra India,Maharashtra,India
MH-140-03-3617,140,3,2,Arvi,Farm Equipment Dealers Directory,Farm Equipment Dealers Directory in Arvi Maharashtra India,Maharashtra,India
MH-140-04-3618,140,4,1,Arvi,Agricultural Machinery Importer Database,Agricultural Machinery Importer Database in Arvi Maharashtra India,Maharashtra,India
MH-140-05-3619,140,5,1,Arvi,Agricultural Equipment Buyer List,Agricultural Equipment Buyer List in Arvi Maharashtra India,Maharashtra,India
MH-140-06-3620,140,6,2,Arvi,Authorized Tractor Dealer,Authorized Tractor Dealer in Arvi Maharashtra India,Maharashtra,India
MH-140-07-3621,140,7,1,Arvi,Farm Machinery Exporter India,Farm Machinery Exporter India in Arvi Maharashtra India,Maharashtra,India
MH-140-08-3622,140,8,1,Arvi,Agricultural Machinery Import Export Company,Agricultural Machinery Import Export Company in Arvi Maharashtra India,Maharashtra,India
MH-140-09-3623,140,9,2,Arvi,Agricultural Equipment Tender Supplier,Agricultural Equipment Tender Supplier in Arvi Maharashtra India,Maharashtra,India
MH-140-10-3624,140,10,1,Arvi,Oem Agricultural Machinery Manufacturer,Oem Agricultural Machinery Manufacturer in Arvi Maharashtra India,Maharashtra,India
MH-140-11-3625,140,11,2,Arvi,Agricultural Machinery Distributor Near Me,Agricultural Machinery Distributor Near Me in Arvi Maharashtra India,Maharashtra,India
MH-140-12-3626,140,12,2,Arvi,Agricultural Equipment Wholesale Distributor,Agricultural Equipment Wholesale Distributor in Arvi Maharashtra India,Maharashtra,India
MH-140-13-3627,140,13,2,Arvi,Bulk Agricultural Machinery Supplier,Bulk Agricultural Machinery Supplier in Arvi Maharashtra India,Maharashtra,India
MH-140-14-3628,140,14,3,Arvi,Agricultural Machinery Marketplace,Agricultural Machinery Marketplace in Arvi Maharashtra India,Maharashtra,India
MH-140-15-3629,140,15,1,Arvi,Agricultural Machinery Procurement Company,Agricultural Machinery Procurement Company in Arvi Maharashtra India,Maharashtra,India
MH-140-16-3630,140,16,1,Arvi,Agricultural Equipment Sourcing Company,Agricultural Equipment Sourcing Company in Arvi Maharashtra India,Maharashtra,India
MH-140-17-3631,140,17,2,Arvi,Farm Machinery Wholesalers,Farm Machinery Wholesalers in Arvi Maharashtra India,Maharashtra,India
MH-140-18-3632,140,18,2,Arvi,Agricultural Machinery Supplier,Agricultural Machinery Supplier in Arvi Maharashtra India,Maharashtra,India
MH-140-19-3633,140,19,2,Arvi,Agricultural Machinery Distributor,Agricultural Machinery Distributor in Arvi Maharashtra India,Maharashtra,India
MH-140-20-3634,140,20,2,Arvi,Agricultural Machinery Dealer,Agricultural Machinery Dealer in Arvi Maharashtra India,Maharashtra,India
MH-140-21-3635,140,21,1,Arvi,Agricultural Equipment Exporter,Agricultural Equipment Exporter in Arvi Maharashtra India,Maharashtra,India
MH-140-22-3636,140,22,2,Arvi,Agricultural Machinery Wholesaler,Agricultural Machinery Wholesaler in Arvi Maharashtra India,Maharashtra,India
MH-140-23-3637,140,23,2,Arvi,Agricultural Machinery Trader,Agricultural Machinery Trader in Arvi Maharashtra India,Maharashtra,India
MH-140-24-3638,140,24,1,Arvi,Agricultural Machinery Manufacturer,Agricultural Machinery Manufacturer in Arvi Maharashtra India,Maharashtra,India
MH-140-25-3639,140,25,1,Arvi,Agricultural Equipment Procurement,Agricultural Equipment Procurement in Arvi Maharashtra India,Maharashtra,India
MH-140-26-3640,140,26,1,Arvi,Agricultural Machinery Importers,Agricultural Machinery Importers in Arvi Maharashtra India,Maharashtra,India
MH-141-01-3641,141,1,1,Deoli,Agricultural Machinery Exporters List,Agricultural Machinery Exporters List in Deoli Maharashtra India,Maharashtra,India
MH-141-02-3642,141,2,1,Deoli,Agricultural Equipment Manufacturers List,Agricultural Equipment Manufacturers List in Deoli Maharashtra India,Maharashtra,India
MH-141-03-3643,141,3,2,Deoli,Farm Equipment Dealers Directory,Farm Equipment Dealers Directory in Deoli Maharashtra India,Maharashtra,India
MH-141-04-3644,141,4,1,Deoli,Agricultural Machinery Importer Database,Agricultural Machinery Importer Database in Deoli Maharashtra India,Maharashtra,India
MH-141-05-3645,141,5,1,Deoli,Agricultural Equipment Buyer List,Agricultural Equipment Buyer List in Deoli Maharashtra India,Maharashtra,India
MH-141-06-3646,141,6,2,Deoli,Authorized Tractor Dealer,Authorized Tractor Dealer in Deoli Maharashtra India,Maharashtra,India
MH-141-07-3647,141,7,1,Deoli,Farm Machinery Exporter India,Farm Machinery Exporter India in Deoli Maharashtra India,Maharashtra,India
MH-141-08-3648,141,8,1,Deoli,Agricultural Machinery Import Export Company,Agricultural Machinery Import Export Company in Deoli Maharashtra India,Maharashtra,India
MH-141-09-3649,141,9,2,Deoli,Agricultural Equipment Tender Supplier,Agricultural Equipment Tender Supplier in Deoli Maharashtra India,Maharashtra,India
MH-141-10-3650,141,10,1,Deoli,Oem Agricultural Machinery Manufacturer,Oem Agricultural Machinery Manufacturer in Deoli Maharashtra India,Maharashtra,India
MH-141-11-3651,141,11,2,Deoli,Agricultural Machinery Distributor Near Me,Agricultural Machinery Distributor Near Me in Deoli Maharashtra India,Maharashtra,India
MH-141-12-3652,141,12,2,Deoli,Agricultural Equipment Wholesale Distributor,Agricultural Equipment Wholesale Distributor in Deoli Maharashtra India,Maharashtra,India
MH-141-13-3653,141,13,2,Deoli,Bulk Agricultural Machinery Supplier,Bulk Agricultural Machinery Supplier in Deoli Maharashtra India,Maharashtra,India
MH-141-14-3654,141,14,3,Deoli,Agricultural Machinery Marketplace,Agricultural Machinery Marketplace in Deoli Maharashtra India,Maharashtra,India
MH-141-15-3655,141,15,1,Deoli,Agricultural Machinery Procurement Company,Agricultural Machinery Procurement Company in Deoli Maharashtra India,Maharashtra,India
MH-141-16-3656,141,16,1,Deoli,Agricultural Equipment Sourcing Company,Agricultural Equipment Sourcing Company in Deoli Maharashtra India,Maharashtra,India
MH-141-17-3657,141,17,2,Deoli,Farm Machinery Wholesalers,Farm Machinery Wholesalers in Deoli Maharashtra India,Maharashtra,India
MH-141-18-3658,141,18,2,Deoli,Agricultural Machinery Supplier,Agricultural Machinery Supplier in Deoli Maharashtra India,Maharashtra,India
MH-141-19-3659,141,19,2,Deoli,Agricultural Machinery Distributor,Agricultural Machinery Distributor in Deoli Maharashtra India,Maharashtra,India
MH-141-20-3660,141,20,2,Deoli,Agricultural Machinery Dealer,Agricultural Machinery Dealer in Deoli Maharashtra India,Maharashtra,India
MH-141-21-3661,141,21,1,Deoli,Agricultural Equipment Exporter,Agricultural Equipment Exporter in Deoli Maharashtra India,Maharashtra,India
MH-141-22-3662,141,22,2,Deoli,Agricultural Machinery Wholesaler,Agricultural Machinery Wholesaler in Deoli Maharashtra India,Maharashtra,India
MH-141-23-3663,141,23,2,Deoli,Agricultural Machinery Trader,Agricultural Machinery Trader in Deoli Maharashtra India,Maharashtra,India
MH-141-24-3664,141,24,1,Deoli,Agricultural Machinery Manufacturer,Agricultural Machinery Manufacturer in Deoli Maharashtra India,Maharashtra,India
MH-141-25-3665,141,25,1,Deoli,Agricultural Equipment Procurement,Agricultural Equipment Procurement in Deoli Maharashtra India,Maharashtra,India
MH-141-26-3666,141,26,1,Deoli,Agricultural Machinery Importers,Agricultural Machinery Importers in Deoli Maharashtra India,Maharashtra,India
MH-142-01-3667,142,1,1,Washim,Agricultural Machinery Exporters List,Agricultural Machinery Exporters List in Washim Maharashtra India,Maharashtra,India
MH-142-02-3668,142,2,1,Washim,Agricultural Equipment Manufacturers List,Agricultural Equipment Manufacturers List in Washim Maharashtra India,Maharashtra,India
MH-142-03-3669,142,3,2,Washim,Farm Equipment Dealers Directory,Farm Equipment Dealers Directory in Washim Maharashtra India,Maharashtra,India
MH-142-04-3670,142,4,1,Washim,Agricultural Machinery Importer Database,Agricultural Machinery Importer Database in Washim Maharashtra India,Maharashtra,India
MH-142-05-3671,142,5,1,Washim,Agricultural Equipment Buyer List,Agricultural Equipment Buyer List in Washim Maharashtra India,Maharashtra,India
MH-142-06-3672,142,6,2,Washim,Authorized Tractor Dealer,Authorized Tractor Dealer in Washim Maharashtra India,Maharashtra,India
MH-142-07-3673,142,7,1,Washim,Farm Machinery Exporter India,Farm Machinery Exporter India in Washim Maharashtra India,Maharashtra,India
MH-142-08-3674,142,8,1,Washim,Agricultural Machinery Import Export Company,Agricultural Machinery Import Export Company in Washim Maharashtra India,Maharashtra,India
MH-142-09-3675,142,9,2,Washim,Agricultural Equipment Tender Supplier,Agricultural Equipment Tender Supplier in Washim Maharashtra India,Maharashtra,India
MH-142-10-3676,142,10,1,Washim,Oem Agricultural Machinery Manufacturer,Oem Agricultural Machinery Manufacturer in Washim Maharashtra India,Maharashtra,India
MH-142-11-3677,142,11,2,Washim,Agricultural Machinery Distributor Near Me,Agricultural Machinery Distributor Near Me in Washim Maharashtra India,Maharashtra,India
MH-142-12-3678,142,12,2,Washim,Agricultural Equipment Wholesale Distributor,Agricultural Equipment Wholesale Distributor in Washim Maharashtra India,Maharashtra,India
MH-142-13-3679,142,13,2,Washim,Bulk Agricultural Machinery Supplier,Bulk Agricultural Machinery Supplier in Washim Maharashtra India,Maharashtra,India
MH-142-14-3680,142,14,3,Washim,Agricultural Machinery Marketplace,Agricultural Machinery Marketplace in Washim Maharashtra India,Maharashtra,India
MH-142-15-3681,142,15,1,Washim,Agricultural Machinery Procurement Company,Agricultural Machinery Procurement Company in Washim Maharashtra India,Maharashtra,India
MH-142-16-3682,142,16,1,Washim,Agricultural Equipment Sourcing Company,Agricultural Equipment Sourcing Company in Washim Maharashtra India,Maharashtra,India
MH-142-17-3683,142,17,2,Washim,Farm Machinery Wholesalers,Farm Machinery Wholesalers in Washim Maharashtra India,Maharashtra,India
MH-142-18-3684,142,18,2,Washim,Agricultural Machinery Supplier,Agricultural Machinery Supplier in Washim Maharashtra India,Maharashtra,India
MH-142-19-3685,142,19,2,Washim,Agricultural Machinery Distributor,Agricultural Machinery Distributor in Washim Maharashtra India,Maharashtra,India
MH-142-20-3686,142,20,2,Washim,Agricultural Machinery Dealer,Agricultural Machinery Dealer in Washim Maharashtra India,Maharashtra,India
MH-142-21-3687,142,21,1,Washim,Agricultural Equipment Exporter,Agricultural Equipment Exporter in Washim Maharashtra India,Maharashtra,India
MH-142-22-3688,142,22,2,Washim,Agricultural Machinery Wholesaler,Agricultural Machinery Wholesaler in Washim Maharashtra India,Maharashtra,India
MH-142-23-3689,142,23,2,Washim,Agricultural Machinery Trader,Agricultural Machinery Trader in Washim Maharashtra India,Maharashtra,India
MH-142-24-3690,142,24,1,Washim,Agricultural Machinery Manufacturer,Agricultural Machinery Manufacturer in Washim Maharashtra India,Maharashtra,India
MH-142-25-3691,142,25,1,Washim,Agricultural Equipment Procurement,Agricultural Equipment Procurement in Washim Maharashtra India,Maharashtra,India
MH-142-26-3692,142,26,1,Washim,Agricultural Machinery Importers,Agricultural Machinery Importers in Washim Maharashtra India,Maharashtra,India
MH-143-01-3693,143,1,1,Karanja Lad,Agricultural Machinery Exporters List,Agricultural Machinery Exporters List in Karanja Lad Maharashtra India,Maharashtra,India
MH-143-02-3694,143,2,1,Karanja Lad,Agricultural Equipment Manufacturers List,Agricultural Equipment Manufacturers List in Karanja Lad Maharashtra India,Maharashtra,India
MH-143-03-3695,143,3,2,Karanja Lad,Farm Equipment Dealers Directory,Farm Equipment Dealers Directory in Karanja Lad Maharashtra India,Maharashtra,India
MH-143-04-3696,143,4,1,Karanja Lad,Agricultural Machinery Importer Database,Agricultural Machinery Importer Database in Karanja Lad Maharashtra India,Maharashtra,India
MH-143-05-3697,143,5,1,Karanja Lad,Agricultural Equipment Buyer List,Agricultural Equipment Buyer List in Karanja Lad Maharashtra India,Maharashtra,India
MH-143-06-3698,143,6,2,Karanja Lad,Authorized Tractor Dealer,Authorized Tractor Dealer in Karanja Lad Maharashtra India,Maharashtra,India
MH-143-07-3699,143,7,1,Karanja Lad,Farm Machinery Exporter India,Farm Machinery Exporter India in Karanja Lad Maharashtra India,Maharashtra,India
MH-143-08-3700,143,8,1,Karanja Lad,Agricultural Machinery Import Export Company,Agricultural Machinery Import Export Company in Karanja Lad Maharashtra India,Maharashtra,India
MH-143-09-3701,143,9,2,Karanja Lad,Agricultural Equipment Tender Supplier,Agricultural Equipment Tender Supplier in Karanja Lad Maharashtra India,Maharashtra,India
MH-143-10-3702,143,10,1,Karanja Lad,Oem Agricultural Machinery Manufacturer,Oem Agricultural Machinery Manufacturer in Karanja Lad Maharashtra India,Maharashtra,India
MH-143-11-3703,143,11,2,Karanja Lad,Agricultural Machinery Distributor Near Me,Agricultural Machinery Distributor Near Me in Karanja Lad Maharashtra India,Maharashtra,India
MH-143-12-3704,143,12,2,Karanja Lad,Agricultural Equipment Wholesale Distributor,Agricultural Equipment Wholesale Distributor in Karanja Lad Maharashtra India,Maharashtra,India
MH-143-13-3705,143,13,2,Karanja Lad,Bulk Agricultural Machinery Supplier,Bulk Agricultural Machinery Supplier in Karanja Lad Maharashtra India,Maharashtra,India
MH-143-14-3706,143,14,3,Karanja Lad,Agricultural Machinery Marketplace,Agricultural Machinery Marketplace in Karanja Lad Maharashtra India,Maharashtra,India
MH-143-15-3707,143,15,1,Karanja Lad,Agricultural Machinery Procurement Company,Agricultural Machinery Procurement Company in Karanja Lad Maharashtra India,Maharashtra,India
MH-143-16-3708,143,16,1,Karanja Lad,Agricultural Equipment Sourcing Company,Agricultural Equipment Sourcing Company in Karanja Lad Maharashtra India,Maharashtra,India
MH-143-17-3709,143,17,2,Karanja Lad,Farm Machinery Wholesalers,Farm Machinery Wholesalers in Karanja Lad Maharashtra India,Maharashtra,India
MH-143-18-3710,143,18,2,Karanja Lad,Agricultural Machinery Supplier,Agricultural Machinery Supplier in Karanja Lad Maharashtra India,Maharashtra,India
MH-143-19-3711,143,19,2,Karanja Lad,Agricultural Machinery Distributor,Agricultural Machinery Distributor in Karanja Lad Maharashtra India,Maharashtra,India
MH-143-20-3712,143,20,2,Karanja Lad,Agricultural Machinery Dealer,Agricultural Machinery Dealer in Karanja Lad Maharashtra India,Maharashtra,India
MH-143-21-3713,143,21,1,Karanja Lad,Agricultural Equipment Exporter,Agricultural Equipment Exporter in Karanja Lad Maharashtra India,Maharashtra,India
MH-143-22-3714,143,22,2,Karanja Lad,Agricultural Machinery Wholesaler,Agricultural Machinery Wholesaler in Karanja Lad Maharashtra India,Maharashtra,India
MH-143-23-3715,143,23,2,Karanja Lad,Agricultural Machinery Trader,Agricultural Machinery Trader in Karanja Lad Maharashtra India,Maharashtra,India
MH-143-24-3716,143,24,1,Karanja Lad,Agricultural Machinery Manufacturer,Agricultural Machinery Manufacturer in Karanja Lad Maharashtra India,Maharashtra,India
MH-143-25-3717,143,25,1,Karanja Lad,Agricultural Equipment Procurement,Agricultural Equipment Procurement in Karanja Lad Maharashtra India,Maharashtra,India
MH-143-26-3718,143,26,1,Karanja Lad,Agricultural Machinery Importers,Agricultural Machinery Importers in Karanja Lad Maharashtra India,Maharashtra,India
MH-144-01-3719,144,1,1,Mangrulpir,Agricultural Machinery Exporters List,Agricultural Machinery Exporters List in Mangrulpir Maharashtra India,Maharashtra,India
MH-144-02-3720,144,2,1,Mangrulpir,Agricultural Equipment Manufacturers List,Agricultural Equipment Manufacturers List in Mangrulpir Maharashtra India,Maharashtra,India
MH-144-03-3721,144,3,2,Mangrulpir,Farm Equipment Dealers Directory,Farm Equipment Dealers Directory in Mangrulpir Maharashtra India,Maharashtra,India
MH-144-04-3722,144,4,1,Mangrulpir,Agricultural Machinery Importer Database,Agricultural Machinery Importer Database in Mangrulpir Maharashtra India,Maharashtra,India
MH-144-05-3723,144,5,1,Mangrulpir,Agricultural Equipment Buyer List,Agricultural Equipment Buyer List in Mangrulpir Maharashtra India,Maharashtra,India
MH-144-06-3724,144,6,2,Mangrulpir,Authorized Tractor Dealer,Authorized Tractor Dealer in Mangrulpir Maharashtra India,Maharashtra,India
MH-144-07-3725,144,7,1,Mangrulpir,Farm Machinery Exporter India,Farm Machinery Exporter India in Mangrulpir Maharashtra India,Maharashtra,India
MH-144-08-3726,144,8,1,Mangrulpir,Agricultural Machinery Import Export Company,Agricultural Machinery Import Export Company in Mangrulpir Maharashtra India,Maharashtra,India
MH-144-09-3727,144,9,2,Mangrulpir,Agricultural Equipment Tender Supplier,Agricultural Equipment Tender Supplier in Mangrulpir Maharashtra India,Maharashtra,India
MH-144-10-3728,144,10,1,Mangrulpir,Oem Agricultural Machinery Manufacturer,Oem Agricultural Machinery Manufacturer in Mangrulpir Maharashtra India,Maharashtra,India
MH-144-11-3729,144,11,2,Mangrulpir,Agricultural Machinery Distributor Near Me,Agricultural Machinery Distributor Near Me in Mangrulpir Maharashtra India,Maharashtra,India
MH-144-12-3730,144,12,2,Mangrulpir,Agricultural Equipment Wholesale Distributor,Agricultural Equipment Wholesale Distributor in Mangrulpir Maharashtra India,Maharashtra,India
MH-144-13-3731,144,13,2,Mangrulpir,Bulk Agricultural Machinery Supplier,Bulk Agricultural Machinery Supplier in Mangrulpir Maharashtra India,Maharashtra,India
MH-144-14-3732,144,14,3,Mangrulpir,Agricultural Machinery Marketplace,Agricultural Machinery Marketplace in Mangrulpir Maharashtra India,Maharashtra,India
MH-144-15-3733,144,15,1,Mangrulpir,Agricultural Machinery Procurement Company,Agricultural Machinery Procurement Company in Mangrulpir Maharashtra India,Maharashtra,India
MH-144-16-3734,144,16,1,Mangrulpir,Agricultural Equipment Sourcing Company,Agricultural Equipment Sourcing Company in Mangrulpir Maharashtra India,Maharashtra,India
MH-144-17-3735,144,17,2,Mangrulpir,Farm Machinery Wholesalers,Farm Machinery Wholesalers in Mangrulpir Maharashtra India,Maharashtra,India
MH-144-18-3736,144,18,2,Mangrulpir,Agricultural Machinery Supplier,Agricultural Machinery Supplier in Mangrulpir Maharashtra India,Maharashtra,India
MH-144-19-3737,144,19,2,Mangrulpir,Agricultural Machinery Distributor,Agricultural Machinery Distributor in Mangrulpir Maharashtra India,Maharashtra,India
MH-144-20-3738,144,20,2,Mangrulpir,Agricultural Machinery Dealer,Agricultural Machinery Dealer in Mangrulpir Maharashtra India,Maharashtra,India
MH-144-21-3739,144,21,1,Mangrulpir,Agricultural Equipment Exporter,Agricultural Equipment Exporter in Mangrulpir Maharashtra India,Maharashtra,India
MH-144-22-3740,144,22,2,Mangrulpir,Agricultural Machinery Wholesaler,Agricultural Machinery Wholesaler in Mangrulpir Maharashtra India,Maharashtra,India
MH-144-23-3741,144,23,2,Mangrulpir,Agricultural Machinery Trader,Agricultural Machinery Trader in Mangrulpir Maharashtra India,Maharashtra,India
MH-144-24-3742,144,24,1,Mangrulpir,Agricultural Machinery Manufacturer,Agricultural Machinery Manufacturer in Mangrulpir Maharashtra India,Maharashtra,India
MH-144-25-3743,144,25,1,Mangrulpir,Agricultural Equipment Procurement,Agricultural Equipment Procurement in Mangrulpir Maharashtra India,Maharashtra,India
MH-144-26-3744,144,26,1,Mangrulpir,Agricultural Machinery Importers,Agricultural Machinery Importers in Mangrulpir Maharashtra India,Maharashtra,India
MH-145-01-3745,145,1,1,Risod,Agricultural Machinery Exporters List,Agricultural Machinery Exporters List in Risod Maharashtra India,Maharashtra,India
MH-145-02-3746,145,2,1,Risod,Agricultural Equipment Manufacturers List,Agricultural Equipment Manufacturers List in Risod Maharashtra India,Maharashtra,India
MH-145-03-3747,145,3,2,Risod,Farm Equipment Dealers Directory,Farm Equipment Dealers Directory in Risod Maharashtra India,Maharashtra,India
MH-145-04-3748,145,4,1,Risod,Agricultural Machinery Importer Database,Agricultural Machinery Importer Database in Risod Maharashtra India,Maharashtra,India
MH-145-05-3749,145,5,1,Risod,Agricultural Equipment Buyer List,Agricultural Equipment Buyer List in Risod Maharashtra India,Maharashtra,India
MH-145-06-3750,145,6,2,Risod,Authorized Tractor Dealer,Authorized Tractor Dealer in Risod Maharashtra India,Maharashtra,India
MH-145-07-3751,145,7,1,Risod,Farm Machinery Exporter India,Farm Machinery Exporter India in Risod Maharashtra India,Maharashtra,India
MH-145-08-3752,145,8,1,Risod,Agricultural Machinery Import Export Company,Agricultural Machinery Import Export Company in Risod Maharashtra India,Maharashtra,India
MH-145-09-3753,145,9,2,Risod,Agricultural Equipment Tender Supplier,Agricultural Equipment Tender Supplier in Risod Maharashtra India,Maharashtra,India
MH-145-10-3754,145,10,1,Risod,Oem Agricultural Machinery Manufacturer,Oem Agricultural Machinery Manufacturer in Risod Maharashtra India,Maharashtra,India
MH-145-11-3755,145,11,2,Risod,Agricultural Machinery Distributor Near Me,Agricultural Machinery Distributor Near Me in Risod Maharashtra India,Maharashtra,India
MH-145-12-3756,145,12,2,Risod,Agricultural Equipment Wholesale Distributor,Agricultural Equipment Wholesale Distributor in Risod Maharashtra India,Maharashtra,India
MH-145-13-3757,145,13,2,Risod,Bulk Agricultural Machinery Supplier,Bulk Agricultural Machinery Supplier in Risod Maharashtra India,Maharashtra,India
MH-145-14-3758,145,14,3,Risod,Agricultural Machinery Marketplace,Agricultural Machinery Marketplace in Risod Maharashtra India,Maharashtra,India
MH-145-15-3759,145,15,1,Risod,Agricultural Machinery Procurement Company,Agricultural Machinery Procurement Company in Risod Maharashtra India,Maharashtra,India
MH-145-16-3760,145,16,1,Risod,Agricultural Equipment Sourcing Company,Agricultural Equipment Sourcing Company in Risod Maharashtra India,Maharashtra,India
MH-145-17-3761,145,17,2,Risod,Farm Machinery Wholesalers,Farm Machinery Wholesalers in Risod Maharashtra India,Maharashtra,India
MH-145-18-3762,145,18,2,Risod,Agricultural Machinery Supplier,Agricultural Machinery Supplier in Risod Maharashtra India,Maharashtra,India
MH-145-19-3763,145,19,2,Risod,Agricultural Machinery Distributor,Agricultural Machinery Distributor in Risod Maharashtra India,Maharashtra,India
MH-145-20-3764,145,20,2,Risod,Agricultural Machinery Dealer,Agricultural Machinery Dealer in Risod Maharashtra India,Maharashtra,India
MH-145-21-3765,145,21,1,Risod,Agricultural Equipment Exporter,Agricultural Equipment Exporter in Risod Maharashtra India,Maharashtra,India
MH-145-22-3766,145,22,2,Risod,Agricultural Machinery Wholesaler,Agricultural Machinery Wholesaler in Risod Maharashtra India,Maharashtra,India
MH-145-23-3767,145,23,2,Risod,Agricultural Machinery Trader,Agricultural Machinery Trader in Risod Maharashtra India,Maharashtra,India
MH-145-24-3768,145,24,1,Risod,Agricultural Machinery Manufacturer,Agricultural Machinery Manufacturer in Risod Maharashtra India,Maharashtra,India
MH-145-25-3769,145,25,1,Risod,Agricultural Equipment Procurement,Agricultural Equipment Procurement in Risod Maharashtra India,Maharashtra,India
MH-145-26-3770,145,26,1,Risod,Agricultural Machinery Importers,Agricultural Machinery Importers in Risod Maharashtra India,Maharashtra,India
MH-146-01-3771,146,1,1,Yavatmal,Agricultural Machinery Exporters List,Agricultural Machinery Exporters List in Yavatmal Maharashtra India,Maharashtra,India
MH-146-02-3772,146,2,1,Yavatmal,Agricultural Equipment Manufacturers List,Agricultural Equipment Manufacturers List in Yavatmal Maharashtra India,Maharashtra,India
MH-146-03-3773,146,3,2,Yavatmal,Farm Equipment Dealers Directory,Farm Equipment Dealers Directory in Yavatmal Maharashtra India,Maharashtra,India
MH-146-04-3774,146,4,1,Yavatmal,Agricultural Machinery Importer Database,Agricultural Machinery Importer Database in Yavatmal Maharashtra India,Maharashtra,India
MH-146-05-3775,146,5,1,Yavatmal,Agricultural Equipment Buyer List,Agricultural Equipment Buyer List in Yavatmal Maharashtra India,Maharashtra,India
MH-146-06-3776,146,6,2,Yavatmal,Authorized Tractor Dealer,Authorized Tractor Dealer in Yavatmal Maharashtra India,Maharashtra,India
MH-146-07-3777,146,7,1,Yavatmal,Farm Machinery Exporter India,Farm Machinery Exporter India in Yavatmal Maharashtra India,Maharashtra,India
MH-146-08-3778,146,8,1,Yavatmal,Agricultural Machinery Import Export Company,Agricultural Machinery Import Export Company in Yavatmal Maharashtra India,Maharashtra,India
MH-146-09-3779,146,9,2,Yavatmal,Agricultural Equipment Tender Supplier,Agricultural Equipment Tender Supplier in Yavatmal Maharashtra India,Maharashtra,India
MH-146-10-3780,146,10,1,Yavatmal,Oem Agricultural Machinery Manufacturer,Oem Agricultural Machinery Manufacturer in Yavatmal Maharashtra India,Maharashtra,India
MH-146-11-3781,146,11,2,Yavatmal,Agricultural Machinery Distributor Near Me,Agricultural Machinery Distributor Near Me in Yavatmal Maharashtra India,Maharashtra,India
MH-146-12-3782,146,12,2,Yavatmal,Agricultural Equipment Wholesale Distributor,Agricultural Equipment Wholesale Distributor in Yavatmal Maharashtra India,Maharashtra,India
MH-146-13-3783,146,13,2,Yavatmal,Bulk Agricultural Machinery Supplier,Bulk Agricultural Machinery Supplier in Yavatmal Maharashtra India,Maharashtra,India
MH-146-14-3784,146,14,3,Yavatmal,Agricultural Machinery Marketplace,Agricultural Machinery Marketplace in Yavatmal Maharashtra India,Maharashtra,India
MH-146-15-3785,146,15,1,Yavatmal,Agricultural Machinery Procurement Company,Agricultural Machinery Procurement Company in Yavatmal Maharashtra India,Maharashtra,India
MH-146-16-3786,146,16,1,Yavatmal,Agricultural Equipment Sourcing Company,Agricultural Equipment Sourcing Company in Yavatmal Maharashtra India,Maharashtra,India
MH-146-17-3787,146,17,2,Yavatmal,Farm Machinery Wholesalers,Farm Machinery Wholesalers in Yavatmal Maharashtra India,Maharashtra,India
MH-146-18-3788,146,18,2,Yavatmal,Agricultural Machinery Supplier,Agricultural Machinery Supplier in Yavatmal Maharashtra India,Maharashtra,India
MH-146-19-3789,146,19,2,Yavatmal,Agricultural Machinery Distributor,Agricultural Machinery Distributor in Yavatmal Maharashtra India,Maharashtra,India
MH-146-20-3790,146,20,2,Yavatmal,Agricultural Machinery Dealer,Agricultural Machinery Dealer in Yavatmal Maharashtra India,Maharashtra,India
MH-146-21-3791,146,21,1,Yavatmal,Agricultural Equipment Exporter,Agricultural Equipment Exporter in Yavatmal Maharashtra India,Maharashtra,India
MH-146-22-3792,146,22,2,Yavatmal,Agricultural Machinery Wholesaler,Agricultural Machinery Wholesaler in Yavatmal Maharashtra India,Maharashtra,India
MH-146-23-3793,146,23,2,Yavatmal,Agricultural Machinery Trader,Agricultural Machinery Trader in Yavatmal Maharashtra India,Maharashtra,India
MH-146-24-3794,146,24,1,Yavatmal,Agricultural Machinery Manufacturer,Agricultural Machinery Manufacturer in Yavatmal Maharashtra India,Maharashtra,India
MH-146-25-3795,146,25,1,Yavatmal,Agricultural Equipment Procurement,Agricultural Equipment Procurement in Yavatmal Maharashtra India,Maharashtra,India
MH-146-26-3796,146,26,1,Yavatmal,Agricultural Machinery Importers,Agricultural Machinery Importers in Yavatmal Maharashtra India,Maharashtra,India
MH-147-01-3797,147,1,1,Pusad,Agricultural Machinery Exporters List,Agricultural Machinery Exporters List in Pusad Maharashtra India,Maharashtra,India
MH-147-02-3798,147,2,1,Pusad,Agricultural Equipment Manufacturers List,Agricultural Equipment Manufacturers List in Pusad Maharashtra India,Maharashtra,India
MH-147-03-3799,147,3,2,Pusad,Farm Equipment Dealers Directory,Farm Equipment Dealers Directory in Pusad Maharashtra India,Maharashtra,India
MH-147-04-3800,147,4,1,Pusad,Agricultural Machinery Importer Database,Agricultural Machinery Importer Database in Pusad Maharashtra India,Maharashtra,India
MH-147-05-3801,147,5,1,Pusad,Agricultural Equipment Buyer List,Agricultural Equipment Buyer List in Pusad Maharashtra India,Maharashtra,India
MH-147-06-3802,147,6,2,Pusad,Authorized Tractor Dealer,Authorized Tractor Dealer in Pusad Maharashtra India,Maharashtra,India
MH-147-07-3803,147,7,1,Pusad,Farm Machinery Exporter India,Farm Machinery Exporter India in Pusad Maharashtra India,Maharashtra,India
MH-147-08-3804,147,8,1,Pusad,Agricultural Machinery Import Export Company,Agricultural Machinery Import Export Company in Pusad Maharashtra India,Maharashtra,India
MH-147-09-3805,147,9,2,Pusad,Agricultural Equipment Tender Supplier,Agricultural Equipment Tender Supplier in Pusad Maharashtra India,Maharashtra,India
MH-147-10-3806,147,10,1,Pusad,Oem Agricultural Machinery Manufacturer,Oem Agricultural Machinery Manufacturer in Pusad Maharashtra India,Maharashtra,India
MH-147-11-3807,147,11,2,Pusad,Agricultural Machinery Distributor Near Me,Agricultural Machinery Distributor Near Me in Pusad Maharashtra India,Maharashtra,India
MH-147-12-3808,147,12,2,Pusad,Agricultural Equipment Wholesale Distributor,Agricultural Equipment Wholesale Distributor in Pusad Maharashtra India,Maharashtra,India
MH-147-13-3809,147,13,2,Pusad,Bulk Agricultural Machinery Supplier,Bulk Agricultural Machinery Supplier in Pusad Maharashtra India,Maharashtra,India
MH-147-14-3810,147,14,3,Pusad,Agricultural Machinery Marketplace,Agricultural Machinery Marketplace in Pusad Maharashtra India,Maharashtra,India
MH-147-15-3811,147,15,1,Pusad,Agricultural Machinery Procurement Company,Agricultural Machinery Procurement Company in Pusad Maharashtra India,Maharashtra,India
MH-147-16-3812,147,16,1,Pusad,Agricultural Equipment Sourcing Company,Agricultural Equipment Sourcing Company in Pusad Maharashtra India,Maharashtra,India
MH-147-17-3813,147,17,2,Pusad,Farm Machinery Wholesalers,Farm Machinery Wholesalers in Pusad Maharashtra India,Maharashtra,India
MH-147-18-3814,147,18,2,Pusad,Agricultural Machinery Supplier,Agricultural Machinery Supplier in Pusad Maharashtra India,Maharashtra,India
MH-147-19-3815,147,19,2,Pusad,Agricultural Machinery Distributor,Agricultural Machinery Distributor in Pusad Maharashtra India,Maharashtra,India
MH-147-20-3816,147,20,2,Pusad,Agricultural Machinery Dealer,Agricultural Machinery Dealer in Pusad Maharashtra India,Maharashtra,India
MH-147-21-3817,147,21,1,Pusad,Agricultural Equipment Exporter,Agricultural Equipment Exporter in Pusad Maharashtra India,Maharashtra,India
MH-147-22-3818,147,22,2,Pusad,Agricultural Machinery Wholesaler,Agricultural Machinery Wholesaler in Pusad Maharashtra India,Maharashtra,India
MH-147-23-3819,147,23,2,Pusad,Agricultural Machinery Trader,Agricultural Machinery Trader in Pusad Maharashtra India,Maharashtra,India
MH-147-24-3820,147,24,1,Pusad,Agricultural Machinery Manufacturer,Agricultural Machinery Manufacturer in Pusad Maharashtra India,Maharashtra,India
MH-147-25-3821,147,25,1,Pusad,Agricultural Equipment Procurement,Agricultural Equipment Procurement in Pusad Maharashtra India,Maharashtra,India
MH-147-26-3822,147,26,1,Pusad,Agricultural Machinery Importers,Agricultural Machinery Importers in Pusad Maharashtra India,Maharashtra,India
MH-148-01-3823,148,1,1,Wani,Agricultural Machinery Exporters List,Agricultural Machinery Exporters List in Wani Maharashtra India,Maharashtra,India
MH-148-02-3824,148,2,1,Wani,Agricultural Equipment Manufacturers List,Agricultural Equipment Manufacturers List in Wani Maharashtra India,Maharashtra,India
MH-148-03-3825,148,3,2,Wani,Farm Equipment Dealers Directory,Farm Equipment Dealers Directory in Wani Maharashtra India,Maharashtra,India
MH-148-04-3826,148,4,1,Wani,Agricultural Machinery Importer Database,Agricultural Machinery Importer Database in Wani Maharashtra India,Maharashtra,India
MH-148-05-3827,148,5,1,Wani,Agricultural Equipment Buyer List,Agricultural Equipment Buyer List in Wani Maharashtra India,Maharashtra,India
MH-148-06-3828,148,6,2,Wani,Authorized Tractor Dealer,Authorized Tractor Dealer in Wani Maharashtra India,Maharashtra,India
MH-148-07-3829,148,7,1,Wani,Farm Machinery Exporter India,Farm Machinery Exporter India in Wani Maharashtra India,Maharashtra,India
MH-148-08-3830,148,8,1,Wani,Agricultural Machinery Import Export Company,Agricultural Machinery Import Export Company in Wani Maharashtra India,Maharashtra,India
MH-148-09-3831,148,9,2,Wani,Agricultural Equipment Tender Supplier,Agricultural Equipment Tender Supplier in Wani Maharashtra India,Maharashtra,India
MH-148-10-3832,148,10,1,Wani,Oem Agricultural Machinery Manufacturer,Oem Agricultural Machinery Manufacturer in Wani Maharashtra India,Maharashtra,India
MH-148-11-3833,148,11,2,Wani,Agricultural Machinery Distributor Near Me,Agricultural Machinery Distributor Near Me in Wani Maharashtra India,Maharashtra,India
MH-148-12-3834,148,12,2,Wani,Agricultural Equipment Wholesale Distributor,Agricultural Equipment Wholesale Distributor in Wani Maharashtra India,Maharashtra,India
MH-148-13-3835,148,13,2,Wani,Bulk Agricultural Machinery Supplier,Bulk Agricultural Machinery Supplier in Wani Maharashtra India,Maharashtra,India
MH-148-14-3836,148,14,3,Wani,Agricultural Machinery Marketplace,Agricultural Machinery Marketplace in Wani Maharashtra India,Maharashtra,India
MH-148-15-3837,148,15,1,Wani,Agricultural Machinery Procurement Company,Agricultural Machinery Procurement Company in Wani Maharashtra India,Maharashtra,India
MH-148-16-3838,148,16,1,Wani,Agricultural Equipment Sourcing Company,Agricultural Equipment Sourcing Company in Wani Maharashtra India,Maharashtra,India
MH-148-17-3839,148,17,2,Wani,Farm Machinery Wholesalers,Farm Machinery Wholesalers in Wani Maharashtra India,Maharashtra,India
MH-148-18-3840,148,18,2,Wani,Agricultural Machinery Supplier,Agricultural Machinery Supplier in Wani Maharashtra India,Maharashtra,India
MH-148-19-3841,148,19,2,Wani,Agricultural Machinery Distributor,Agricultural Machinery Distributor in Wani Maharashtra India,Maharashtra,India
MH-148-20-3842,148,20,2,Wani,Agricultural Machinery Dealer,Agricultural Machinery Dealer in Wani Maharashtra India,Maharashtra,India
MH-148-21-3843,148,21,1,Wani,Agricultural Equipment Exporter,Agricultural Equipment Exporter in Wani Maharashtra India,Maharashtra,India
MH-148-22-3844,148,22,2,Wani,Agricultural Machinery Wholesaler,Agricultural Machinery Wholesaler in Wani Maharashtra India,Maharashtra,India
MH-148-23-3845,148,23,2,Wani,Agricultural Machinery Trader,Agricultural Machinery Trader in Wani Maharashtra India,Maharashtra,India
MH-148-24-3846,148,24,1,Wani,Agricultural Machinery Manufacturer,Agricultural Machinery Manufacturer in Wani Maharashtra India,Maharashtra,India
MH-148-25-3847,148,25,1,Wani,Agricultural Equipment Procurement,Agricultural Equipment Procurement in Wani Maharashtra India,Maharashtra,India
MH-148-26-3848,148,26,1,Wani,Agricultural Machinery Importers,Agricultural Machinery Importers in Wani Maharashtra India,Maharashtra,India
MH-149-01-3849,149,1,1,Digras,Agricultural Machinery Exporters List,Agricultural Machinery Exporters List in Digras Maharashtra India,Maharashtra,India
MH-149-02-3850,149,2,1,Digras,Agricultural Equipment Manufacturers List,Agricultural Equipment Manufacturers List in Digras Maharashtra India,Maharashtra,India
MH-149-03-3851,149,3,2,Digras,Farm Equipment Dealers Directory,Farm Equipment Dealers Directory in Digras Maharashtra India,Maharashtra,India
MH-149-04-3852,149,4,1,Digras,Agricultural Machinery Importer Database,Agricultural Machinery Importer Database in Digras Maharashtra India,Maharashtra,India
MH-149-05-3853,149,5,1,Digras,Agricultural Equipment Buyer List,Agricultural Equipment Buyer List in Digras Maharashtra India,Maharashtra,India
MH-149-06-3854,149,6,2,Digras,Authorized Tractor Dealer,Authorized Tractor Dealer in Digras Maharashtra India,Maharashtra,India
MH-149-07-3855,149,7,1,Digras,Farm Machinery Exporter India,Farm Machinery Exporter India in Digras Maharashtra India,Maharashtra,India
MH-149-08-3856,149,8,1,Digras,Agricultural Machinery Import Export Company,Agricultural Machinery Import Export Company in Digras Maharashtra India,Maharashtra,India
MH-149-09-3857,149,9,2,Digras,Agricultural Equipment Tender Supplier,Agricultural Equipment Tender Supplier in Digras Maharashtra India,Maharashtra,India
MH-149-10-3858,149,10,1,Digras,Oem Agricultural Machinery Manufacturer,Oem Agricultural Machinery Manufacturer in Digras Maharashtra India,Maharashtra,India
MH-149-11-3859,149,11,2,Digras,Agricultural Machinery Distributor Near Me,Agricultural Machinery Distributor Near Me in Digras Maharashtra India,Maharashtra,India
MH-149-12-3860,149,12,2,Digras,Agricultural Equipment Wholesale Distributor,Agricultural Equipment Wholesale Distributor in Digras Maharashtra India,Maharashtra,India
MH-149-13-3861,149,13,2,Digras,Bulk Agricultural Machinery Supplier,Bulk Agricultural Machinery Supplier in Digras Maharashtra India,Maharashtra,India
MH-149-14-3862,149,14,3,Digras,Agricultural Machinery Marketplace,Agricultural Machinery Marketplace in Digras Maharashtra India,Maharashtra,India
MH-149-15-3863,149,15,1,Digras,Agricultural Machinery Procurement Company,Agricultural Machinery Procurement Company in Digras Maharashtra India,Maharashtra,India
MH-149-16-3864,149,16,1,Digras,Agricultural Equipment Sourcing Company,Agricultural Equipment Sourcing Company in Digras Maharashtra India,Maharashtra,India
MH-149-17-3865,149,17,2,Digras,Farm Machinery Wholesalers,Farm Machinery Wholesalers in Digras Maharashtra India,Maharashtra,India
MH-149-18-3866,149,18,2,Digras,Agricultural Machinery Supplier,Agricultural Machinery Supplier in Digras Maharashtra India,Maharashtra,India
MH-149-19-3867,149,19,2,Digras,Agricultural Machinery Distributor,Agricultural Machinery Distributor in Digras Maharashtra India,Maharashtra,India
MH-149-20-3868,149,20,2,Digras,Agricultural Machinery Dealer,Agricultural Machinery Dealer in Digras Maharashtra India,Maharashtra,India
MH-149-21-3869,149,21,1,Digras,Agricultural Equipment Exporter,Agricultural Equipment Exporter in Digras Maharashtra India,Maharashtra,India
MH-149-22-3870,149,22,2,Digras,Agricultural Machinery Wholesaler,Agricultural Machinery Wholesaler in Digras Maharashtra India,Maharashtra,India
MH-149-23-3871,149,23,2,Digras,Agricultural Machinery Trader,Agricultural Machinery Trader in Digras Maharashtra India,Maharashtra,India
MH-149-24-3872,149,24,1,Digras,Agricultural Machinery Manufacturer,Agricultural Machinery Manufacturer in Digras Maharashtra India,Maharashtra,India
MH-149-25-3873,149,25,1,Digras,Agricultural Equipment Procurement,Agricultural Equipment Procurement in Digras Maharashtra India,Maharashtra,India
MH-149-26-3874,149,26,1,Digras,Agricultural Machinery Importers,Agricultural Machinery Importers in Digras Maharashtra India,Maharashtra,India
